ISO-10303-21;
HEADER;
/* Generated by software containing ST-Developer
 * from STEP Tools, Inc. (www.steptools.com) 
 */

FILE_DESCRIPTION(
/* description */ (''),
/* implementation_level */ '2;1');

FILE_NAME(
/* name */ 'medium differential gear.step',
/* time_stamp */ '2026-09-19T16:07:46+01:00',
/* author */ (''),
/* organization */ (''),
/* preprocessor_version */ 'ST-DEVELOPER v20.2',
/* originating_system */ 'Autodesk Translation Framework v15.15.0.0',
/* authorisation */ '');

FILE_SCHEMA (('AUTOMOTIVE_DESIGN { 1 0 10303 214 3 1 1 }'));
ENDSEC;

DATA;
#10=MECHANICAL_DESIGN_GEOMETRIC_PRESENTATION_REPRESENTATION('',(#13),#6285);
#11=SHAPE_REPRESENTATION_RELATIONSHIP('SRR','None',#6292,#12);
#12=ADVANCED_BREP_SHAPE_REPRESENTATION('',(#14),#6284);
#13=STYLED_ITEM('',(#6301),#14);
#14=MANIFOLD_SOLID_BREP('medium differential gear',#2239);
#15=FACE_BOUND('',#689,.T.);
#16=FACE_BOUND('',#722,.T.);
#17=PLANE('',#2324);
#18=PLANE('',#2374);
#19=B_SPLINE_SURFACE_WITH_KNOTS('',3,3,((#3400,#3401,#3402,#3403),(#3404,
#3405,#3406,#3407),(#3408,#3409,#3410,#3411),(#3412,#3413,#3414,#3415),
(#3416,#3417,#3418,#3419),(#3420,#3421,#3422,#3423)),.UNSPECIFIED.,.F.,
 .F.,.F.,(4,1,1,4),(4,4),(-1.,-0.5,-0.214285714285714,0.),(0.000217960220377643,
0.201406514136898),.UNSPECIFIED.);
#20=B_SPLINE_SURFACE_WITH_KNOTS('',3,3,((#3446,#3447,#3448,#3449),(#3450,
#3451,#3452,#3453),(#3454,#3455,#3456,#3457),(#3458,#3459,#3460,#3461)),
 .UNSPECIFIED.,.F.,.F.,.F.,(4,4),(4,4),(-0.399369363834011,-0.362870137769437),
(0.00140063871999832,0.20140532061892),.UNSPECIFIED.);
#21=B_SPLINE_SURFACE_WITH_KNOTS('',3,3,((#3473,#3474,#3475,#3476),(#3477,
#3478,#3479,#3480),(#3481,#3482,#3483,#3484),(#3485,#3486,#3487,#3488)),
 .UNSPECIFIED.,.F.,.F.,.F.,(4,4),(4,4),(0.,0.0709556513078888),(0.,0.200492228149774),
 .UNSPECIFIED.);
#22=B_SPLINE_SURFACE_WITH_KNOTS('',3,3,((#3506,#3507,#3508,#3509),(#3510,
#3511,#3512,#3513),(#3514,#3515,#3516,#3517),(#3518,#3519,#3520,#3521),
(#3522,#3523,#3524,#3525),(#3526,#3527,#3528,#3529)),.UNSPECIFIED.,.F.,
 .F.,.F.,(4,1,1,4),(4,4),(-1.,-0.5,-0.214285714285714,0.),(0.000217960220377646,
0.201406514136898),.UNSPECIFIED.);
#23=B_SPLINE_SURFACE_WITH_KNOTS('',3,3,((#3552,#3553,#3554,#3555),(#3556,
#3557,#3558,#3559),(#3560,#3561,#3562,#3563),(#3564,#3565,#3566,#3567),
(#3568,#3569,#3570,#3571),(#3572,#3573,#3574,#3575)),.UNSPECIFIED.,.F.,
 .F.,.F.,(4,1,1,4),(4,4),(-1.,-0.5,-0.214285714285714,0.),(0.000217960220377694,
0.201406514136898),.UNSPECIFIED.);
#24=B_SPLINE_SURFACE_WITH_KNOTS('',3,3,((#3593,#3594,#3595,#3596),(#3597,
#3598,#3599,#3600),(#3601,#3602,#3603,#3604),(#3605,#3606,#3607,#3608)),
 .UNSPECIFIED.,.F.,.F.,.F.,(4,4),(4,4),(-0.399369363834011,-0.362870137769437),
(0.0014006387199983,0.20140532061892),.UNSPECIFIED.);
#25=B_SPLINE_SURFACE_WITH_KNOTS('',3,3,((#3618,#3619,#3620,#3621),(#3622,
#3623,#3624,#3625),(#3626,#3627,#3628,#3629),(#3630,#3631,#3632,#3633)),
 .UNSPECIFIED.,.F.,.F.,.F.,(4,4),(4,4),(-0.399369363834011,-0.362870137769437),
(0.00140063871999837,0.20140532061892),.UNSPECIFIED.);
#26=B_SPLINE_SURFACE_WITH_KNOTS('',3,3,((#3645,#3646,#3647,#3648),(#3649,
#3650,#3651,#3652),(#3653,#3654,#3655,#3656),(#3657,#3658,#3659,#3660)),
 .UNSPECIFIED.,.F.,.F.,.F.,(4,4),(4,4),(0.,0.0709556513078888),(0.,0.200492228149774),
 .UNSPECIFIED.);
#27=B_SPLINE_SURFACE_WITH_KNOTS('',3,3,((#3678,#3679,#3680,#3681),(#3682,
#3683,#3684,#3685),(#3686,#3687,#3688,#3689),(#3690,#3691,#3692,#3693),
(#3694,#3695,#3696,#3697),(#3698,#3699,#3700,#3701)),.UNSPECIFIED.,.F.,
 .F.,.F.,(4,1,1,4),(4,4),(-1.,-0.5,-0.214285714285714,0.),(0.000217960220377654,
0.201406514136898),.UNSPECIFIED.);
#28=B_SPLINE_SURFACE_WITH_KNOTS('',3,3,((#3724,#3725,#3726,#3727),(#3728,
#3729,#3730,#3731),(#3732,#3733,#3734,#3735),(#3736,#3737,#3738,#3739),
(#3740,#3741,#3742,#3743),(#3744,#3745,#3746,#3747)),.UNSPECIFIED.,.F.,
 .F.,.F.,(4,1,1,4),(4,4),(-1.,-0.5,-0.214285714285714,0.),(0.000217960220377663,
0.201406514136898),.UNSPECIFIED.);
#29=B_SPLINE_SURFACE_WITH_KNOTS('',3,3,((#3765,#3766,#3767,#3768),(#3769,
#3770,#3771,#3772),(#3773,#3774,#3775,#3776),(#3777,#3778,#3779,#3780)),
 .UNSPECIFIED.,.F.,.F.,.F.,(4,4),(4,4),(-0.399369363834011,-0.362870137769437),
(0.00140063871999831,0.20140532061892),.UNSPECIFIED.);
#30=B_SPLINE_SURFACE_WITH_KNOTS('',3,3,((#3790,#3791,#3792,#3793),(#3794,
#3795,#3796,#3797),(#3798,#3799,#3800,#3801),(#3802,#3803,#3804,#3805)),
 .UNSPECIFIED.,.F.,.F.,.F.,(4,4),(4,4),(-0.399369363834011,-0.362870137769437),
(0.0014006387199981,0.20140532061892),.UNSPECIFIED.);
#31=B_SPLINE_SURFACE_WITH_KNOTS('',3,3,((#3817,#3818,#3819,#3820),(#3821,
#3822,#3823,#3824),(#3825,#3826,#3827,#3828),(#3829,#3830,#3831,#3832)),
 .UNSPECIFIED.,.F.,.F.,.F.,(4,4),(4,4),(0.,0.0709556513078888),(0.,0.200492228149774),
 .UNSPECIFIED.);
#32=B_SPLINE_SURFACE_WITH_KNOTS('',3,3,((#3850,#3851,#3852,#3853),(#3854,
#3855,#3856,#3857),(#3858,#3859,#3860,#3861),(#3862,#3863,#3864,#3865),
(#3866,#3867,#3868,#3869),(#3870,#3871,#3872,#3873)),.UNSPECIFIED.,.F.,
 .F.,.F.,(4,1,1,4),(4,4),(-1.,-0.5,-0.214285714285714,0.),(0.000217960220377573,
0.201406514136898),.UNSPECIFIED.);
#33=B_SPLINE_SURFACE_WITH_KNOTS('',3,3,((#3896,#3897,#3898,#3899),(#3900,
#3901,#3902,#3903),(#3904,#3905,#3906,#3907),(#3908,#3909,#3910,#3911),
(#3912,#3913,#3914,#3915),(#3916,#3917,#3918,#3919)),.UNSPECIFIED.,.F.,
 .F.,.F.,(4,1,1,4),(4,4),(-1.,-0.5,-0.214285714285714,0.),(0.000217960220377637,
0.201406514136898),.UNSPECIFIED.);
#34=B_SPLINE_SURFACE_WITH_KNOTS('',3,3,((#3937,#3938,#3939,#3940),(#3941,
#3942,#3943,#3944),(#3945,#3946,#3947,#3948),(#3949,#3950,#3951,#3952)),
 .UNSPECIFIED.,.F.,.F.,.F.,(4,4),(4,4),(-0.399369363834011,-0.362870137769437),
(0.00140063871999803,0.20140532061892),.UNSPECIFIED.);
#35=B_SPLINE_SURFACE_WITH_KNOTS('',3,3,((#3964,#3965,#3966,#3967),(#3968,
#3969,#3970,#3971),(#3972,#3973,#3974,#3975),(#3976,#3977,#3978,#3979)),
 .UNSPECIFIED.,.F.,.F.,.F.,(4,4),(4,4),(-0.399369363834011,-0.362870137769437),
(0.00140063871999832,0.20140532061892),.UNSPECIFIED.);
#36=B_SPLINE_SURFACE_WITH_KNOTS('',3,3,((#3991,#3992,#3993,#3994),(#3995,
#3996,#3997,#3998),(#3999,#4000,#4001,#4002),(#4003,#4004,#4005,#4006)),
 .UNSPECIFIED.,.F.,.F.,.F.,(4,4),(4,4),(0.,0.0709556513078888),(0.,0.200492228149774),
 .UNSPECIFIED.);
#37=B_SPLINE_SURFACE_WITH_KNOTS('',3,3,((#4024,#4025,#4026,#4027),(#4028,
#4029,#4030,#4031),(#4032,#4033,#4034,#4035),(#4036,#4037,#4038,#4039),
(#4040,#4041,#4042,#4043),(#4044,#4045,#4046,#4047)),.UNSPECIFIED.,.F.,
 .F.,.F.,(4,1,1,4),(4,4),(-1.,-0.5,-0.214285714285714,0.),(0.000217960220377672,
0.201406514136898),.UNSPECIFIED.);
#38=B_SPLINE_SURFACE_WITH_KNOTS('',3,3,((#4070,#4071,#4072,#4073),(#4074,
#4075,#4076,#4077),(#4078,#4079,#4080,#4081),(#4082,#4083,#4084,#4085),
(#4086,#4087,#4088,#4089),(#4090,#4091,#4092,#4093)),.UNSPECIFIED.,.F.,
 .F.,.F.,(4,1,1,4),(4,4),(-1.,-0.5,-0.214285714285714,0.),(0.000217960220377736,
0.201406514136898),.UNSPECIFIED.);
#39=B_SPLINE_SURFACE_WITH_KNOTS('',3,3,((#4111,#4112,#4113,#4114),(#4115,
#4116,#4117,#4118),(#4119,#4120,#4121,#4122),(#4123,#4124,#4125,#4126)),
 .UNSPECIFIED.,.F.,.F.,.F.,(4,4),(4,4),(-0.399369363834011,-0.362870137769437),
(0.00140063871999804,0.20140532061892),.UNSPECIFIED.);
#40=B_SPLINE_SURFACE_WITH_KNOTS('',3,3,((#4138,#4139,#4140,#4141),(#4142,
#4143,#4144,#4145),(#4146,#4147,#4148,#4149),(#4150,#4151,#4152,#4153)),
 .UNSPECIFIED.,.F.,.F.,.F.,(4,4),(4,4),(-0.399369363834011,-0.362870137769437),
(0.00140063871999829,0.20140532061892),.UNSPECIFIED.);
#41=B_SPLINE_SURFACE_WITH_KNOTS('',3,3,((#4165,#4166,#4167,#4168),(#4169,
#4170,#4171,#4172),(#4173,#4174,#4175,#4176),(#4177,#4178,#4179,#4180)),
 .UNSPECIFIED.,.F.,.F.,.F.,(4,4),(4,4),(0.,0.0709556513078888),(0.,0.200492228149773),
 .UNSPECIFIED.);
#42=B_SPLINE_SURFACE_WITH_KNOTS('',3,3,((#4198,#4199,#4200,#4201),(#4202,
#4203,#4204,#4205),(#4206,#4207,#4208,#4209),(#4210,#4211,#4212,#4213),
(#4214,#4215,#4216,#4217),(#4218,#4219,#4220,#4221)),.UNSPECIFIED.,.F.,
 .F.,.F.,(4,1,1,4),(4,4),(-1.,-0.5,-0.214285714285714,0.),(0.000217960220377533,
0.201406514136898),.UNSPECIFIED.);
#43=B_SPLINE_SURFACE_WITH_KNOTS('',3,3,((#4244,#4245,#4246,#4247),(#4248,
#4249,#4250,#4251),(#4252,#4253,#4254,#4255),(#4256,#4257,#4258,#4259),
(#4260,#4261,#4262,#4263),(#4264,#4265,#4266,#4267)),.UNSPECIFIED.,.F.,
 .F.,.F.,(4,1,1,4),(4,4),(-1.,-0.5,-0.214285714285714,0.),(0.000217960220377585,
0.201406514136898),.UNSPECIFIED.);
#44=B_SPLINE_SURFACE_WITH_KNOTS('',3,3,((#4285,#4286,#4287,#4288),(#4289,
#4290,#4291,#4292),(#4293,#4294,#4295,#4296),(#4297,#4298,#4299,#4300)),
 .UNSPECIFIED.,.F.,.F.,.F.,(4,4),(4,4),(-0.399369363834011,-0.362870137769437),
(0.00140063871999827,0.20140532061892),.UNSPECIFIED.);
#45=B_SPLINE_SURFACE_WITH_KNOTS('',3,3,((#4312,#4313,#4314,#4315),(#4316,
#4317,#4318,#4319),(#4320,#4321,#4322,#4323),(#4324,#4325,#4326,#4327)),
 .UNSPECIFIED.,.F.,.F.,.F.,(4,4),(4,4),(-0.399369363834011,-0.362870137769437),
(0.00140063871999823,0.20140532061892),.UNSPECIFIED.);
#46=B_SPLINE_SURFACE_WITH_KNOTS('',3,3,((#4339,#4340,#4341,#4342),(#4343,
#4344,#4345,#4346),(#4347,#4348,#4349,#4350),(#4351,#4352,#4353,#4354)),
 .UNSPECIFIED.,.F.,.F.,.F.,(4,4),(4,4),(0.,0.0709556513078888),(0.,0.200492228149774),
 .UNSPECIFIED.);
#47=B_SPLINE_SURFACE_WITH_KNOTS('',3,3,((#4372,#4373,#4374,#4375),(#4376,
#4377,#4378,#4379),(#4380,#4381,#4382,#4383),(#4384,#4385,#4386,#4387),
(#4388,#4389,#4390,#4391),(#4392,#4393,#4394,#4395)),.UNSPECIFIED.,.F.,
 .F.,.F.,(4,1,1,4),(4,4),(-1.,-0.5,-0.214285714285714,0.),(0.000217960220377471,
0.201406514136898),.UNSPECIFIED.);
#48=B_SPLINE_SURFACE_WITH_KNOTS('',3,3,((#4418,#4419,#4420,#4421),(#4422,
#4423,#4424,#4425),(#4426,#4427,#4428,#4429),(#4430,#4431,#4432,#4433),
(#4434,#4435,#4436,#4437),(#4438,#4439,#4440,#4441)),.UNSPECIFIED.,.F.,
 .F.,.F.,(4,1,1,4),(4,4),(-1.,-0.5,-0.214285714285714,0.),(0.000217960220377508,
0.201406514136898),.UNSPECIFIED.);
#49=B_SPLINE_SURFACE_WITH_KNOTS('',3,3,((#4459,#4460,#4461,#4462),(#4463,
#4464,#4465,#4466),(#4467,#4468,#4469,#4470),(#4471,#4472,#4473,#4474)),
 .UNSPECIFIED.,.F.,.F.,.F.,(4,4),(4,4),(-0.399369363834011,-0.362870137769437),
(0.00140063871999819,0.20140532061892),.UNSPECIFIED.);
#50=B_SPLINE_SURFACE_WITH_KNOTS('',3,3,((#4486,#4487,#4488,#4489),(#4490,
#4491,#4492,#4493),(#4494,#4495,#4496,#4497),(#4498,#4499,#4500,#4501)),
 .UNSPECIFIED.,.F.,.F.,.F.,(4,4),(4,4),(-0.399369363834011,-0.362870137769437),
(0.00140063871999824,0.20140532061892),.UNSPECIFIED.);
#51=B_SPLINE_SURFACE_WITH_KNOTS('',3,3,((#4513,#4514,#4515,#4516),(#4517,
#4518,#4519,#4520),(#4521,#4522,#4523,#4524),(#4525,#4526,#4527,#4528)),
 .UNSPECIFIED.,.F.,.F.,.F.,(4,4),(4,4),(0.,0.0709556513078888),(0.,0.200492228149774),
 .UNSPECIFIED.);
#52=B_SPLINE_SURFACE_WITH_KNOTS('',3,3,((#4546,#4547,#4548,#4549),(#4550,
#4551,#4552,#4553),(#4554,#4555,#4556,#4557),(#4558,#4559,#4560,#4561),
(#4562,#4563,#4564,#4565),(#4566,#4567,#4568,#4569)),.UNSPECIFIED.,.F.,
 .F.,.F.,(4,1,1,4),(4,4),(-1.,-0.5,-0.214285714285714,0.),(0.000217960220377537,
0.201406514136898),.UNSPECIFIED.);
#53=B_SPLINE_SURFACE_WITH_KNOTS('',3,3,((#4592,#4593,#4594,#4595),(#4596,
#4597,#4598,#4599),(#4600,#4601,#4602,#4603),(#4604,#4605,#4606,#4607),
(#4608,#4609,#4610,#4611),(#4612,#4613,#4614,#4615)),.UNSPECIFIED.,.F.,
 .F.,.F.,(4,1,1,4),(4,4),(-1.,-0.5,-0.214285714285714,0.),(0.000217960220377486,
0.201406514136898),.UNSPECIFIED.);
#54=B_SPLINE_SURFACE_WITH_KNOTS('',3,3,((#4633,#4634,#4635,#4636),(#4637,
#4638,#4639,#4640),(#4641,#4642,#4643,#4644),(#4645,#4646,#4647,#4648)),
 .UNSPECIFIED.,.F.,.F.,.F.,(4,4),(4,4),(-0.399369363834011,-0.362870137769437),
(0.00140063871999828,0.20140532061892),.UNSPECIFIED.);
#55=B_SPLINE_SURFACE_WITH_KNOTS('',3,3,((#4660,#4661,#4662,#4663),(#4664,
#4665,#4666,#4667),(#4668,#4669,#4670,#4671),(#4672,#4673,#4674,#4675)),
 .UNSPECIFIED.,.F.,.F.,.F.,(4,4),(4,4),(-0.399369363834011,-0.362870137769437),
(0.00140063871999816,0.20140532061892),.UNSPECIFIED.);
#56=B_SPLINE_SURFACE_WITH_KNOTS('',3,3,((#4687,#4688,#4689,#4690),(#4691,
#4692,#4693,#4694),(#4695,#4696,#4697,#4698),(#4699,#4700,#4701,#4702)),
 .UNSPECIFIED.,.F.,.F.,.F.,(4,4),(4,4),(0.,0.0709556513078888),(0.,0.200492228149774),
 .UNSPECIFIED.);
#57=B_SPLINE_SURFACE_WITH_KNOTS('',3,3,((#4720,#4721,#4722,#4723),(#4724,
#4725,#4726,#4727),(#4728,#4729,#4730,#4731),(#4732,#4733,#4734,#4735),
(#4736,#4737,#4738,#4739),(#4740,#4741,#4742,#4743)),.UNSPECIFIED.,.F.,
 .F.,.F.,(4,1,1,4),(4,4),(-1.,-0.5,-0.214285714285714,0.),(0.000217960220377481,
0.201406514136898),.UNSPECIFIED.);
#58=B_SPLINE_SURFACE_WITH_KNOTS('',3,3,((#4761,#4762,#4763,#4764),(#4765,
#4766,#4767,#4768),(#4769,#4770,#4771,#4772),(#4773,#4774,#4775,#4776)),
 .UNSPECIFIED.,.F.,.F.,.F.,(4,4),(4,4),(-0.399369363834011,-0.362870137769437),
(0.00140063871999787,0.20140532061892),.UNSPECIFIED.);
#59=B_SPLINE_SURFACE_WITH_KNOTS('',3,3,((#4788,#4789,#4790,#4791),(#4792,
#4793,#4794,#4795),(#4796,#4797,#4798,#4799),(#4800,#4801,#4802,#4803)),
 .UNSPECIFIED.,.F.,.F.,.F.,(4,4),(4,4),(0.362870137769437,0.399369363834011),
(0.00140063871999821,0.201405201370577),.UNSPECIFIED.);
#60=B_SPLINE_SURFACE_WITH_KNOTS('',3,3,((#4820,#4821,#4822,#4823),(#4824,
#4825,#4826,#4827),(#4828,#4829,#4830,#4831),(#4832,#4833,#4834,#4835),
(#4836,#4837,#4838,#4839),(#4840,#4841,#4842,#4843)),.UNSPECIFIED.,.F.,
 .F.,.F.,(4,1,1,4),(4,4),(0.,0.285714285714286,0.5,1.),(0.0002179602203775,
0.201406831883308),.UNSPECIFIED.);
#61=B_SPLINE_SURFACE_WITH_KNOTS('',3,3,((#5205,#5206,#5207,#5208),(#5209,
#5210,#5211,#5212),(#5213,#5214,#5215,#5216),(#5217,#5218,#5219,#5220),
(#5221,#5222,#5223,#5224),(#5225,#5226,#5227,#5228)),.UNSPECIFIED.,.F.,
 .F.,.F.,(4,1,1,4),(4,4),(0.,0.285714285714286,0.5,1.),(0.000217960220377479,
0.20140683188331),.UNSPECIFIED.);
#62=B_SPLINE_SURFACE_WITH_KNOTS('',3,3,((#5233,#5234,#5235,#5236),(#5237,
#5238,#5239,#5240),(#5241,#5242,#5243,#5244),(#5245,#5246,#5247,#5248)),
 .UNSPECIFIED.,.F.,.F.,.F.,(4,4),(4,4),(0.362870137769437,0.399369363834011),
(0.00140063871999827,0.201405201370577),.UNSPECIFIED.);
#63=B_SPLINE_SURFACE_WITH_KNOTS('',3,3,((#5255,#5256,#5257,#5258),(#5259,
#5260,#5261,#5262),(#5263,#5264,#5265,#5266),(#5267,#5268,#5269,#5270),
(#5271,#5272,#5273,#5274),(#5275,#5276,#5277,#5278)),.UNSPECIFIED.,.F.,
 .F.,.F.,(4,1,1,4),(4,4),(0.,0.285714285714286,0.5,1.),(0.000217960220377492,
0.20140683188331),.UNSPECIFIED.);
#64=B_SPLINE_SURFACE_WITH_KNOTS('',3,3,((#5283,#5284,#5285,#5286),(#5287,
#5288,#5289,#5290),(#5291,#5292,#5293,#5294),(#5295,#5296,#5297,#5298)),
 .UNSPECIFIED.,.F.,.F.,.F.,(4,4),(4,4),(0.362870137769437,0.399369363834011),
(0.00140063871999818,0.201405201370577),.UNSPECIFIED.);
#65=B_SPLINE_SURFACE_WITH_KNOTS('',3,3,((#5305,#5306,#5307,#5308),(#5309,
#5310,#5311,#5312),(#5313,#5314,#5315,#5316),(#5317,#5318,#5319,#5320)),
 .UNSPECIFIED.,.F.,.F.,.F.,(4,4),(4,4),(0.362870137769437,0.399369363834011),
(0.00140063871999824,0.201405201370577),.UNSPECIFIED.);
#66=B_SPLINE_SURFACE_WITH_KNOTS('',3,3,((#5331,#5332,#5333,#5334),(#5335,
#5336,#5337,#5338),(#5339,#5340,#5341,#5342),(#5343,#5344,#5345,#5346),
(#5347,#5348,#5349,#5350),(#5351,#5352,#5353,#5354)),.UNSPECIFIED.,.F.,
 .F.,.F.,(4,1,1,4),(4,4),(0.,0.285714285714286,0.5,1.),(0.000217960220377506,
0.20140683188331),.UNSPECIFIED.);
#67=B_SPLINE_SURFACE_WITH_KNOTS('',3,3,((#5359,#5360,#5361,#5362),(#5363,
#5364,#5365,#5366),(#5367,#5368,#5369,#5370),(#5371,#5372,#5373,#5374)),
 .UNSPECIFIED.,.F.,.F.,.F.,(4,4),(4,4),(0.362870137769437,0.399369363834011),
(0.0014006387199983,0.201405201370577),.UNSPECIFIED.);
#68=B_SPLINE_SURFACE_WITH_KNOTS('',3,3,((#5381,#5382,#5383,#5384),(#5385,
#5386,#5387,#5388),(#5389,#5390,#5391,#5392),(#5393,#5394,#5395,#5396)),
 .UNSPECIFIED.,.F.,.F.,.F.,(4,4),(4,4),(0.362870137769437,0.399369363834011),
(0.00140063871999817,0.201405201370577),.UNSPECIFIED.);
#69=B_SPLINE_SURFACE_WITH_KNOTS('',3,3,((#5407,#5408,#5409,#5410),(#5411,
#5412,#5413,#5414),(#5415,#5416,#5417,#5418),(#5419,#5420,#5421,#5422),
(#5423,#5424,#5425,#5426),(#5427,#5428,#5429,#5430)),.UNSPECIFIED.,.F.,
 .F.,.F.,(4,1,1,4),(4,4),(0.,0.285714285714286,0.5,1.),(0.00021796022037763,
0.201406831883308),.UNSPECIFIED.);
#70=B_SPLINE_SURFACE_WITH_KNOTS('',3,3,((#5435,#5436,#5437,#5438),(#5439,
#5440,#5441,#5442),(#5443,#5444,#5445,#5446),(#5447,#5448,#5449,#5450)),
 .UNSPECIFIED.,.F.,.F.,.F.,(4,4),(4,4),(0.362870137769437,0.399369363834011),
(0.00140063871999832,0.201405201370577),.UNSPECIFIED.);
#71=B_SPLINE_SURFACE_WITH_KNOTS('',3,3,((#5457,#5458,#5459,#5460),(#5461,
#5462,#5463,#5464),(#5465,#5466,#5467,#5468),(#5469,#5470,#5471,#5472)),
 .UNSPECIFIED.,.F.,.F.,.F.,(4,4),(4,4),(0.362870137769437,0.399369363834011),
(0.00140063871999829,0.201405201370577),.UNSPECIFIED.);
#72=B_SPLINE_SURFACE_WITH_KNOTS('',3,3,((#5483,#5484,#5485,#5486),(#5487,
#5488,#5489,#5490),(#5491,#5492,#5493,#5494),(#5495,#5496,#5497,#5498),
(#5499,#5500,#5501,#5502),(#5503,#5504,#5505,#5506)),.UNSPECIFIED.,.F.,
 .F.,.F.,(4,1,1,4),(4,4),(0.,0.285714285714286,0.5,1.),(0.000217960220377791,
0.20140683188331),.UNSPECIFIED.);
#73=B_SPLINE_SURFACE_WITH_KNOTS('',3,3,((#5511,#5512,#5513,#5514),(#5515,
#5516,#5517,#5518),(#5519,#5520,#5521,#5522),(#5523,#5524,#5525,#5526)),
 .UNSPECIFIED.,.F.,.F.,.F.,(4,4),(4,4),(0.362870137769437,0.399369363834011),
(0.00140063871999825,0.201405201370577),.UNSPECIFIED.);
#74=B_SPLINE_SURFACE_WITH_KNOTS('',3,3,((#5533,#5534,#5535,#5536),(#5537,
#5538,#5539,#5540),(#5541,#5542,#5543,#5544),(#5545,#5546,#5547,#5548)),
 .UNSPECIFIED.,.F.,.F.,.F.,(4,4),(4,4),(0.362870137769437,0.399369363834011),
(0.00140063871999819,0.201405201370577),.UNSPECIFIED.);
#75=B_SPLINE_SURFACE_WITH_KNOTS('',3,3,((#5559,#5560,#5561,#5562),(#5563,
#5564,#5565,#5566),(#5567,#5568,#5569,#5570),(#5571,#5572,#5573,#5574),
(#5575,#5576,#5577,#5578),(#5579,#5580,#5581,#5582)),.UNSPECIFIED.,.F.,
 .F.,.F.,(4,1,1,4),(4,4),(0.,0.285714285714286,0.5,1.),(0.000217960220377734,
0.201406831883308),.UNSPECIFIED.);
#76=B_SPLINE_SURFACE_WITH_KNOTS('',3,3,((#5587,#5588,#5589,#5590),(#5591,
#5592,#5593,#5594),(#5595,#5596,#5597,#5598),(#5599,#5600,#5601,#5602)),
 .UNSPECIFIED.,.F.,.F.,.F.,(4,4),(4,4),(0.362870137769437,0.399369363834011),
(0.00140063871999827,0.201405201370577),.UNSPECIFIED.);
#77=B_SPLINE_SURFACE_WITH_KNOTS('',3,3,((#5609,#5610,#5611,#5612),(#5613,
#5614,#5615,#5616),(#5617,#5618,#5619,#5620),(#5621,#5622,#5623,#5624)),
 .UNSPECIFIED.,.F.,.F.,.F.,(4,4),(4,4),(0.362870137769437,0.399369363834011),
(0.00140063871999836,0.201405201370577),.UNSPECIFIED.);
#78=B_SPLINE_SURFACE_WITH_KNOTS('',3,3,((#5633,#5634,#5635,#5636),(#5637,
#5638,#5639,#5640),(#5641,#5642,#5643,#5644),(#5645,#5646,#5647,#5648),
(#5649,#5650,#5651,#5652),(#5653,#5654,#5655,#5656)),.UNSPECIFIED.,.F.,
 .F.,.F.,(4,1,1,4),(4,4),(0.,0.285714285714286,0.5,1.),(0.000217960220377758,
0.20140683188331),.UNSPECIFIED.);
#79=B_SPLINE_SURFACE_WITH_KNOTS('',3,3,((#5661,#5662,#5663,#5664),(#5665,
#5666,#5667,#5668),(#5669,#5670,#5671,#5672),(#5673,#5674,#5675,#5676)),
 .UNSPECIFIED.,.F.,.F.,.F.,(4,4),(4,4),(0.362870137769437,0.399369363834011),
(0.00140063871999835,0.201405201370577),.UNSPECIFIED.);
#80=B_SPLINE_SURFACE_WITH_KNOTS('',3,3,((#5683,#5684,#5685,#5686),(#5687,
#5688,#5689,#5690),(#5691,#5692,#5693,#5694),(#5695,#5696,#5697,#5698)),
 .UNSPECIFIED.,.F.,.F.,.F.,(4,4),(4,4),(0.362870137769437,0.399369363834011),
(0.0014006387199983,0.201405201370577),.UNSPECIFIED.);
#81=B_SPLINE_SURFACE_WITH_KNOTS('',3,3,((#5707,#5708,#5709,#5710),(#5711,
#5712,#5713,#5714),(#5715,#5716,#5717,#5718),(#5719,#5720,#5721,#5722),
(#5723,#5724,#5725,#5726),(#5727,#5728,#5729,#5730)),.UNSPECIFIED.,.F.,
 .F.,.F.,(4,1,1,4),(4,4),(0.,0.285714285714286,0.5,1.),(0.000217960220377821,
0.201406831883308),.UNSPECIFIED.);
#82=B_SPLINE_SURFACE_WITH_KNOTS('',3,3,((#5735,#5736,#5737,#5738),(#5739,
#5740,#5741,#5742),(#5743,#5744,#5745,#5746),(#5747,#5748,#5749,#5750)),
 .UNSPECIFIED.,.F.,.F.,.F.,(4,4),(4,4),(0.362870137769437,0.399369363834011),
(0.00140063871999835,0.201405201370577),.UNSPECIFIED.);
#83=B_SPLINE_SURFACE_WITH_KNOTS('',3,3,((#5757,#5758,#5759,#5760),(#5761,
#5762,#5763,#5764),(#5765,#5766,#5767,#5768),(#5769,#5770,#5771,#5772)),
 .UNSPECIFIED.,.F.,.F.,.F.,(4,4),(4,4),(0.,0.0709556513078888),(0.,0.200492228149774),
 .UNSPECIFIED.);
#84=B_SPLINE_SURFACE_WITH_KNOTS('',3,3,((#5777,#5778,#5779,#5780),(#5781,
#5782,#5783,#5784),(#5785,#5786,#5787,#5788),(#5789,#5790,#5791,#5792)),
 .UNSPECIFIED.,.F.,.F.,.F.,(4,4),(4,4),(0.362870137769437,0.399369363834011),
(0.0014006387199983,0.201405201370577),.UNSPECIFIED.);
#85=B_SPLINE_SURFACE_WITH_KNOTS('',3,3,((#5801,#5802,#5803,#5804),(#5805,
#5806,#5807,#5808),(#5809,#5810,#5811,#5812),(#5813,#5814,#5815,#5816),
(#5817,#5818,#5819,#5820),(#5821,#5822,#5823,#5824)),.UNSPECIFIED.,.F.,
 .F.,.F.,(4,1,1,4),(4,4),(0.,0.285714285714286,0.5,1.),(0.000217960220377784,
0.20140683188331),.UNSPECIFIED.);
#86=B_SPLINE_SURFACE_WITH_KNOTS('',3,3,((#5829,#5830,#5831,#5832),(#5833,
#5834,#5835,#5836),(#5837,#5838,#5839,#5840),(#5841,#5842,#5843,#5844)),
 .UNSPECIFIED.,.F.,.F.,.F.,(4,4),(4,4),(0.362870137769437,0.399369363834011),
(0.00140063871999826,0.201405201370577),.UNSPECIFIED.);
#87=B_SPLINE_SURFACE_WITH_KNOTS('',3,3,((#5851,#5852,#5853,#5854),(#5855,
#5856,#5857,#5858),(#5859,#5860,#5861,#5862),(#5863,#5864,#5865,#5866)),
 .UNSPECIFIED.,.F.,.F.,.F.,(4,4),(4,4),(0.,0.0709556513078888),(0.,0.200492228149774),
 .UNSPECIFIED.);
#88=B_SPLINE_SURFACE_WITH_KNOTS('',3,3,((#5871,#5872,#5873,#5874),(#5875,
#5876,#5877,#5878),(#5879,#5880,#5881,#5882),(#5883,#5884,#5885,#5886),
(#5887,#5888,#5889,#5890),(#5891,#5892,#5893,#5894)),.UNSPECIFIED.,.F.,
 .F.,.F.,(4,1,1,4),(4,4),(0.,0.285714285714286,0.5,1.),(0.000217960220377768,
0.201406831883308),.UNSPECIFIED.);
#89=B_SPLINE_SURFACE_WITH_KNOTS('',3,3,((#5915,#5916,#5917,#5918),(#5919,
#5920,#5921,#5922),(#5923,#5924,#5925,#5926),(#5927,#5928,#5929,#5930)),
 .UNSPECIFIED.,.F.,.F.,.F.,(4,4),(4,4),(0.,0.0709556513078888),(0.,0.200492228149774),
 .UNSPECIFIED.);
#90=B_SPLINE_SURFACE_WITH_KNOTS('',3,3,((#5935,#5936,#5937,#5938),(#5939,
#5940,#5941,#5942),(#5943,#5944,#5945,#5946),(#5947,#5948,#5949,#5950),
(#5951,#5952,#5953,#5954),(#5955,#5956,#5957,#5958)),.UNSPECIFIED.,.F.,
 .F.,.F.,(4,1,1,4),(4,4),(0.,0.285714285714286,0.5,1.),(0.000217960220377753,
0.201406831883308),.UNSPECIFIED.);
#91=B_SPLINE_SURFACE_WITH_KNOTS('',3,3,((#5961,#5962,#5963,#5964),(#5965,
#5966,#5967,#5968),(#5969,#5970,#5971,#5972),(#5973,#5974,#5975,#5976)),
 .UNSPECIFIED.,.F.,.F.,.F.,(4,4),(4,4),(0.,0.0709556513078888),(0.,0.200492228149774),
 .UNSPECIFIED.);
#92=B_SPLINE_SURFACE_WITH_KNOTS('',3,3,((#5981,#5982,#5983,#5984),(#5985,
#5986,#5987,#5988),(#5989,#5990,#5991,#5992),(#5993,#5994,#5995,#5996),
(#5997,#5998,#5999,#6000),(#6001,#6002,#6003,#6004)),.UNSPECIFIED.,.F.,
 .F.,.F.,(4,1,1,4),(4,4),(0.,0.285714285714286,0.5,1.),(0.000217960220377667,
0.20140683188331),.UNSPECIFIED.);
#93=B_SPLINE_SURFACE_WITH_KNOTS('',3,3,((#6007,#6008,#6009,#6010),(#6011,
#6012,#6013,#6014),(#6015,#6016,#6017,#6018),(#6019,#6020,#6021,#6022)),
 .UNSPECIFIED.,.F.,.F.,.F.,(4,4),(4,4),(0.,0.0709556513078888),(0.,0.200492228149774),
 .UNSPECIFIED.);
#94=B_SPLINE_SURFACE_WITH_KNOTS('',3,3,((#6027,#6028,#6029,#6030),(#6031,
#6032,#6033,#6034),(#6035,#6036,#6037,#6038),(#6039,#6040,#6041,#6042),
(#6043,#6044,#6045,#6046),(#6047,#6048,#6049,#6050)),.UNSPECIFIED.,.F.,
 .F.,.F.,(4,1,1,4),(4,4),(0.,0.285714285714286,0.5,1.),(0.000217960220377706,
0.201406831883309),.UNSPECIFIED.);
#95=B_SPLINE_SURFACE_WITH_KNOTS('',3,3,((#6053,#6054,#6055,#6056),(#6057,
#6058,#6059,#6060),(#6061,#6062,#6063,#6064),(#6065,#6066,#6067,#6068)),
 .UNSPECIFIED.,.F.,.F.,.F.,(4,4),(4,4),(0.,0.0709556513078888),(0.,0.200492228149774),
 .UNSPECIFIED.);
#96=B_SPLINE_SURFACE_WITH_KNOTS('',3,3,((#6073,#6074,#6075,#6076),(#6077,
#6078,#6079,#6080),(#6081,#6082,#6083,#6084),(#6085,#6086,#6087,#6088),
(#6089,#6090,#6091,#6092),(#6093,#6094,#6095,#6096)),.UNSPECIFIED.,.F.,
 .F.,.F.,(4,1,1,4),(4,4),(0.,0.285714285714286,0.5,1.),(0.000217960220377547,
0.20140683188331),.UNSPECIFIED.);
#97=B_SPLINE_SURFACE_WITH_KNOTS('',3,3,((#6099,#6100,#6101,#6102),(#6103,
#6104,#6105,#6106),(#6107,#6108,#6109,#6110),(#6111,#6112,#6113,#6114)),
 .UNSPECIFIED.,.F.,.F.,.F.,(4,4),(4,4),(0.,0.0709556513078888),(0.,0.200492228149774),
 .UNSPECIFIED.);
#98=B_SPLINE_SURFACE_WITH_KNOTS('',3,3,((#6119,#6120,#6121,#6122),(#6123,
#6124,#6125,#6126),(#6127,#6128,#6129,#6130),(#6131,#6132,#6133,#6134),
(#6135,#6136,#6137,#6138),(#6139,#6140,#6141,#6142)),.UNSPECIFIED.,.F.,
 .F.,.F.,(4,1,1,4),(4,4),(0.,0.285714285714286,0.5,1.),(0.000217960220377557,
0.20140683188331),.UNSPECIFIED.);
#99=B_SPLINE_SURFACE_WITH_KNOTS('',3,3,((#6145,#6146,#6147,#6148),(#6149,
#6150,#6151,#6152),(#6153,#6154,#6155,#6156),(#6157,#6158,#6159,#6160)),
 .UNSPECIFIED.,.F.,.F.,.F.,(4,4),(4,4),(0.,0.0709556513078888),(0.,0.200492228149774),
 .UNSPECIFIED.);
#100=B_SPLINE_SURFACE_WITH_KNOTS('',3,3,((#6165,#6166,#6167,#6168),(#6169,
#6170,#6171,#6172),(#6173,#6174,#6175,#6176),(#6177,#6178,#6179,#6180),
(#6181,#6182,#6183,#6184),(#6185,#6186,#6187,#6188)),.UNSPECIFIED.,.F.,
 .F.,.F.,(4,1,1,4),(4,4),(0.,0.285714285714286,0.5,1.),(0.000217960220377523,
0.201406831883307),.UNSPECIFIED.);
#101=B_SPLINE_SURFACE_WITH_KNOTS('',3,3,((#6197,#6198,#6199,#6200),(#6201,
#6202,#6203,#6204),(#6205,#6206,#6207,#6208),(#6209,#6210,#6211,#6212)),
 .UNSPECIFIED.,.F.,.F.,.F.,(4,4),(4,4),(-0.399369363834011,-0.362870137769437),
(0.00140063871999794,0.20140532061892),.UNSPECIFIED.);
#102=B_SPLINE_SURFACE_WITH_KNOTS('',3,3,((#6217,#6218,#6219,#6220),(#6221,
#6222,#6223,#6224),(#6225,#6226,#6227,#6228),(#6229,#6230,#6231,#6232),
(#6233,#6234,#6235,#6236),(#6237,#6238,#6239,#6240)),.UNSPECIFIED.,.F.,
 .F.,.F.,(4,1,1,4),(4,4),(-1.,-0.5,-0.214285714285714,0.),(0.000217960220377504,
0.201406514136898),.UNSPECIFIED.);
#103=B_SPLINE_SURFACE_WITH_KNOTS('',3,3,((#6245,#6246,#6247,#6248),(#6249,
#6250,#6251,#6252),(#6253,#6254,#6255,#6256),(#6257,#6258,#6259,#6260)),
 .UNSPECIFIED.,.F.,.F.,.F.,(4,4),(4,4),(0.,0.0709556513078888),(0.,0.200492228149774),
 .UNSPECIFIED.);
#104=B_SPLINE_CURVE_WITH_KNOTS('',3,(#2638,#2639,#2640,#2641,#2642,#2643,
#2644,#2645),.UNSPECIFIED.,.F.,.F.,(4,2,2,4),(-0.00229903726239639,-0.00121407246499079,
-0.000210931844859584,0.),.UNSPECIFIED.);
#105=B_SPLINE_CURVE_WITH_KNOTS('',3,(#2647,#2648,#2649,#2650),
 .UNSPECIFIED.,.F.,.F.,(4,4),(-0.0168483422547262,0.),.UNSPECIFIED.);
#106=B_SPLINE_CURVE_WITH_KNOTS('',3,(#2652,#2653,#2654,#2655),
 .UNSPECIFIED.,.F.,.F.,(4,4),(-0.0336970827568474,-0.0168485413654615),
 .UNSPECIFIED.);
#107=B_SPLINE_CURVE_WITH_KNOTS('',3,(#2657,#2658,#2659,#2660,#2661,#2662,
#2663,#2664,#2665,#2666,#2667,#2668),.UNSPECIFIED.,.F.,.F.,(4,2,2,2,2,4),
(-0.145288012810226,-0.141685204100398,-0.137213836645073,-0.121837107967299,
-0.0789404339072099,0.),.UNSPECIFIED.);
#108=B_SPLINE_CURVE_WITH_KNOTS('',3,(#2670,#2671,#2672,#2673),
 .UNSPECIFIED.,.F.,.F.,(4,4),(-0.035151961333481,0.),.UNSPECIFIED.);
#109=B_SPLINE_CURVE_WITH_KNOTS('',3,(#2676,#2677,#2678,#2679),
 .UNSPECIFIED.,.F.,.F.,(4,4),(-0.435848169358171,-0.387115369464953),
 .UNSPECIFIED.);
#110=B_SPLINE_CURVE_WITH_KNOTS('',3,(#2683,#2684,#2685,#2686),
 .UNSPECIFIED.,.F.,.F.,(4,4),(-0.0351519613335956,0.),.UNSPECIFIED.);
#111=B_SPLINE_CURVE_WITH_KNOTS('',3,(#2690,#2691,#2692,#2693),
 .UNSPECIFIED.,.F.,.F.,(4,4),(-0.435848169359062,-0.387115369465878),
 .UNSPECIFIED.);
#112=B_SPLINE_CURVE_WITH_KNOTS('',3,(#2695,#2696,#2697,#2698,#2699,#2700,
#2701,#2702),.UNSPECIFIED.,.F.,.F.,(4,2,2,4),(-0.00229903727050552,-0.00121407246821963,
-0.000210931844865632,0.),.UNSPECIFIED.);
#113=B_SPLINE_CURVE_WITH_KNOTS('',3,(#2704,#2705,#2706,#2707),
 .UNSPECIFIED.,.F.,.F.,(4,4),(-0.0168483422547279,0.),.UNSPECIFIED.);
#114=B_SPLINE_CURVE_WITH_KNOTS('',3,(#2709,#2710,#2711,#2712),
 .UNSPECIFIED.,.F.,.F.,(4,4),(-0.0336970827568684,-0.0168485413654632),
 .UNSPECIFIED.);
#115=B_SPLINE_CURVE_WITH_KNOTS('',3,(#2713,#2714,#2715,#2716,#2717,#2718,
#2719,#2720,#2721,#2722,#2723,#2724),.UNSPECIFIED.,.F.,.F.,(4,2,2,2,2,4),
(-0.1452880128102,-0.141685204100379,-0.137213836645056,-0.121837107967286,
-0.0789404339072098,0.),.UNSPECIFIED.);
#116=B_SPLINE_CURVE_WITH_KNOTS('',3,(#2728,#2729,#2730,#2731),
 .UNSPECIFIED.,.F.,.F.,(4,4),(-0.0351519613336221,0.),.UNSPECIFIED.);
#117=B_SPLINE_CURVE_WITH_KNOTS('',3,(#2735,#2736,#2737,#2738),
 .UNSPECIFIED.,.F.,.F.,(4,4),(-0.435848169360797,-0.387115369467622),
 .UNSPECIFIED.);
#118=B_SPLINE_CURVE_WITH_KNOTS('',3,(#2740,#2741,#2742,#2743,#2744,#2745,
#2746,#2747),.UNSPECIFIED.,.F.,.F.,(4,2,2,4),(-0.00229903727074824,-0.001214072468347,
-0.000210931844886207,0.),.UNSPECIFIED.);
#119=B_SPLINE_CURVE_WITH_KNOTS('',3,(#2749,#2750,#2751,#2752),
 .UNSPECIFIED.,.F.,.F.,(4,4),(-0.0168483422547308,0.),.UNSPECIFIED.);
#120=B_SPLINE_CURVE_WITH_KNOTS('',3,(#2754,#2755,#2756,#2757),
 .UNSPECIFIED.,.F.,.F.,(4,4),(-0.0336970827568604,-0.0168485413654663),
 .UNSPECIFIED.);
#121=B_SPLINE_CURVE_WITH_KNOTS('',3,(#2758,#2759,#2760,#2761,#2762,#2763,
#2764,#2765,#2766,#2767,#2768,#2769),.UNSPECIFIED.,.F.,.F.,(4,2,2,2,2,4),
(-0.145288012809701,-0.141685204099923,-0.13721383664466,-0.121837107967017,
-0.0789404339071631,0.),.UNSPECIFIED.);
#122=B_SPLINE_CURVE_WITH_KNOTS('',3,(#2773,#2774,#2775,#2776),
 .UNSPECIFIED.,.F.,.F.,(4,4),(-0.0351519613334603,0.),.UNSPECIFIED.);
#123=B_SPLINE_CURVE_WITH_KNOTS('',3,(#2780,#2781,#2782,#2783),
 .UNSPECIFIED.,.F.,.F.,(4,4),(-0.435848169358714,-0.387115369465761),
 .UNSPECIFIED.);
#124=B_SPLINE_CURVE_WITH_KNOTS('',3,(#2785,#2786,#2787,#2788,#2789,#2790,
#2791,#2792),.UNSPECIFIED.,.F.,.F.,(4,2,2,4),(-0.00229903729809383,-0.00121407248126647,
-0.000210931846268027,0.),.UNSPECIFIED.);
#125=B_SPLINE_CURVE_WITH_KNOTS('',3,(#2794,#2795,#2796,#2797),
 .UNSPECIFIED.,.F.,.F.,(4,4),(-0.016848342254731,0.),.UNSPECIFIED.);
#126=B_SPLINE_CURVE_WITH_KNOTS('',3,(#2799,#2800,#2801,#2802),
 .UNSPECIFIED.,.F.,.F.,(4,4),(-0.0336970827568663,-0.0168485413654665),
 .UNSPECIFIED.);
#127=B_SPLINE_CURVE_WITH_KNOTS('',3,(#2803,#2804,#2805,#2806,#2807,#2808,
#2809,#2810,#2811,#2812,#2813,#2814),.UNSPECIFIED.,.F.,.F.,(4,2,2,2,2,4),
(-0.145288012810035,-0.141685204100156,-0.137213836644844,-0.121837107967151,
-0.0789404339071779,0.),.UNSPECIFIED.);
#128=B_SPLINE_CURVE_WITH_KNOTS('',3,(#2818,#2819,#2820,#2821),
 .UNSPECIFIED.,.F.,.F.,(4,4),(-0.0351519613335201,0.),.UNSPECIFIED.);
#129=B_SPLINE_CURVE_WITH_KNOTS('',3,(#2825,#2826,#2827,#2828),
 .UNSPECIFIED.,.F.,.F.,(4,4),(-0.435848169357387,-0.387115369464555),
 .UNSPECIFIED.);
#130=B_SPLINE_CURVE_WITH_KNOTS('',3,(#2830,#2831,#2832,#2833,#2834,#2835,
#2836,#2837),.UNSPECIFIED.,.F.,.F.,(4,2,2,4),(-0.00229903726694417,-0.00121407246679699,
-0.000210931844858575,0.),.UNSPECIFIED.);
#131=B_SPLINE_CURVE_WITH_KNOTS('',3,(#2839,#2840,#2841,#2842),
 .UNSPECIFIED.,.F.,.F.,(4,4),(-0.0168483422547253,0.),.UNSPECIFIED.);
#132=B_SPLINE_CURVE_WITH_KNOTS('',3,(#2844,#2845,#2846,#2847),
 .UNSPECIFIED.,.F.,.F.,(4,4),(-0.0336970827568533,-0.0168485413654606),
 .UNSPECIFIED.);
#133=B_SPLINE_CURVE_WITH_KNOTS('',3,(#2848,#2849,#2850,#2851,#2852,#2853,
#2854,#2855,#2856,#2857,#2858,#2859),.UNSPECIFIED.,.F.,.F.,(4,2,2,2,2,4),
(-0.145288012810417,-0.14168520410055,-0.137213836645168,-0.121837107967369,
-0.0789404339072186,0.),.UNSPECIFIED.);
#134=B_SPLINE_CURVE_WITH_KNOTS('',3,(#2863,#2864,#2865,#2866),
 .UNSPECIFIED.,.F.,.F.,(4,4),(-0.0351519613336042,0.),.UNSPECIFIED.);
#135=B_SPLINE_CURVE_WITH_KNOTS('',3,(#2870,#2871,#2872,#2873),
 .UNSPECIFIED.,.F.,.F.,(4,4),(-0.435848169362391,-0.3871153694689),
 .UNSPECIFIED.);
#136=B_SPLINE_CURVE_WITH_KNOTS('',3,(#2875,#2876,#2877,#2878,#2879,#2880,
#2881,#2882),.UNSPECIFIED.,.F.,.F.,(4,2,2,4),(-0.00229903727129821,-0.00121407247060952,
-0.000210931846253577,0.),.UNSPECIFIED.);
#137=B_SPLINE_CURVE_WITH_KNOTS('',3,(#2884,#2885,#2886,#2887),
 .UNSPECIFIED.,.F.,.F.,(4,4),(-0.0168483422547321,0.),.UNSPECIFIED.);
#138=B_SPLINE_CURVE_WITH_KNOTS('',3,(#2889,#2890,#2891,#2892),
 .UNSPECIFIED.,.F.,.F.,(4,4),(-0.0336970827568656,-0.0168485413654675),
 .UNSPECIFIED.);
#139=B_SPLINE_CURVE_WITH_KNOTS('',3,(#2893,#2894,#2895,#2896,#2897,#2898,
#2899,#2900,#2901,#2902,#2903,#2904),.UNSPECIFIED.,.F.,.F.,(4,2,2,2,2,4),
(-0.145288012810048,-0.141685204100271,-0.137213836644926,-0.121837107967199,
-0.0789404339071966,0.),.UNSPECIFIED.);
#140=B_SPLINE_CURVE_WITH_KNOTS('',3,(#2908,#2909,#2910,#2911),
 .UNSPECIFIED.,.F.,.F.,(4,4),(-0.0351519613335765,0.),.UNSPECIFIED.);
#141=B_SPLINE_CURVE_WITH_KNOTS('',3,(#2915,#2916,#2917,#2918),
 .UNSPECIFIED.,.F.,.F.,(4,4),(-0.435848169358672,-0.387115369465489),
 .UNSPECIFIED.);
#142=B_SPLINE_CURVE_WITH_KNOTS('',3,(#2920,#2921,#2922,#2923,#2924,#2925,
#2926,#2927),.UNSPECIFIED.,.F.,.F.,(4,2,2,4),(-0.00229903728297884,-0.00121407247525357,
-0.000210931846257716,0.),.UNSPECIFIED.);
#143=B_SPLINE_CURVE_WITH_KNOTS('',3,(#2929,#2930,#2931,#2932),
 .UNSPECIFIED.,.F.,.F.,(4,4),(-0.0168483422547255,0.),.UNSPECIFIED.);
#144=B_SPLINE_CURVE_WITH_KNOTS('',3,(#2934,#2935,#2936,#2937),
 .UNSPECIFIED.,.F.,.F.,(4,4),(-0.0336970827568461,-0.0168485413654607),
 .UNSPECIFIED.);
#145=B_SPLINE_CURVE_WITH_KNOTS('',3,(#2938,#2939,#2940,#2941,#2942,#2943,
#2944,#2945,#2946,#2947,#2948,#2949),.UNSPECIFIED.,.F.,.F.,(4,2,2,2,2,4),
(-0.14528801281013,-0.141685204100291,-0.137213836644979,-0.121837107967236,
-0.078940433907196,0.),.UNSPECIFIED.);
#146=B_SPLINE_CURVE_WITH_KNOTS('',3,(#2953,#2954,#2955,#2956),
 .UNSPECIFIED.,.F.,.F.,(4,4),(-0.0351519613333812,0.),.UNSPECIFIED.);
#147=B_SPLINE_CURVE_WITH_KNOTS('',3,(#2960,#2961,#2962,#2963),
 .UNSPECIFIED.,.F.,.F.,(4,4),(-0.435848169358906,-0.387115369465731),
 .UNSPECIFIED.);
#148=B_SPLINE_CURVE_WITH_KNOTS('',3,(#2965,#2966,#2967,#2968,#2969,#2970,
#2971,#2972),.UNSPECIFIED.,.F.,.F.,(4,2,2,4),(-0.00229903726433988,-0.00121407246645828,
-0.000210931845323506,0.),.UNSPECIFIED.);
#149=B_SPLINE_CURVE_WITH_KNOTS('',3,(#2974,#2975,#2976,#2977),
 .UNSPECIFIED.,.F.,.F.,(4,4),(-0.0168483422547259,0.),.UNSPECIFIED.);
#150=B_SPLINE_CURVE_WITH_KNOTS('',3,(#2979,#2980,#2981,#2982),
 .UNSPECIFIED.,.F.,.F.,(4,4),(-0.0336970827568514,-0.0168485413654611),
 .UNSPECIFIED.);
#151=B_SPLINE_CURVE_WITH_KNOTS('',3,(#2983,#2984,#2985,#2986,#2987,#2988,
#2989,#2990,#2991,#2992,#2993,#2994),.UNSPECIFIED.,.F.,.F.,(4,2,2,2,2,4),
(-0.145288012809928,-0.14168520410012,-0.137213836644808,-0.121837107967127,
-0.0789404339071828,0.),.UNSPECIFIED.);
#152=B_SPLINE_CURVE_WITH_KNOTS('',3,(#2998,#2999,#3000,#3001),
 .UNSPECIFIED.,.F.,.F.,(4,4),(-0.0351519613336128,0.),.UNSPECIFIED.);
#153=B_SPLINE_CURVE_WITH_KNOTS('',3,(#3005,#3006,#3007,#3008),
 .UNSPECIFIED.,.F.,.F.,(4,4),(-0.435848169356315,-0.387115369463833),
 .UNSPECIFIED.);
#154=B_SPLINE_CURVE_WITH_KNOTS('',3,(#3010,#3011,#3012,#3013,#3014,#3015,
#3016,#3017),.UNSPECIFIED.,.F.,.F.,(4,2,2,4),(-0.0022990372711763,-0.00121407247054552,
-0.000210931846243266,0.),.UNSPECIFIED.);
#155=B_SPLINE_CURVE_WITH_KNOTS('',3,(#3019,#3020,#3021,#3022),
 .UNSPECIFIED.,.F.,.F.,(4,4),(-0.0168483422547283,0.),.UNSPECIFIED.);
#156=B_SPLINE_CURVE_WITH_KNOTS('',3,(#3024,#3025,#3026,#3027),
 .UNSPECIFIED.,.F.,.F.,(4,4),(-0.0336970827568578,-0.0168485413654636),
 .UNSPECIFIED.);
#157=B_SPLINE_CURVE_WITH_KNOTS('',3,(#3028,#3029,#3030,#3031,#3032,#3033,
#3034,#3035,#3036,#3037,#3038,#3039),.UNSPECIFIED.,.F.,.F.,(4,2,2,2,2,4),
(-0.145288012810105,-0.141685204100321,-0.137213836645009,-0.121837107967249,
-0.0789404339071965,0.),.UNSPECIFIED.);
#158=B_SPLINE_CURVE_WITH_KNOTS('',3,(#3043,#3044,#3045,#3046),
 .UNSPECIFIED.,.F.,.F.,(4,4),(-0.0351519613336713,0.),.UNSPECIFIED.);
#159=B_SPLINE_CURVE_WITH_KNOTS('',3,(#3050,#3051,#3052,#3053),
 .UNSPECIFIED.,.F.,.F.,(4,4),(-0.435848169357003,-0.387115369464391),
 .UNSPECIFIED.);
#160=B_SPLINE_CURVE_WITH_KNOTS('',3,(#3055,#3056,#3057,#3058,#3059,#3060,
#3061,#3062),.UNSPECIFIED.,.F.,.F.,(4,2,2,4),(-0.00229903726440328,-0.00121407246649159,
-0.000210931845328885,0.),.UNSPECIFIED.);
#161=B_SPLINE_CURVE_WITH_KNOTS('',3,(#3064,#3065,#3066,#3067),
 .UNSPECIFIED.,.F.,.F.,(4,4),(-0.016848342254727,0.),.UNSPECIFIED.);
#162=B_SPLINE_CURVE_WITH_KNOTS('',3,(#3069,#3070,#3071,#3072),
 .UNSPECIFIED.,.F.,.F.,(4,4),(-0.0336970827568462,-0.0168485413654622),
 .UNSPECIFIED.);
#163=B_SPLINE_CURVE_WITH_KNOTS('',3,(#3073,#3074,#3075,#3076,#3077,#3078,
#3079,#3080,#3081,#3082,#3083,#3084),.UNSPECIFIED.,.F.,.F.,(4,2,2,2,2,4),
(-0.145288012809979,-0.141685204100184,-0.137213836644887,-0.121837107967171,
-0.0789404339071864,0.),.UNSPECIFIED.);
#164=B_SPLINE_CURVE_WITH_KNOTS('',3,(#3088,#3089,#3090,#3091),
 .UNSPECIFIED.,.F.,.F.,(4,4),(-0.0351519613333615,0.),.UNSPECIFIED.);
#165=B_SPLINE_CURVE_WITH_KNOTS('',3,(#3095,#3096,#3097,#3098),
 .UNSPECIFIED.,.F.,.F.,(4,4),(-0.435848169361871,-0.387115369468703),
 .UNSPECIFIED.);
#166=B_SPLINE_CURVE_WITH_KNOTS('',3,(#3100,#3101,#3102,#3103,#3104,#3105,
#3106,#3107),.UNSPECIFIED.,.F.,.F.,(4,2,2,4),(-0.00229903727068575,-0.00121407246831393,
-0.000210931844880734,0.),.UNSPECIFIED.);
#167=B_SPLINE_CURVE_WITH_KNOTS('',3,(#3109,#3110,#3111,#3112),
 .UNSPECIFIED.,.F.,.F.,(4,4),(-0.0168483422547246,0.),.UNSPECIFIED.);
#168=B_SPLINE_CURVE_WITH_KNOTS('',3,(#3114,#3115,#3116,#3117),
 .UNSPECIFIED.,.F.,.F.,(4,4),(-0.0336970827568454,-0.01684854136546),
 .UNSPECIFIED.);
#169=B_SPLINE_CURVE_WITH_KNOTS('',3,(#3118,#3119,#3120,#3121,#3122,#3123,
#3124,#3125,#3126,#3127,#3128,#3129),.UNSPECIFIED.,.F.,.F.,(4,2,2,2,2,4),
(-0.145288012809962,-0.141685204100203,-0.137213836644903,-0.121837107967184,
-0.0789404339071845,0.),.UNSPECIFIED.);
#170=B_SPLINE_CURVE_WITH_KNOTS('',3,(#3133,#3134,#3135,#3136),
 .UNSPECIFIED.,.F.,.F.,(4,4),(-0.0351519613335174,0.),.UNSPECIFIED.);
#171=B_SPLINE_CURVE_WITH_KNOTS('',3,(#3140,#3141,#3142,#3143),
 .UNSPECIFIED.,.F.,.F.,(4,4),(-0.435848169361599,-0.387115369468673),
 .UNSPECIFIED.);
#172=B_SPLINE_CURVE_WITH_KNOTS('',3,(#3145,#3146,#3147,#3148,#3149,#3150,
#3151,#3152),.UNSPECIFIED.,.F.,.F.,(4,2,2,4),(-0.00229903727129351,-0.00121407246920205,
-0.000210931845313449,0.),.UNSPECIFIED.);
#173=B_SPLINE_CURVE_WITH_KNOTS('',3,(#3154,#3155,#3156,#3157),
 .UNSPECIFIED.,.F.,.F.,(4,4),(-0.0168483422547319,0.),.UNSPECIFIED.);
#174=B_SPLINE_CURVE_WITH_KNOTS('',3,(#3159,#3160,#3161,#3162),
 .UNSPECIFIED.,.F.,.F.,(4,4),(-0.0336970827568658,-0.0168485413654673),
 .UNSPECIFIED.);
#175=B_SPLINE_CURVE_WITH_KNOTS('',3,(#3163,#3164,#3165,#3166,#3167,#3168,
#3169,#3170,#3171,#3172,#3173,#3174),.UNSPECIFIED.,.F.,.F.,(4,2,2,2,2,4),
(-0.145288012810008,-0.141685204100225,-0.137213836644895,-0.121837107967176,
-0.0789404339071851,0.),.UNSPECIFIED.);
#176=B_SPLINE_CURVE_WITH_KNOTS('',3,(#3178,#3179,#3180,#3181),
 .UNSPECIFIED.,.F.,.F.,(4,4),(-0.0351519613334906,0.),.UNSPECIFIED.);
#177=B_SPLINE_CURVE_WITH_KNOTS('',3,(#3185,#3186,#3187,#3188),
 .UNSPECIFIED.,.F.,.F.,(4,4),(-0.435848169361683,-0.387115369468467),
 .UNSPECIFIED.);
#178=B_SPLINE_CURVE_WITH_KNOTS('',3,(#3190,#3191,#3192,#3193,#3194,#3195,
#3196,#3197),.UNSPECIFIED.,.F.,.F.,(4,2,2,4),(-0.00229903727068735,-0.00121407246831506,
-0.000210931844881041,0.),.UNSPECIFIED.);
#179=B_SPLINE_CURVE_WITH_KNOTS('',3,(#3199,#3200,#3201,#3202),
 .UNSPECIFIED.,.F.,.F.,(4,4),(-0.0168483422547274,0.),.UNSPECIFIED.);
#180=B_SPLINE_CURVE_WITH_KNOTS('',3,(#3204,#3205,#3206,#3207),
 .UNSPECIFIED.,.F.,.F.,(4,4),(-0.0336970827568509,-0.0168485413654627),
 .UNSPECIFIED.);
#181=B_SPLINE_CURVE_WITH_KNOTS('',3,(#3208,#3209,#3210,#3211,#3212,#3213,
#3214,#3215,#3216,#3217,#3218,#3219),.UNSPECIFIED.,.F.,.F.,(4,2,2,2,2,4),
(-0.145288012809888,-0.141685204100035,-0.13721383664477,-0.12183710796711,
-0.0789404339071876,0.),.UNSPECIFIED.);
#182=B_SPLINE_CURVE_WITH_KNOTS('',3,(#3223,#3224,#3225,#3226),
 .UNSPECIFIED.,.F.,.F.,(4,4),(-0.0351519613335413,0.),.UNSPECIFIED.);
#183=B_SPLINE_CURVE_WITH_KNOTS('',3,(#3230,#3231,#3232,#3233),
 .UNSPECIFIED.,.F.,.F.,(4,4),(-0.435848169359663,-0.387115369465863),
 .UNSPECIFIED.);
#184=B_SPLINE_CURVE_WITH_KNOTS('',3,(#3235,#3236,#3237,#3238,#3239,#3240,
#3241,#3242),.UNSPECIFIED.,.F.,.F.,(4,2,2,4),(-0.00229903726241811,-0.00121407246500219,
-0.000210931844861456,0.),.UNSPECIFIED.);
#185=B_SPLINE_CURVE_WITH_KNOTS('',3,(#3244,#3245,#3246,#3247),
 .UNSPECIFIED.,.F.,.F.,(4,4),(-0.0168483422547273,0.),.UNSPECIFIED.);
#186=B_SPLINE_CURVE_WITH_KNOTS('',3,(#3249,#3250,#3251,#3252),
 .UNSPECIFIED.,.F.,.F.,(4,4),(-0.0336970827568563,-0.0168485413654625),
 .UNSPECIFIED.);
#187=B_SPLINE_CURVE_WITH_KNOTS('',3,(#3253,#3254,#3255,#3256,#3257,#3258,
#3259,#3260,#3261,#3262,#3263,#3264),.UNSPECIFIED.,.F.,.F.,(4,2,2,2,2,4),
(-0.145288012810034,-0.141685204100208,-0.137213836644887,-0.12183710796718,
-0.0789404339071888,0.),.UNSPECIFIED.);
#188=B_SPLINE_CURVE_WITH_KNOTS('',3,(#3268,#3269,#3270,#3271),
 .UNSPECIFIED.,.F.,.F.,(4,4),(-0.0351519613335669,0.),.UNSPECIFIED.);
#189=B_SPLINE_CURVE_WITH_KNOTS('',3,(#3275,#3276,#3277,#3278),
 .UNSPECIFIED.,.F.,.F.,(4,4),(-0.435848169360048,-0.387115369466688),
 .UNSPECIFIED.);
#190=B_SPLINE_CURVE_WITH_KNOTS('',3,(#3280,#3281,#3282,#3283,#3284,#3285,
#3286,#3287),.UNSPECIFIED.,.F.,.F.,(4,2,2,4),(-0.00229903726427204,-0.00121407246642273,
-0.000210931845317807,0.),.UNSPECIFIED.);
#191=B_SPLINE_CURVE_WITH_KNOTS('',3,(#3289,#3290,#3291,#3292),
 .UNSPECIFIED.,.F.,.F.,(4,4),(-0.0168483422547285,0.),.UNSPECIFIED.);
#192=B_SPLINE_CURVE_WITH_KNOTS('',3,(#3294,#3295,#3296,#3297),
 .UNSPECIFIED.,.F.,.F.,(4,4),(-0.0336970827568523,-0.0168485413654638),
 .UNSPECIFIED.);
#193=B_SPLINE_CURVE_WITH_KNOTS('',3,(#3298,#3299,#3300,#3301,#3302,#3303,
#3304,#3305,#3306,#3307,#3308,#3309),.UNSPECIFIED.,.F.,.F.,(4,2,2,2,2,4),
(-0.145288012809955,-0.141685204100212,-0.137213836644908,-0.121837107967184,
-0.0789404339071897,0.),.UNSPECIFIED.);
#194=B_SPLINE_CURVE_WITH_KNOTS('',3,(#3313,#3314,#3315,#3316),
 .UNSPECIFIED.,.F.,.F.,(4,4),(-0.0351519613335632,0.),.UNSPECIFIED.);
#195=B_SPLINE_CURVE_WITH_KNOTS('',3,(#3320,#3321,#3322,#3323),
 .UNSPECIFIED.,.F.,.F.,(4,4),(-0.435848169360649,-0.387115369467337),
 .UNSPECIFIED.);
#196=B_SPLINE_CURVE_WITH_KNOTS('',3,(#3325,#3326,#3327,#3328,#3329,#3330,
#3331,#3332),.UNSPECIFIED.,.F.,.F.,(4,2,2,4),(-0.00229903726714976,-0.00121407246690492,
-0.000210931844876004,0.),.UNSPECIFIED.);
#197=B_SPLINE_CURVE_WITH_KNOTS('',3,(#3334,#3335,#3336,#3337),
 .UNSPECIFIED.,.F.,.F.,(4,4),(-0.0168483422547318,0.),.UNSPECIFIED.);
#198=B_SPLINE_CURVE_WITH_KNOTS('',3,(#3339,#3340,#3341,#3342),
 .UNSPECIFIED.,.F.,.F.,(4,4),(-0.0336970827568651,-0.0168485413654672),
 .UNSPECIFIED.);
#199=B_SPLINE_CURVE_WITH_KNOTS('',3,(#3343,#3344,#3345,#3346,#3347,#3348,
#3349,#3350,#3351,#3352,#3353,#3354),.UNSPECIFIED.,.F.,.F.,(4,2,2,2,2,4),
(-0.14528801280994,-0.141685204100191,-0.137213836644884,-0.121837107967166,
-0.078940433907182,0.),.UNSPECIFIED.);
#200=B_SPLINE_CURVE_WITH_KNOTS('',3,(#3358,#3359,#3360,#3361),
 .UNSPECIFIED.,.F.,.F.,(4,4),(-0.035151961333527,0.),.UNSPECIFIED.);
#201=B_SPLINE_CURVE_WITH_KNOTS('',3,(#3365,#3366,#3367,#3368),
 .UNSPECIFIED.,.F.,.F.,(4,4),(-0.435848169359881,-0.387115369466609),
 .UNSPECIFIED.);
#202=B_SPLINE_CURVE_WITH_KNOTS('',3,(#3370,#3371,#3372,#3373,#3374,#3375,
#3376,#3377),.UNSPECIFIED.,.F.,.F.,(4,2,2,4),(-0.00229903726418271,-0.00121407246637594,
-0.000210931845310299,0.),.UNSPECIFIED.);
#203=B_SPLINE_CURVE_WITH_KNOTS('',3,(#3379,#3380,#3381,#3382),
 .UNSPECIFIED.,.F.,.F.,(4,4),(-0.0168483422547302,0.),.UNSPECIFIED.);
#204=B_SPLINE_CURVE_WITH_KNOTS('',3,(#3384,#3385,#3386,#3387),
 .UNSPECIFIED.,.F.,.F.,(4,4),(-0.0336970827568656,-0.0168485413654655),
 .UNSPECIFIED.);
#205=B_SPLINE_CURVE_WITH_KNOTS('',3,(#3388,#3389,#3390,#3391,#3392,#3393,
#3394,#3395,#3396,#3397,#3398,#3399),.UNSPECIFIED.,.F.,.F.,(4,2,2,2,2,4),
(-0.145288012809975,-0.141685204100173,-0.137213836644875,-0.121837107967162,
-0.0789404339071867,0.),.UNSPECIFIED.);
#206=B_SPLINE_CURVE_WITH_KNOTS('',3,(#3425,#3426,#3427,#3428),
 .UNSPECIFIED.,.F.,.F.,(4,4),(0.00158757623808481,0.201405305494912),
 .UNSPECIFIED.);
#207=B_SPLINE_CURVE_WITH_KNOTS('',3,(#3430,#3431,#3432,#3433,#3434,#3435,
#3436,#3437,#3438,#3439,#3440,#3441),.UNSPECIFIED.,.F.,.F.,(4,2,2,2,2,4),
(-0.0968590370936934,-0.0944574550894267,-0.091476935489716,-0.0812271496836491,
-0.0526327644636203,0.),.UNSPECIFIED.);
#208=B_SPLINE_CURVE_WITH_KNOTS('',3,(#3442,#3443,#3444,#3445),
 .UNSPECIFIED.,.F.,.F.,(4,4),(0.000217960220377727,0.200492228149774),
 .UNSPECIFIED.);
#209=B_SPLINE_CURVE_WITH_KNOTS('',3,(#3463,#3464,#3465,#3466,#3467,#3468),
 .UNSPECIFIED.,.F.,.F.,(4,2,4),(-0.292683778528996,-0.151414767058433,-0.0912681046402744),
 .UNSPECIFIED.);
#210=B_SPLINE_CURVE_WITH_KNOTS('',3,(#3469,#3470,#3471,#3472),
 .UNSPECIFIED.,.F.,.F.,(4,4),(-0.0235401197759474,0.),.UNSPECIFIED.);
#211=B_SPLINE_CURVE_WITH_KNOTS('',3,(#3490,#3491,#3492,#3493),
 .UNSPECIFIED.,.F.,.F.,(4,4),(0.000217960220377769,0.200492228149774),
 .UNSPECIFIED.);
#212=B_SPLINE_CURVE_WITH_KNOTS('',3,(#3495,#3496,#3497,#3498,#3499,#3500,
#3501),.UNSPECIFIED.,.F.,.F.,(4,3,4),(-0.0224647218378413,-0.0112323346587616,
0.),.UNSPECIFIED.);
#213=B_SPLINE_CURVE_WITH_KNOTS('',3,(#3502,#3503,#3504,#3505),
 .UNSPECIFIED.,.F.,.F.,(4,4),(0.000217960220377821,0.200492228149774),
 .UNSPECIFIED.);
#214=B_SPLINE_CURVE_WITH_KNOTS('',3,(#3531,#3532,#3533,#3534),
 .UNSPECIFIED.,.F.,.F.,(4,4),(0.00158757623808479,0.201405305494912),
 .UNSPECIFIED.);
#215=B_SPLINE_CURVE_WITH_KNOTS('',3,(#3536,#3537,#3538,#3539,#3540,#3541,
#3542,#3543,#3544,#3545,#3546,#3547),.UNSPECIFIED.,.F.,.F.,(4,2,2,2,2,4),
(-0.0968590370936626,-0.094457455089388,-0.0914769354896949,-0.0812271496836326,
-0.0526327644636222,0.),.UNSPECIFIED.);
#216=B_SPLINE_CURVE_WITH_KNOTS('',3,(#3548,#3549,#3550,#3551),
 .UNSPECIFIED.,.F.,.F.,(4,4),(0.000217960220377727,0.200492228149774),
 .UNSPECIFIED.);
#217=B_SPLINE_CURVE_WITH_KNOTS('',3,(#3577,#3578,#3579,#3580),
 .UNSPECIFIED.,.F.,.F.,(4,4),(0.00158757623808483,0.201405305494912),
 .UNSPECIFIED.);
#218=B_SPLINE_CURVE_WITH_KNOTS('',3,(#3581,#3582,#3583,#3584,#3585,#3586,
#3587,#3588,#3589,#3590,#3591,#3592),.UNSPECIFIED.,.F.,.F.,(4,2,2,2,2,4),
(-0.0968590370937036,-0.0944574550894349,-0.0914769354897285,-0.081227149683652,
-0.0526327644636247,0.),.UNSPECIFIED.);
#219=B_SPLINE_CURVE_WITH_KNOTS('',3,(#3610,#3611,#3612,#3613),
 .UNSPECIFIED.,.F.,.F.,(4,4),(0.0312324250573883,0.232648098946111),
 .UNSPECIFIED.);
#220=B_SPLINE_CURVE_WITH_KNOTS('',3,(#3614,#3615,#3616,#3617),
 .UNSPECIFIED.,.F.,.F.,(4,4),(-0.0235401197761432,0.),.UNSPECIFIED.);
#221=B_SPLINE_CURVE_WITH_KNOTS('',3,(#3635,#3636,#3637,#3638,#3639,#3640),
 .UNSPECIFIED.,.F.,.F.,(4,2,4),(0.100002999289476,0.151414736088539,0.301418673178198),
 .UNSPECIFIED.);
#222=B_SPLINE_CURVE_WITH_KNOTS('',3,(#3641,#3642,#3643,#3644),
 .UNSPECIFIED.,.F.,.F.,(4,4),(-0.0235401197757977,0.),.UNSPECIFIED.);
#223=B_SPLINE_CURVE_WITH_KNOTS('',3,(#3662,#3663,#3664,#3665),
 .UNSPECIFIED.,.F.,.F.,(4,4),(0.000217960220377727,0.200492228149774),
 .UNSPECIFIED.);
#224=B_SPLINE_CURVE_WITH_KNOTS('',3,(#3667,#3668,#3669,#3670,#3671,#3672,
#3673),.UNSPECIFIED.,.F.,.F.,(4,3,4),(-0.0224647218378239,-0.0112323346587564,
0.),.UNSPECIFIED.);
#225=B_SPLINE_CURVE_WITH_KNOTS('',3,(#3674,#3675,#3676,#3677),
 .UNSPECIFIED.,.F.,.F.,(4,4),(0.000217960220377758,0.200492228149774),
 .UNSPECIFIED.);
#226=B_SPLINE_CURVE_WITH_KNOTS('',3,(#3703,#3704,#3705,#3706),
 .UNSPECIFIED.,.F.,.F.,(4,4),(0.00158757623808483,0.201405305494912),
 .UNSPECIFIED.);
#227=B_SPLINE_CURVE_WITH_KNOTS('',3,(#3708,#3709,#3710,#3711,#3712,#3713,
#3714,#3715,#3716,#3717,#3718,#3719),.UNSPECIFIED.,.F.,.F.,(4,2,2,2,2,4),
(-0.0968590370935752,-0.0944574550892584,-0.0914769354895792,-0.0812271496835557,
-0.0526327644636064,0.),.UNSPECIFIED.);
#228=B_SPLINE_CURVE_WITH_KNOTS('',3,(#3720,#3721,#3722,#3723),
 .UNSPECIFIED.,.F.,.F.,(4,4),(0.000217960220377769,0.200492228149774),
 .UNSPECIFIED.);
#229=B_SPLINE_CURVE_WITH_KNOTS('',3,(#3749,#3750,#3751,#3752),
 .UNSPECIFIED.,.F.,.F.,(4,4),(0.00158757623808481,0.201405305494912),
 .UNSPECIFIED.);
#230=B_SPLINE_CURVE_WITH_KNOTS('',3,(#3753,#3754,#3755,#3756,#3757,#3758,
#3759,#3760,#3761,#3762,#3763,#3764),.UNSPECIFIED.,.F.,.F.,(4,2,2,2,2,4),
(-0.096859037093608,-0.0944574550893469,-0.0914769354896558,-0.0812271496836003,
-0.0526327644636159,0.),.UNSPECIFIED.);
#231=B_SPLINE_CURVE_WITH_KNOTS('',3,(#3782,#3783,#3784,#3785),
 .UNSPECIFIED.,.F.,.F.,(4,4),(0.0752459938824281,0.27666166777115),
 .UNSPECIFIED.);
#232=B_SPLINE_CURVE_WITH_KNOTS('',3,(#3786,#3787,#3788,#3789),
 .UNSPECIFIED.,.F.,.F.,(4,4),(-0.0235401197760891,0.),.UNSPECIFIED.);
#233=B_SPLINE_CURVE_WITH_KNOTS('',3,(#3807,#3808,#3809,#3810,#3811,#3812),
 .UNSPECIFIED.,.F.,.F.,(4,2,4),(0.100002999289476,0.151414736088539,0.301418673178198),
 .UNSPECIFIED.);
#234=B_SPLINE_CURVE_WITH_KNOTS('',3,(#3813,#3814,#3815,#3816),
 .UNSPECIFIED.,.F.,.F.,(4,4),(-0.0235401197759552,0.),.UNSPECIFIED.);
#235=B_SPLINE_CURVE_WITH_KNOTS('',3,(#3834,#3835,#3836,#3837),
 .UNSPECIFIED.,.F.,.F.,(4,4),(0.000217960220377769,0.200492228149774),
 .UNSPECIFIED.);
#236=B_SPLINE_CURVE_WITH_KNOTS('',3,(#3839,#3840,#3841,#3842,#3843,#3844,
#3845),.UNSPECIFIED.,.F.,.F.,(4,3,4),(-0.0224647218378364,-0.0112323346587597,
0.),.UNSPECIFIED.);
#237=B_SPLINE_CURVE_WITH_KNOTS('',3,(#3846,#3847,#3848,#3849),
 .UNSPECIFIED.,.F.,.F.,(4,4),(0.000217960220377734,0.200492228149774),
 .UNSPECIFIED.);
#238=B_SPLINE_CURVE_WITH_KNOTS('',3,(#3875,#3876,#3877,#3878),
 .UNSPECIFIED.,.F.,.F.,(4,4),(0.00158757623808481,0.201405305494912),
 .UNSPECIFIED.);
#239=B_SPLINE_CURVE_WITH_KNOTS('',3,(#3880,#3881,#3882,#3883,#3884,#3885,
#3886,#3887,#3888,#3889,#3890,#3891),.UNSPECIFIED.,.F.,.F.,(4,2,2,2,2,4),
(-0.0968590370935909,-0.0944574550893246,-0.0914769354895837,-0.0812271496835792,
-0.0526327644636102,0.),.UNSPECIFIED.);
#240=B_SPLINE_CURVE_WITH_KNOTS('',3,(#3892,#3893,#3894,#3895),
 .UNSPECIFIED.,.F.,.F.,(4,4),(0.000217960220377705,0.200492228149774),
 .UNSPECIFIED.);
#241=B_SPLINE_CURVE_WITH_KNOTS('',3,(#3921,#3922,#3923,#3924),
 .UNSPECIFIED.,.F.,.F.,(4,4),(0.00158757623808479,0.201405305494912),
 .UNSPECIFIED.);
#242=B_SPLINE_CURVE_WITH_KNOTS('',3,(#3925,#3926,#3927,#3928,#3929,#3930,
#3931,#3932,#3933,#3934,#3935,#3936),.UNSPECIFIED.,.F.,.F.,(4,2,2,2,2,4),
(-0.0968590370936524,-0.0944574550894271,-0.0914769354897357,-0.08122714968365,
-0.0526327644636236,0.),.UNSPECIFIED.);
#243=B_SPLINE_CURVE_WITH_KNOTS('',3,(#3954,#3955,#3956,#3957,#3958,#3959),
 .UNSPECIFIED.,.F.,.F.,(4,2,4),(0.0972361044170565,0.151414746365322,0.298651778305779),
 .UNSPECIFIED.);
#244=B_SPLINE_CURVE_WITH_KNOTS('',3,(#3960,#3961,#3962,#3963),
 .UNSPECIFIED.,.F.,.F.,(4,4),(-0.0235401197762333,0.),.UNSPECIFIED.);
#245=B_SPLINE_CURVE_WITH_KNOTS('',3,(#3981,#3982,#3983,#3984,#3985,#3986),
 .UNSPECIFIED.,.F.,.F.,(4,2,4),(0.100002999289476,0.151414736088539,0.301418673178198),
 .UNSPECIFIED.);
#246=B_SPLINE_CURVE_WITH_KNOTS('',3,(#3987,#3988,#3989,#3990),
 .UNSPECIFIED.,.F.,.F.,(4,4),(-0.0235401197760144,0.),.UNSPECIFIED.);
#247=B_SPLINE_CURVE_WITH_KNOTS('',3,(#4008,#4009,#4010,#4011),
 .UNSPECIFIED.,.F.,.F.,(4,4),(0.000217960220377769,0.200492228149774),
 .UNSPECIFIED.);
#248=B_SPLINE_CURVE_WITH_KNOTS('',3,(#4013,#4014,#4015,#4016,#4017,#4018,
#4019),.UNSPECIFIED.,.F.,.F.,(4,3,4),(-0.0224647218378223,-0.0112323346587591,
0.),.UNSPECIFIED.);
#249=B_SPLINE_CURVE_WITH_KNOTS('',3,(#4020,#4021,#4022,#4023),
 .UNSPECIFIED.,.F.,.F.,(4,4),(0.000217960220377791,0.200492228149774),
 .UNSPECIFIED.);
#250=B_SPLINE_CURVE_WITH_KNOTS('',3,(#4049,#4050,#4051,#4052),
 .UNSPECIFIED.,.F.,.F.,(4,4),(0.00158757623808481,0.201405305494912),
 .UNSPECIFIED.);
#251=B_SPLINE_CURVE_WITH_KNOTS('',3,(#4054,#4055,#4056,#4057,#4058,#4059,
#4060,#4061,#4062,#4063,#4064,#4065),.UNSPECIFIED.,.F.,.F.,(4,2,2,2,2,4),
(-0.0968590370935999,-0.094457455089306,-0.0914769354895921,-0.0812271496835692,
-0.0526327644636158,0.),.UNSPECIFIED.);
#252=B_SPLINE_CURVE_WITH_KNOTS('',3,(#4066,#4067,#4068,#4069),
 .UNSPECIFIED.,.F.,.F.,(4,4),(0.000217960220377705,0.200492228149774),
 .UNSPECIFIED.);
#253=B_SPLINE_CURVE_WITH_KNOTS('',3,(#4095,#4096,#4097,#4098),
 .UNSPECIFIED.,.F.,.F.,(4,4),(0.00158757623808483,0.201405305494912),
 .UNSPECIFIED.);
#254=B_SPLINE_CURVE_WITH_KNOTS('',3,(#4099,#4100,#4101,#4102,#4103,#4104,
#4105,#4106,#4107,#4108,#4109,#4110),.UNSPECIFIED.,.F.,.F.,(4,2,2,2,2,4),
(-0.0968590370936652,-0.0944574550894168,-0.091476935489675,-0.0812271496836252,
-0.0526327644636216,0.),.UNSPECIFIED.);
#255=B_SPLINE_CURVE_WITH_KNOTS('',3,(#4128,#4129,#4130,#4131,#4132,#4133),
 .UNSPECIFIED.,.F.,.F.,(4,2,4),(0.100002999289476,0.151414736088539,0.301418673178198),
 .UNSPECIFIED.);
#256=B_SPLINE_CURVE_WITH_KNOTS('',3,(#4134,#4135,#4136,#4137),
 .UNSPECIFIED.,.F.,.F.,(4,4),(-0.0235401197758383,0.),.UNSPECIFIED.);
#257=B_SPLINE_CURVE_WITH_KNOTS('',3,(#4155,#4156,#4157,#4158,#4159,#4160),
 .UNSPECIFIED.,.F.,.F.,(4,2,4),(0.100002999289476,0.151414736088539,0.301418673178198),
 .UNSPECIFIED.);
#258=B_SPLINE_CURVE_WITH_KNOTS('',3,(#4161,#4162,#4163,#4164),
 .UNSPECIFIED.,.F.,.F.,(4,4),(-0.0235401197759643,0.),.UNSPECIFIED.);
#259=B_SPLINE_CURVE_WITH_KNOTS('',3,(#4182,#4183,#4184,#4185),
 .UNSPECIFIED.,.F.,.F.,(4,4),(0.000217960220377662,0.200492228149773),
 .UNSPECIFIED.);
#260=B_SPLINE_CURVE_WITH_KNOTS('',3,(#4187,#4188,#4189,#4190,#4191,#4192,
#4193),.UNSPECIFIED.,.F.,.F.,(4,3,4),(-0.0224647218378374,-0.0112323346587595,
0.),.UNSPECIFIED.);
#261=B_SPLINE_CURVE_WITH_KNOTS('',3,(#4194,#4195,#4196,#4197),
 .UNSPECIFIED.,.F.,.F.,(4,4),(0.00021796022037763,0.200492228149773),
 .UNSPECIFIED.);
#262=B_SPLINE_CURVE_WITH_KNOTS('',3,(#4223,#4224,#4225,#4226),
 .UNSPECIFIED.,.F.,.F.,(4,4),(0.00158757623808471,0.201405305494912),
 .UNSPECIFIED.);
#263=B_SPLINE_CURVE_WITH_KNOTS('',3,(#4228,#4229,#4230,#4231,#4232,#4233,
#4234,#4235,#4236,#4237,#4238,#4239),.UNSPECIFIED.,.F.,.F.,(4,2,2,2,2,4),
(-0.0968590370938741,-0.0944574550896206,-0.0914769354898969,-0.0812271496837479,
-0.0526327644636315,0.),.UNSPECIFIED.);
#264=B_SPLINE_CURVE_WITH_KNOTS('',3,(#4240,#4241,#4242,#4243),
 .UNSPECIFIED.,.F.,.F.,(4,4),(0.000217960220377599,0.200492228149774),
 .UNSPECIFIED.);
#265=B_SPLINE_CURVE_WITH_KNOTS('',3,(#4269,#4270,#4271,#4272),
 .UNSPECIFIED.,.F.,.F.,(4,4),(0.00158757623808474,0.201405305494912),
 .UNSPECIFIED.);
#266=B_SPLINE_CURVE_WITH_KNOTS('',3,(#4273,#4274,#4275,#4276,#4277,#4278,
#4279,#4280,#4281,#4282,#4283,#4284),.UNSPECIFIED.,.F.,.F.,(4,2,2,2,2,4),
(-0.0968590370938296,-0.0944574550894991,-0.0914769354897689,-0.0812271496836944,
-0.0526327644636255,0.),.UNSPECIFIED.);
#267=B_SPLINE_CURVE_WITH_KNOTS('',3,(#4302,#4303,#4304,#4305,#4306,#4307),
 .UNSPECIFIED.,.F.,.F.,(4,2,4),(0.100002999289476,0.151414736088539,0.301418673178198),
 .UNSPECIFIED.);
#268=B_SPLINE_CURVE_WITH_KNOTS('',3,(#4308,#4309,#4310,#4311),
 .UNSPECIFIED.,.F.,.F.,(4,4),(-0.0235401197759934,0.),.UNSPECIFIED.);
#269=B_SPLINE_CURVE_WITH_KNOTS('',3,(#4329,#4330,#4331,#4332,#4333,#4334),
 .UNSPECIFIED.,.F.,.F.,(4,2,4),(0.100002999289476,0.151414736088539,0.301418673178198),
 .UNSPECIFIED.);
#270=B_SPLINE_CURVE_WITH_KNOTS('',3,(#4335,#4336,#4337,#4338),
 .UNSPECIFIED.,.F.,.F.,(4,4),(-0.0235401197761133,0.),.UNSPECIFIED.);
#271=B_SPLINE_CURVE_WITH_KNOTS('',3,(#4356,#4357,#4358,#4359),
 .UNSPECIFIED.,.F.,.F.,(4,4),(0.000217960220377663,0.200492228149774),
 .UNSPECIFIED.);
#272=B_SPLINE_CURVE_WITH_KNOTS('',3,(#4361,#4362,#4363,#4364,#4365,#4366,
#4367),.UNSPECIFIED.,.F.,.F.,(4,3,4),(-0.0224647218378334,-0.0112323346587598,
0.),.UNSPECIFIED.);
#273=B_SPLINE_CURVE_WITH_KNOTS('',3,(#4368,#4369,#4370,#4371),
 .UNSPECIFIED.,.F.,.F.,(4,4),(0.000217960220377506,0.200492228149774),
 .UNSPECIFIED.);
#274=B_SPLINE_CURVE_WITH_KNOTS('',3,(#4397,#4398,#4399,#4400),
 .UNSPECIFIED.,.F.,.F.,(4,4),(0.00158757623808474,0.201405305494912),
 .UNSPECIFIED.);
#275=B_SPLINE_CURVE_WITH_KNOTS('',3,(#4402,#4403,#4404,#4405,#4406,#4407,
#4408,#4409,#4410,#4411,#4412,#4413),.UNSPECIFIED.,.F.,.F.,(4,2,2,2,2,4),
(-0.0968590370935697,-0.0944574550892781,-0.0914769354895349,-0.0812271496835369,
-0.0526327644636085,0.),.UNSPECIFIED.);
#276=B_SPLINE_CURVE_WITH_KNOTS('',3,(#4414,#4415,#4416,#4417),
 .UNSPECIFIED.,.F.,.F.,(4,4),(0.000217960220377577,0.200492228149774),
 .UNSPECIFIED.);
#277=B_SPLINE_CURVE_WITH_KNOTS('',3,(#4443,#4444,#4445,#4446),
 .UNSPECIFIED.,.F.,.F.,(4,4),(0.00158757623808474,0.201405305494912),
 .UNSPECIFIED.);
#278=B_SPLINE_CURVE_WITH_KNOTS('',3,(#4447,#4448,#4449,#4450,#4451,#4452,
#4453,#4454,#4455,#4456,#4457,#4458),.UNSPECIFIED.,.F.,.F.,(4,2,2,2,2,4),
(-0.0968590370937164,-0.0944574550894207,-0.0914769354897354,-0.0812271496836537,
-0.0526327644636231,0.),.UNSPECIFIED.);
#279=B_SPLINE_CURVE_WITH_KNOTS('',3,(#4476,#4477,#4478,#4479,#4480,#4481),
 .UNSPECIFIED.,.F.,.F.,(4,2,4),(0.100002999289476,0.151414736088539,0.301418673178198),
 .UNSPECIFIED.);
#280=B_SPLINE_CURVE_WITH_KNOTS('',3,(#4482,#4483,#4484,#4485),
 .UNSPECIFIED.,.F.,.F.,(4,4),(-0.0235401197762476,0.),.UNSPECIFIED.);
#281=B_SPLINE_CURVE_WITH_KNOTS('',3,(#4503,#4504,#4505,#4506,#4507,#4508),
 .UNSPECIFIED.,.F.,.F.,(4,2,4),(0.100002999289476,0.151414736088539,0.301418673178198),
 .UNSPECIFIED.);
#282=B_SPLINE_CURVE_WITH_KNOTS('',3,(#4509,#4510,#4511,#4512),
 .UNSPECIFIED.,.F.,.F.,(4,4),(-0.0235401197761691,0.),.UNSPECIFIED.);
#283=B_SPLINE_CURVE_WITH_KNOTS('',3,(#4530,#4531,#4532,#4533),
 .UNSPECIFIED.,.F.,.F.,(4,4),(0.000217960220377663,0.200492228149774),
 .UNSPECIFIED.);
#284=B_SPLINE_CURVE_WITH_KNOTS('',3,(#4535,#4536,#4537,#4538,#4539,#4540,
#4541),.UNSPECIFIED.,.F.,.F.,(4,3,4),(-0.0224647218378359,-0.0112323346587615,
0.),.UNSPECIFIED.);
#285=B_SPLINE_CURVE_WITH_KNOTS('',3,(#4542,#4543,#4544,#4545),
 .UNSPECIFIED.,.F.,.F.,(4,4),(0.000217960220377492,0.200492228149774),
 .UNSPECIFIED.);
#286=B_SPLINE_CURVE_WITH_KNOTS('',3,(#4571,#4572,#4573,#4574),
 .UNSPECIFIED.,.F.,.F.,(4,4),(0.00158757623808476,0.201405305494912),
 .UNSPECIFIED.);
#287=B_SPLINE_CURVE_WITH_KNOTS('',3,(#4576,#4577,#4578,#4579,#4580,#4581,
#4582,#4583,#4584,#4585,#4586,#4587),.UNSPECIFIED.,.F.,.F.,(4,2,2,2,2,4),
(-0.0968590370934295,-0.0944574550893266,-0.0914769354896169,-0.0812271496835764,
-0.0526327644636233,0.),.UNSPECIFIED.);
#288=B_SPLINE_CURVE_WITH_KNOTS('',3,(#4588,#4589,#4590,#4591),
 .UNSPECIFIED.,.F.,.F.,(4,4),(0.000217960220377663,0.200492228149774),
 .UNSPECIFIED.);
#289=B_SPLINE_CURVE_WITH_KNOTS('',3,(#4617,#4618,#4619,#4620),
 .UNSPECIFIED.,.F.,.F.,(4,4),(0.00158757623808474,0.201405305494912),
 .UNSPECIFIED.);
#290=B_SPLINE_CURVE_WITH_KNOTS('',3,(#4621,#4622,#4623,#4624,#4625,#4626,
#4627,#4628,#4629,#4630,#4631,#4632),.UNSPECIFIED.,.F.,.F.,(4,2,2,2,2,4),
(-0.0968590370938876,-0.0944574550896201,-0.0914769354898849,-0.0812271496837628,
-0.0526327644636369,0.),.UNSPECIFIED.);
#291=B_SPLINE_CURVE_WITH_KNOTS('',3,(#4650,#4651,#4652,#4653,#4654,#4655),
 .UNSPECIFIED.,.F.,.F.,(4,2,4),(0.100002999289476,0.151414736088539,0.301418673178198),
 .UNSPECIFIED.);
#292=B_SPLINE_CURVE_WITH_KNOTS('',3,(#4656,#4657,#4658,#4659),
 .UNSPECIFIED.,.F.,.F.,(4,4),(-0.0235401197760014,0.),.UNSPECIFIED.);
#293=B_SPLINE_CURVE_WITH_KNOTS('',3,(#4677,#4678,#4679,#4680,#4681,#4682),
 .UNSPECIFIED.,.F.,.F.,(4,2,4),(0.100002999289476,0.151414736088539,0.301418673178198),
 .UNSPECIFIED.);
#294=B_SPLINE_CURVE_WITH_KNOTS('',3,(#4683,#4684,#4685,#4686),
 .UNSPECIFIED.,.F.,.F.,(4,4),(-0.0235401197761454,0.),.UNSPECIFIED.);
#295=B_SPLINE_CURVE_WITH_KNOTS('',3,(#4704,#4705,#4706,#4707),
 .UNSPECIFIED.,.F.,.F.,(4,4),(0.000217960220377663,0.200492228149774),
 .UNSPECIFIED.);
#296=B_SPLINE_CURVE_WITH_KNOTS('',3,(#4709,#4710,#4711,#4712,#4713,#4714,
#4715),.UNSPECIFIED.,.F.,.F.,(4,3,4),(-0.0224647218378386,-0.0112323346587608,
0.),.UNSPECIFIED.);
#297=B_SPLINE_CURVE_WITH_KNOTS('',3,(#4716,#4717,#4718,#4719),
 .UNSPECIFIED.,.F.,.F.,(4,4),(0.000217960220377479,0.200492228149773),
 .UNSPECIFIED.);
#298=B_SPLINE_CURVE_WITH_KNOTS('',3,(#4745,#4746,#4747,#4748),
 .UNSPECIFIED.,.F.,.F.,(4,4),(0.00158757623808474,0.201405305494912),
 .UNSPECIFIED.);
#299=B_SPLINE_CURVE_WITH_KNOTS('',3,(#4749,#4750,#4751,#4752,#4753,#4754,
#4755,#4756,#4757,#4758,#4759,#4760),.UNSPECIFIED.,.F.,.F.,(4,2,2,2,2,4),
(-0.0968590370938871,-0.0944574550895743,-0.0914769354898555,-0.0812271496837423,
-0.052632764463637,0.),.UNSPECIFIED.);
#300=B_SPLINE_CURVE_WITH_KNOTS('',3,(#4778,#4779,#4780,#4781,#4782,#4783),
 .UNSPECIFIED.,.F.,.F.,(4,2,4),(0.091950844409599,0.151414764787924,0.293366518298322),
 .UNSPECIFIED.);
#301=B_SPLINE_CURVE_WITH_KNOTS('',3,(#4784,#4785,#4786,#4787),
 .UNSPECIFIED.,.F.,.F.,(4,4),(-0.0235401197760168,0.),.UNSPECIFIED.);
#302=B_SPLINE_CURVE_WITH_KNOTS('',3,(#4805,#4806,#4807,#4808),
 .UNSPECIFIED.,.F.,.F.,(4,4),(0.00158742005158315,0.201405201370577),
 .UNSPECIFIED.);
#303=B_SPLINE_CURVE_WITH_KNOTS('',3,(#4810,#4811,#4812,#4813),
 .UNSPECIFIED.,.F.,.F.,(4,4),(-0.290567475789065,-0.257932027078661),
 .UNSPECIFIED.);
#304=B_SPLINE_CURVE_WITH_KNOTS('',3,(#4814,#4815,#4816,#4817,#4818,#4819),
 .UNSPECIFIED.,.F.,.F.,(4,2,4),(0.00141140354012757,0.151415000300078,0.20282707742885),
 .UNSPECIFIED.);
#305=B_SPLINE_CURVE_WITH_KNOTS('',3,(#4845,#4846,#4847,#4848),
 .UNSPECIFIED.,.F.,.F.,(4,4),(0.0002179602203775,0.200492228149774),
 .UNSPECIFIED.);
#306=B_SPLINE_CURVE_WITH_KNOTS('',3,(#4849,#4850,#4851,#4852,#4853,#4854,
#4855,#4856),.UNSPECIFIED.,.F.,.F.,(4,2,2,4),(-0.00153268901615842,-0.00080937673084163,
-0.000140621241324333,0.),.UNSPECIFIED.);
#307=B_SPLINE_CURVE_WITH_KNOTS('',3,(#4860,#4861,#4862,#4863,#4864,#4865,
#4866,#4867),.UNSPECIFIED.,.F.,.F.,(4,2,2,4),(-0.0015326889837587,-0.000809376713931411,
-0.000140621238612913,0.),.UNSPECIFIED.);
#308=B_SPLINE_CURVE_WITH_KNOTS('',3,(#4868,#4869,#4870,#4871,#4872,#4873,
#4874),.UNSPECIFIED.,.F.,.F.,(4,3,4),(-0.0224647218378253,-0.0112323346587568,
0.),.UNSPECIFIED.);
#309=B_SPLINE_CURVE_WITH_KNOTS('',3,(#4877,#4878,#4879,#4880),
 .UNSPECIFIED.,.F.,.F.,(4,4),(-0.290567475788994,-0.257932027078732),
 .UNSPECIFIED.);
#310=B_SPLINE_CURVE_WITH_KNOTS('',3,(#4884,#4885,#4886,#4887,#4888,#4889,
#4890,#4891),.UNSPECIFIED.,.F.,.F.,(4,2,2,4),(-0.00153268901103133,-0.000809376728374911,
-0.000140621241035037,0.),.UNSPECIFIED.);
#311=B_SPLINE_CURVE_WITH_KNOTS('',3,(#4892,#4893,#4894,#4895,#4896,#4897,
#4898),.UNSPECIFIED.,.F.,.F.,(4,3,4),(-0.0224647218378342,-0.0112323346587586,
0.),.UNSPECIFIED.);
#312=B_SPLINE_CURVE_WITH_KNOTS('',3,(#4901,#4902,#4903,#4904),
 .UNSPECIFIED.,.F.,.F.,(4,4),(-0.290567475787448,-0.257932027077254),
 .UNSPECIFIED.);
#313=B_SPLINE_CURVE_WITH_KNOTS('',3,(#4907,#4908,#4909,#4910,#4911,#4912,
#4913,#4914),.UNSPECIFIED.,.F.,.F.,(4,2,2,4),(-0.0015326890109463,-0.000809376728330183,
-0.000140621241027776,0.),.UNSPECIFIED.);
#314=B_SPLINE_CURVE_WITH_KNOTS('',3,(#4917,#4918,#4919,#4920),
 .UNSPECIFIED.,.F.,.F.,(4,4),(-0.290567475789453,-0.257932027079419),
 .UNSPECIFIED.);
#315=B_SPLINE_CURVE_WITH_KNOTS('',3,(#4924,#4925,#4926,#4927,#4928,#4929,
#4930,#4931),.UNSPECIFIED.,.F.,.F.,(4,2,2,4),(-0.00153268901650085,-0.00080937673119444,
-0.000140621241469453,0.),.UNSPECIFIED.);
#316=B_SPLINE_CURVE_WITH_KNOTS('',3,(#4932,#4933,#4934,#4935,#4936,#4937,
#4938),.UNSPECIFIED.,.F.,.F.,(4,3,4),(-0.0224647218378289,-0.0112323346587596,
0.),.UNSPECIFIED.);
#317=B_SPLINE_CURVE_WITH_KNOTS('',3,(#4941,#4942,#4943,#4944),
 .UNSPECIFIED.,.F.,.F.,(4,4),(-0.290567475786435,-0.257932027076957),
 .UNSPECIFIED.);
#318=B_SPLINE_CURVE_WITH_KNOTS('',3,(#4947,#4948,#4949,#4950,#4951,#4952,
#4953,#4954),.UNSPECIFIED.,.F.,.F.,(4,2,2,4),(-0.00153268898513877,-0.000809376714696359,
-0.000140621238758522,0.),.UNSPECIFIED.);
#319=B_SPLINE_CURVE_WITH_KNOTS('',3,(#4957,#4958,#4959,#4960),
 .UNSPECIFIED.,.F.,.F.,(4,4),(-0.29056747578417,-0.257932027074112),
 .UNSPECIFIED.);
#320=B_SPLINE_CURVE_WITH_KNOTS('',3,(#4964,#4965,#4966,#4967,#4968,#4969,
#4970,#4971),.UNSPECIFIED.,.F.,.F.,(4,2,2,4),(-0.00153268897727161,-0.000809376711342616,
-0.000140621238603867,0.),.UNSPECIFIED.);
#321=B_SPLINE_CURVE_WITH_KNOTS('',3,(#4972,#4973,#4974,#4975,#4976,#4977,
#4978),.UNSPECIFIED.,.F.,.F.,(4,3,4),(-0.0224647218378537,-0.0112323346587648,
0.),.UNSPECIFIED.);
#322=B_SPLINE_CURVE_WITH_KNOTS('',3,(#4981,#4982,#4983,#4984),
 .UNSPECIFIED.,.F.,.F.,(4,4),(-0.29056747578979,-0.257932027079497),
 .UNSPECIFIED.);
#323=B_SPLINE_CURVE_WITH_KNOTS('',3,(#4987,#4988,#4989,#4990,#4991,#4992,
#4993,#4994),.UNSPECIFIED.,.F.,.F.,(4,2,2,4),(-0.00153268901633253,-0.000809376731106019,
-0.000140621241455166,0.),.UNSPECIFIED.);
#324=B_SPLINE_CURVE_WITH_KNOTS('',3,(#4997,#4998,#4999,#5000),
 .UNSPECIFIED.,.F.,.F.,(4,4),(-0.290567475785981,-0.257932027076399),
 .UNSPECIFIED.);
#325=B_SPLINE_CURVE_WITH_KNOTS('',3,(#5004,#5005,#5006,#5007,#5008,#5009,
#5010,#5011),.UNSPECIFIED.,.F.,.F.,(4,2,2,4),(-0.00153268899323538,-0.000809376718626691,
-0.000140621239238292,0.),.UNSPECIFIED.);
#326=B_SPLINE_CURVE_WITH_KNOTS('',3,(#5012,#5013,#5014,#5015,#5016,#5017,
#5018),.UNSPECIFIED.,.F.,.F.,(4,3,4),(-0.0224647218378345,-0.0112323346587611,
0.),.UNSPECIFIED.);
#327=B_SPLINE_CURVE_WITH_KNOTS('',3,(#5021,#5022,#5023,#5024),
 .UNSPECIFIED.,.F.,.F.,(4,4),(-0.290567475784996,-0.257932027075058),
 .UNSPECIFIED.);
#328=B_SPLINE_CURVE_WITH_KNOTS('',3,(#5027,#5028,#5029,#5030,#5031,#5032,
#5033,#5034),.UNSPECIFIED.,.F.,.F.,(4,2,2,4),(-0.00153268897646918,-0.000809376709904953,
-0.000140621237853763,0.),.UNSPECIFIED.);
#329=B_SPLINE_CURVE_WITH_KNOTS('',3,(#5037,#5038,#5039,#5040),
 .UNSPECIFIED.,.F.,.F.,(4,4),(-0.29056747578911,-0.257932027079348),
 .UNSPECIFIED.);
#330=B_SPLINE_CURVE_WITH_KNOTS('',3,(#5044,#5045,#5046,#5047,#5048,#5049,
#5050,#5051),.UNSPECIFIED.,.F.,.F.,(4,2,2,4),(-0.00153268898376478,-0.000809376713934652,
-0.000140621238613471,0.),.UNSPECIFIED.);
#331=B_SPLINE_CURVE_WITH_KNOTS('',3,(#5052,#5053,#5054,#5055,#5056,#5057,
#5058),.UNSPECIFIED.,.F.,.F.,(4,3,4),(-0.022464721837847,-0.0112323346587618,
0.),.UNSPECIFIED.);
#332=B_SPLINE_CURVE_WITH_KNOTS('',3,(#5061,#5062,#5063,#5064),
 .UNSPECIFIED.,.F.,.F.,(4,4),(-0.290567475790507,-0.257932027080078),
 .UNSPECIFIED.);
#333=B_SPLINE_CURVE_WITH_KNOTS('',3,(#5067,#5068,#5069,#5070,#5071,#5072,
#5073,#5074),.UNSPECIFIED.,.F.,.F.,(4,2,2,4),(-0.00153268900627931,-0.000809376725761392,
-0.000140621240548311,0.),.UNSPECIFIED.);
#334=B_SPLINE_CURVE_WITH_KNOTS('',3,(#5077,#5078,#5079,#5080),
 .UNSPECIFIED.,.F.,.F.,(4,4),(-0.29056747578644,-0.257932027075818),
 .UNSPECIFIED.);
#335=B_SPLINE_CURVE_WITH_KNOTS('',3,(#5084,#5085,#5086,#5087,#5088,#5089,
#5090,#5091),.UNSPECIFIED.,.F.,.F.,(4,2,2,4),(-0.00153268898537129,-0.00080937671481808,
-0.000140621238778052,0.),.UNSPECIFIED.);
#336=B_SPLINE_CURVE_WITH_KNOTS('',3,(#5092,#5093,#5094,#5095,#5096,#5097,
#5098),.UNSPECIFIED.,.F.,.F.,(4,3,4),(-0.0224647218378385,-0.0112323346587593,
0.),.UNSPECIFIED.);
#337=B_SPLINE_CURVE_WITH_KNOTS('',3,(#5101,#5102,#5103,#5104),
 .UNSPECIFIED.,.F.,.F.,(4,4),(-0.290567475789128,-0.257932027078505),
 .UNSPECIFIED.);
#338=B_SPLINE_CURVE_WITH_KNOTS('',3,(#5107,#5108,#5109,#5110,#5111,#5112,
#5113,#5114),.UNSPECIFIED.,.F.,.F.,(4,2,2,4),(-0.00153268898374761,-0.000809376713925732,
-0.00014062123861201,0.),.UNSPECIFIED.);
#339=B_SPLINE_CURVE_WITH_KNOTS('',3,(#5117,#5118,#5119,#5120),
 .UNSPECIFIED.,.F.,.F.,(4,4),(-0.290567475788836,-0.257932027078322),
 .UNSPECIFIED.);
#340=B_SPLINE_CURVE_WITH_KNOTS('',3,(#5124,#5125,#5126,#5127,#5128,#5129,
#5130,#5131),.UNSPECIFIED.,.F.,.F.,(4,2,2,4),(-0.00153268902151094,-0.000809376734583486,
-0.00014062124240825,0.),.UNSPECIFIED.);
#341=B_SPLINE_CURVE_WITH_KNOTS('',3,(#5132,#5133,#5134,#5135,#5136,#5137,
#5138),.UNSPECIFIED.,.F.,.F.,(4,3,4),(-0.0224647218378271,-0.0112323346587587,
0.),.UNSPECIFIED.);
#342=B_SPLINE_CURVE_WITH_KNOTS('',3,(#5141,#5142,#5143,#5144),
 .UNSPECIFIED.,.F.,.F.,(4,4),(-0.290567475787994,-0.257932027077651),
 .UNSPECIFIED.);
#343=B_SPLINE_CURVE_WITH_KNOTS('',3,(#5147,#5148,#5149,#5150,#5151,#5152,
#5153,#5154),.UNSPECIFIED.,.F.,.F.,(4,2,2,4),(-0.00153268897875258,-0.000809376712160509,
-0.000140621238757971,0.),.UNSPECIFIED.);
#344=B_SPLINE_CURVE_WITH_KNOTS('',3,(#5157,#5158,#5159,#5160),
 .UNSPECIFIED.,.F.,.F.,(4,4),(-0.290567475786842,-0.257932027076486),
 .UNSPECIFIED.);
#345=B_SPLINE_CURVE_WITH_KNOTS('',3,(#5164,#5165,#5166,#5167),
 .UNSPECIFIED.,.F.,.F.,(4,4),(-0.0235401197761339,0.),.UNSPECIFIED.);
#346=B_SPLINE_CURVE_WITH_KNOTS('',3,(#5170,#5171,#5172,#5173,#5174,#5175,
#5176),.UNSPECIFIED.,.F.,.F.,(4,3,4),(-0.022464721837824,-0.011232334658759,
0.),.UNSPECIFIED.);
#347=B_SPLINE_CURVE_WITH_KNOTS('',3,(#5177,#5178,#5179,#5180,#5181,#5182,
#5183,#5184,#5185,#5186,#5187,#5188),.UNSPECIFIED.,.F.,.F.,(4,2,2,2,2,4),
(-0.0968590370938768,-0.0944574550895506,-0.0914769354898424,-0.0812271496837295,
-0.052632764463632,0.),.UNSPECIFIED.);
#348=B_SPLINE_CURVE_WITH_KNOTS('',3,(#5191,#5192,#5193,#5194,#5195,#5196,
#5197,#5198),.UNSPECIFIED.,.F.,.F.,(4,2,2,4),(-0.00153268897893879,-0.00080937671225845,
-0.00014062123877385,0.),.UNSPECIFIED.);
#349=B_SPLINE_CURVE_WITH_KNOTS('',3,(#5201,#5202,#5203,#5204),
 .UNSPECIFIED.,.F.,.F.,(4,4),(-0.290567475789006,-0.257932027078549),
 .UNSPECIFIED.);
#350=B_SPLINE_CURVE_WITH_KNOTS('',3,(#5229,#5230,#5231,#5232),
 .UNSPECIFIED.,.F.,.F.,(4,4),(0.00158742005158308,0.201405201370577),
 .UNSPECIFIED.);
#351=B_SPLINE_CURVE_WITH_KNOTS('',3,(#5249,#5250,#5251,#5252,#5253,#5254),
 .UNSPECIFIED.,.F.,.F.,(4,2,4),(0.00141140354012756,0.151415000300078,0.20282707742885),
 .UNSPECIFIED.);
#352=B_SPLINE_CURVE_WITH_KNOTS('',3,(#5279,#5280,#5281,#5282),
 .UNSPECIFIED.,.F.,.F.,(4,4),(0.00158742005158318,0.201405201370577),
 .UNSPECIFIED.);
#353=B_SPLINE_CURVE_WITH_KNOTS('',3,(#5299,#5300,#5301,#5302,#5303,#5304),
 .UNSPECIFIED.,.F.,.F.,(4,2,4),(0.00141140354012755,0.151415000300078,0.20282707742885),
 .UNSPECIFIED.);
#354=B_SPLINE_CURVE_WITH_KNOTS('',3,(#5321,#5322,#5323,#5324),
 .UNSPECIFIED.,.F.,.F.,(4,4),(0.00158742005158315,0.201405201370577),
 .UNSPECIFIED.);
#355=B_SPLINE_CURVE_WITH_KNOTS('',3,(#5325,#5326,#5327,#5328,#5329,#5330),
 .UNSPECIFIED.,.F.,.F.,(4,2,4),(0.00141140354012759,0.151415000300078,0.20282707742885),
 .UNSPECIFIED.);
#356=B_SPLINE_CURVE_WITH_KNOTS('',3,(#5355,#5356,#5357,#5358),
 .UNSPECIFIED.,.F.,.F.,(4,4),(0.00158742005158318,0.201405201370577),
 .UNSPECIFIED.);
#357=B_SPLINE_CURVE_WITH_KNOTS('',3,(#5375,#5376,#5377,#5378,#5379,#5380),
 .UNSPECIFIED.,.F.,.F.,(4,2,4),(0.00141140354012757,0.151415000300078,0.20282707742885),
 .UNSPECIFIED.);
#358=B_SPLINE_CURVE_WITH_KNOTS('',3,(#5397,#5398,#5399,#5400),
 .UNSPECIFIED.,.F.,.F.,(4,4),(0.00158742005158315,0.201405201370577),
 .UNSPECIFIED.);
#359=B_SPLINE_CURVE_WITH_KNOTS('',3,(#5401,#5402,#5403,#5404,#5405,#5406),
 .UNSPECIFIED.,.F.,.F.,(4,2,4),(0.00141140354012754,0.151415000300078,0.20282707742885),
 .UNSPECIFIED.);
#360=B_SPLINE_CURVE_WITH_KNOTS('',3,(#5431,#5432,#5433,#5434),
 .UNSPECIFIED.,.F.,.F.,(4,4),(0.0015874200515832,0.201405201370577),
 .UNSPECIFIED.);
#361=B_SPLINE_CURVE_WITH_KNOTS('',3,(#5451,#5452,#5453,#5454,#5455,#5456),
 .UNSPECIFIED.,.F.,.F.,(4,2,4),(0.00141140354012753,0.151415000300078,0.20282707742885),
 .UNSPECIFIED.);
#362=B_SPLINE_CURVE_WITH_KNOTS('',3,(#5473,#5474,#5475,#5476),
 .UNSPECIFIED.,.F.,.F.,(4,4),(0.0015874200515832,0.201405201370577),
 .UNSPECIFIED.);
#363=B_SPLINE_CURVE_WITH_KNOTS('',3,(#5477,#5478,#5479,#5480,#5481,#5482),
 .UNSPECIFIED.,.F.,.F.,(4,2,4),(0.00141140354012757,0.151415000300078,0.20282707742885),
 .UNSPECIFIED.);
#364=B_SPLINE_CURVE_WITH_KNOTS('',3,(#5507,#5508,#5509,#5510),
 .UNSPECIFIED.,.F.,.F.,(4,4),(0.00158742005158323,0.201405201370577),
 .UNSPECIFIED.);
#365=B_SPLINE_CURVE_WITH_KNOTS('',3,(#5527,#5528,#5529,#5530,#5531,#5532),
 .UNSPECIFIED.,.F.,.F.,(4,2,4),(0.00141140354012746,0.151415000300078,0.20282707742885),
 .UNSPECIFIED.);
#366=B_SPLINE_CURVE_WITH_KNOTS('',3,(#5549,#5550,#5551,#5552),
 .UNSPECIFIED.,.F.,.F.,(4,4),(0.00158742005158318,0.201405201370577),
 .UNSPECIFIED.);
#367=B_SPLINE_CURVE_WITH_KNOTS('',3,(#5553,#5554,#5555,#5556,#5557,#5558),
 .UNSPECIFIED.,.F.,.F.,(4,2,4),(0.00141140354012746,0.151415000300078,0.202827077428849),
 .UNSPECIFIED.);
#368=B_SPLINE_CURVE_WITH_KNOTS('',3,(#5583,#5584,#5585,#5586),
 .UNSPECIFIED.,.F.,.F.,(4,4),(0.00158742005158325,0.201405201370577),
 .UNSPECIFIED.);
#369=B_SPLINE_CURVE_WITH_KNOTS('',3,(#5603,#5604,#5605,#5606,#5607,#5608),
 .UNSPECIFIED.,.F.,.F.,(4,2,4),(0.00141140354012753,0.151415000300078,0.20282707742885),
 .UNSPECIFIED.);
#370=B_SPLINE_CURVE_WITH_KNOTS('',3,(#5625,#5626,#5627,#5628),
 .UNSPECIFIED.,.F.,.F.,(4,4),(0.0015874200515832,0.201405201370577),
 .UNSPECIFIED.);
#371=B_SPLINE_CURVE_WITH_KNOTS('',3,(#5629,#5630,#5631,#5632),
 .UNSPECIFIED.,.F.,.F.,(4,4),(0.00141140354012754,0.20282707742885),
 .UNSPECIFIED.);
#372=B_SPLINE_CURVE_WITH_KNOTS('',3,(#5657,#5658,#5659,#5660),
 .UNSPECIFIED.,.F.,.F.,(4,4),(0.0015874200515832,0.201405201370577),
 .UNSPECIFIED.);
#373=B_SPLINE_CURVE_WITH_KNOTS('',3,(#5677,#5678,#5679,#5680,#5681,#5682),
 .UNSPECIFIED.,.F.,.F.,(4,2,4),(0.00141140354012756,0.151415000300078,0.20282707742885),
 .UNSPECIFIED.);
#374=B_SPLINE_CURVE_WITH_KNOTS('',3,(#5699,#5700,#5701,#5702),
 .UNSPECIFIED.,.F.,.F.,(4,4),(0.00158742005158325,0.201405201370577),
 .UNSPECIFIED.);
#375=B_SPLINE_CURVE_WITH_KNOTS('',3,(#5703,#5704,#5705,#5706),
 .UNSPECIFIED.,.F.,.F.,(4,4),(0.00141140354012756,0.20282707742885),
 .UNSPECIFIED.);
#376=B_SPLINE_CURVE_WITH_KNOTS('',3,(#5731,#5732,#5733,#5734),
 .UNSPECIFIED.,.F.,.F.,(4,4),(0.00158742005158325,0.201405201370577),
 .UNSPECIFIED.);
#377=B_SPLINE_CURVE_WITH_KNOTS('',3,(#5751,#5752,#5753,#5754,#5755,#5756),
 .UNSPECIFIED.,.F.,.F.,(4,2,4),(0.00141140354012756,0.151415000300078,0.20282707742885),
 .UNSPECIFIED.);
#378=B_SPLINE_CURVE_WITH_KNOTS('',3,(#5773,#5774,#5775,#5776),
 .UNSPECIFIED.,.F.,.F.,(4,4),(0.000217960220377784,0.200492228149774),
 .UNSPECIFIED.);
#379=B_SPLINE_CURVE_WITH_KNOTS('',3,(#5793,#5794,#5795,#5796),
 .UNSPECIFIED.,.F.,.F.,(4,4),(0.00158742005158323,0.201405201370577),
 .UNSPECIFIED.);
#380=B_SPLINE_CURVE_WITH_KNOTS('',3,(#5797,#5798,#5799,#5800),
 .UNSPECIFIED.,.F.,.F.,(4,4),(0.00141140354012754,0.202827077428849),
 .UNSPECIFIED.);
#381=B_SPLINE_CURVE_WITH_KNOTS('',3,(#5825,#5826,#5827,#5828),
 .UNSPECIFIED.,.F.,.F.,(4,4),(0.00158742005158325,0.201405201370577),
 .UNSPECIFIED.);
#382=B_SPLINE_CURVE_WITH_KNOTS('',3,(#5845,#5846,#5847,#5848,#5849,#5850),
 .UNSPECIFIED.,.F.,.F.,(4,2,4),(-0.202827077428849,-0.151415000300078,-0.00141140354012748),
 .UNSPECIFIED.);
#383=B_SPLINE_CURVE_WITH_KNOTS('',3,(#5867,#5868,#5869,#5870),
 .UNSPECIFIED.,.F.,.F.,(4,4),(0.000217960220377768,0.200492228149774),
 .UNSPECIFIED.);
#384=B_SPLINE_CURVE_WITH_KNOTS('',3,(#5931,#5932,#5933,#5934),
 .UNSPECIFIED.,.F.,.F.,(4,4),(0.000217960220377753,0.200492228149774),
 .UNSPECIFIED.);
#385=B_SPLINE_CURVE_WITH_KNOTS('',3,(#5977,#5978,#5979,#5980),
 .UNSPECIFIED.,.F.,.F.,(4,4),(0.000217960220377667,0.200492228149774),
 .UNSPECIFIED.);
#386=B_SPLINE_CURVE_WITH_KNOTS('',3,(#6023,#6024,#6025,#6026),
 .UNSPECIFIED.,.F.,.F.,(4,4),(0.000217960220377706,0.200492228149774),
 .UNSPECIFIED.);
#387=B_SPLINE_CURVE_WITH_KNOTS('',3,(#6069,#6070,#6071,#6072),
 .UNSPECIFIED.,.F.,.F.,(4,4),(0.000217960220377547,0.200492228149774),
 .UNSPECIFIED.);
#388=B_SPLINE_CURVE_WITH_KNOTS('',3,(#6115,#6116,#6117,#6118),
 .UNSPECIFIED.,.F.,.F.,(4,4),(0.000217960220377557,0.200492228149773),
 .UNSPECIFIED.);
#389=B_SPLINE_CURVE_WITH_KNOTS('',3,(#6161,#6162,#6163,#6164),
 .UNSPECIFIED.,.F.,.F.,(4,4),(0.000217960220377523,0.200492228149774),
 .UNSPECIFIED.);
#390=B_SPLINE_CURVE_WITH_KNOTS('',3,(#6191,#6192,#6193,#6194,#6195,#6196),
 .UNSPECIFIED.,.F.,.F.,(4,2,4),(0.0960224708535171,0.151414750732269,0.29743814474224),
 .UNSPECIFIED.);
#391=B_SPLINE_CURVE_WITH_KNOTS('',3,(#6213,#6214,#6215,#6216),
 .UNSPECIFIED.,.F.,.F.,(4,4),(0.00158757623808474,0.201405305494912),
 .UNSPECIFIED.);
#392=B_SPLINE_CURVE_WITH_KNOTS('',3,(#6241,#6242,#6243,#6244),
 .UNSPECIFIED.,.F.,.F.,(4,4),(0.000217960220377663,0.200492228149774),
 .UNSPECIFIED.);
#393=CONICAL_SURFACE('',#2256,5.97357277914221,0.785398163397448);
#394=CONICAL_SURFACE('',#2258,5.97357277914221,0.785398163397448);
#395=CONICAL_SURFACE('',#2260,5.97357277914221,0.785398163397448);
#396=CONICAL_SURFACE('',#2262,5.97357277914221,0.785398163397448);
#397=CONICAL_SURFACE('',#2264,5.97357277914221,0.785398163397448);
#398=CONICAL_SURFACE('',#2266,5.97357277914221,0.785398163397448);
#399=CONICAL_SURFACE('',#2268,5.97357277914221,0.785398163397448);
#400=CONICAL_SURFACE('',#2270,5.97357277914221,0.785398163397448);
#401=CONICAL_SURFACE('',#2272,5.97357277914221,0.785398163397448);
#402=CONICAL_SURFACE('',#2274,5.97357277914221,0.785398163397448);
#403=CONICAL_SURFACE('',#2276,5.97357277914221,0.785398163397448);
#404=CONICAL_SURFACE('',#2278,5.97357277914221,0.785398163397448);
#405=CONICAL_SURFACE('',#2280,5.97357277914221,0.785398163397448);
#406=CONICAL_SURFACE('',#2282,5.97357277914221,0.785398163397448);
#407=CONICAL_SURFACE('',#2284,5.97357277914221,0.785398163397448);
#408=CONICAL_SURFACE('',#2286,5.97357277914221,0.785398163397448);
#409=CONICAL_SURFACE('',#2288,5.97357277914221,0.785398163397448);
#410=CONICAL_SURFACE('',#2290,4.6301680378106,0.785398163397448);
#411=CONICAL_SURFACE('',#2292,4.6301680378106,0.785398163397448);
#412=CONICAL_SURFACE('',#2294,4.6301680378106,0.785398163397448);
#413=CONICAL_SURFACE('',#2296,4.6301680378106,0.785398163397448);
#414=CONICAL_SURFACE('',#2298,4.6301680378106,0.785398163397448);
#415=CONICAL_SURFACE('',#2300,4.6301680378106,0.785398163397448);
#416=CONICAL_SURFACE('',#2302,4.6301680378106,0.785398163397448);
#417=CONICAL_SURFACE('',#2304,4.6301680378106,0.785398163397448);
#418=CONICAL_SURFACE('',#2306,4.6301680378106,0.785398163397448);
#419=CONICAL_SURFACE('',#2308,4.6301680378106,0.785398163397448);
#420=CONICAL_SURFACE('',#2310,4.6301680378106,0.785398163397448);
#421=CONICAL_SURFACE('',#2312,4.6301680378106,0.785398163397448);
#422=CONICAL_SURFACE('',#2314,4.6301680378106,0.785398163397448);
#423=CONICAL_SURFACE('',#2316,4.6301680378106,0.785398163397448);
#424=CONICAL_SURFACE('',#2318,4.6301680378106,0.785398163397448);
#425=CONICAL_SURFACE('',#2320,4.6301680378106,0.785398163397448);
#426=CONICAL_SURFACE('',#2322,4.6301680378106,0.785398163397448);
#427=CONICAL_SURFACE('',#2342,3.17298685376013,0.682336021975354);
#428=CONICAL_SURFACE('',#2344,3.17298685376013,0.682336021975354);
#429=CONICAL_SURFACE('',#2346,3.17298685376013,0.682336021975354);
#430=CONICAL_SURFACE('',#2348,3.17298685376013,0.682336021975354);
#431=CONICAL_SURFACE('',#2350,3.17298685376013,0.682336021975354);
#432=CONICAL_SURFACE('',#2352,3.17298685376013,0.682336021975354);
#433=CONICAL_SURFACE('',#2354,3.17298685376013,0.682336021975354);
#434=CONICAL_SURFACE('',#2356,3.17298685376013,0.682336021975354);
#435=CONICAL_SURFACE('',#2358,3.17298685376013,0.682336021975354);
#436=CONICAL_SURFACE('',#2360,3.17298685376013,0.682336021975354);
#437=CONICAL_SURFACE('',#2362,3.17298685376013,0.682336021975354);
#438=CONICAL_SURFACE('',#2364,3.17298685376013,0.682336021975354);
#439=CONICAL_SURFACE('',#2366,3.17298685376013,0.682336021975354);
#440=CONICAL_SURFACE('',#2368,3.17298685376013,0.682336021975354);
#441=CONICAL_SURFACE('',#2370,3.17298685376013,0.682336021975354);
#442=CONICAL_SURFACE('',#2372,3.17298685376013,0.682336021975354);
#443=CONICAL_SURFACE('',#2376,3.17298685376013,0.682336021975354);
#444=FACE_OUTER_BOUND('',#583,.T.);
#445=FACE_OUTER_BOUND('',#584,.T.);
#446=FACE_OUTER_BOUND('',#585,.T.);
#447=FACE_OUTER_BOUND('',#586,.T.);
#448=FACE_OUTER_BOUND('',#587,.T.);
#449=FACE_OUTER_BOUND('',#588,.T.);
#450=FACE_OUTER_BOUND('',#589,.T.);
#451=FACE_OUTER_BOUND('',#590,.T.);
#452=FACE_OUTER_BOUND('',#591,.T.);
#453=FACE_OUTER_BOUND('',#592,.T.);
#454=FACE_OUTER_BOUND('',#593,.T.);
#455=FACE_OUTER_BOUND('',#594,.T.);
#456=FACE_OUTER_BOUND('',#595,.T.);
#457=FACE_OUTER_BOUND('',#596,.T.);
#458=FACE_OUTER_BOUND('',#597,.T.);
#459=FACE_OUTER_BOUND('',#598,.T.);
#460=FACE_OUTER_BOUND('',#599,.T.);
#461=FACE_OUTER_BOUND('',#600,.T.);
#462=FACE_OUTER_BOUND('',#601,.T.);
#463=FACE_OUTER_BOUND('',#602,.T.);
#464=FACE_OUTER_BOUND('',#603,.T.);
#465=FACE_OUTER_BOUND('',#604,.T.);
#466=FACE_OUTER_BOUND('',#605,.T.);
#467=FACE_OUTER_BOUND('',#606,.T.);
#468=FACE_OUTER_BOUND('',#607,.T.);
#469=FACE_OUTER_BOUND('',#608,.T.);
#470=FACE_OUTER_BOUND('',#609,.T.);
#471=FACE_OUTER_BOUND('',#610,.T.);
#472=FACE_OUTER_BOUND('',#611,.T.);
#473=FACE_OUTER_BOUND('',#612,.T.);
#474=FACE_OUTER_BOUND('',#613,.T.);
#475=FACE_OUTER_BOUND('',#614,.T.);
#476=FACE_OUTER_BOUND('',#615,.T.);
#477=FACE_OUTER_BOUND('',#616,.T.);
#478=FACE_OUTER_BOUND('',#617,.T.);
#479=FACE_OUTER_BOUND('',#618,.T.);
#480=FACE_OUTER_BOUND('',#619,.T.);
#481=FACE_OUTER_BOUND('',#620,.T.);
#482=FACE_OUTER_BOUND('',#621,.T.);
#483=FACE_OUTER_BOUND('',#622,.T.);
#484=FACE_OUTER_BOUND('',#623,.T.);
#485=FACE_OUTER_BOUND('',#624,.T.);
#486=FACE_OUTER_BOUND('',#625,.T.);
#487=FACE_OUTER_BOUND('',#626,.T.);
#488=FACE_OUTER_BOUND('',#627,.T.);
#489=FACE_OUTER_BOUND('',#628,.T.);
#490=FACE_OUTER_BOUND('',#629,.T.);
#491=FACE_OUTER_BOUND('',#630,.T.);
#492=FACE_OUTER_BOUND('',#631,.T.);
#493=FACE_OUTER_BOUND('',#632,.T.);
#494=FACE_OUTER_BOUND('',#633,.T.);
#495=FACE_OUTER_BOUND('',#634,.T.);
#496=FACE_OUTER_BOUND('',#635,.T.);
#497=FACE_OUTER_BOUND('',#636,.T.);
#498=FACE_OUTER_BOUND('',#637,.T.);
#499=FACE_OUTER_BOUND('',#638,.T.);
#500=FACE_OUTER_BOUND('',#639,.T.);
#501=FACE_OUTER_BOUND('',#640,.T.);
#502=FACE_OUTER_BOUND('',#641,.T.);
#503=FACE_OUTER_BOUND('',#642,.T.);
#504=FACE_OUTER_BOUND('',#643,.T.);
#505=FACE_OUTER_BOUND('',#644,.T.);
#506=FACE_OUTER_BOUND('',#645,.T.);
#507=FACE_OUTER_BOUND('',#646,.T.);
#508=FACE_OUTER_BOUND('',#647,.T.);
#509=FACE_OUTER_BOUND('',#648,.T.);
#510=FACE_OUTER_BOUND('',#649,.T.);
#511=FACE_OUTER_BOUND('',#650,.T.);
#512=FACE_OUTER_BOUND('',#651,.T.);
#513=FACE_OUTER_BOUND('',#652,.T.);
#514=FACE_OUTER_BOUND('',#653,.T.);
#515=FACE_OUTER_BOUND('',#654,.T.);
#516=FACE_OUTER_BOUND('',#655,.T.);
#517=FACE_OUTER_BOUND('',#656,.T.);
#518=FACE_OUTER_BOUND('',#657,.T.);
#519=FACE_OUTER_BOUND('',#658,.T.);
#520=FACE_OUTER_BOUND('',#659,.T.);
#521=FACE_OUTER_BOUND('',#660,.T.);
#522=FACE_OUTER_BOUND('',#661,.T.);
#523=FACE_OUTER_BOUND('',#662,.T.);
#524=FACE_OUTER_BOUND('',#663,.T.);
#525=FACE_OUTER_BOUND('',#664,.T.);
#526=FACE_OUTER_BOUND('',#665,.T.);
#527=FACE_OUTER_BOUND('',#666,.T.);
#528=FACE_OUTER_BOUND('',#667,.T.);
#529=FACE_OUTER_BOUND('',#668,.T.);
#530=FACE_OUTER_BOUND('',#669,.T.);
#531=FACE_OUTER_BOUND('',#670,.T.);
#532=FACE_OUTER_BOUND('',#671,.T.);
#533=FACE_OUTER_BOUND('',#672,.T.);
#534=FACE_OUTER_BOUND('',#673,.T.);
#535=FACE_OUTER_BOUND('',#674,.T.);
#536=FACE_OUTER_BOUND('',#675,.T.);
#537=FACE_OUTER_BOUND('',#676,.T.);
#538=FACE_OUTER_BOUND('',#677,.T.);
#539=FACE_OUTER_BOUND('',#678,.T.);
#540=FACE_OUTER_BOUND('',#679,.T.);
#541=FACE_OUTER_BOUND('',#680,.T.);
#542=FACE_OUTER_BOUND('',#681,.T.);
#543=FACE_OUTER_BOUND('',#682,.T.);
#544=FACE_OUTER_BOUND('',#683,.T.);
#545=FACE_OUTER_BOUND('',#684,.T.);
#546=FACE_OUTER_BOUND('',#685,.T.);
#547=FACE_OUTER_BOUND('',#686,.T.);
#548=FACE_OUTER_BOUND('',#687,.T.);
#549=FACE_OUTER_BOUND('',#688,.T.);
#550=FACE_OUTER_BOUND('',#690,.T.);
#551=FACE_OUTER_BOUND('',#691,.T.);
#552=FACE_OUTER_BOUND('',#692,.T.);
#553=FACE_OUTER_BOUND('',#693,.T.);
#554=FACE_OUTER_BOUND('',#694,.T.);
#555=FACE_OUTER_BOUND('',#695,.T.);
#556=FACE_OUTER_BOUND('',#696,.T.);
#557=FACE_OUTER_BOUND('',#697,.T.);
#558=FACE_OUTER_BOUND('',#698,.T.);
#559=FACE_OUTER_BOUND('',#699,.T.);
#560=FACE_OUTER_BOUND('',#700,.T.);
#561=FACE_OUTER_BOUND('',#701,.T.);
#562=FACE_OUTER_BOUND('',#702,.T.);
#563=FACE_OUTER_BOUND('',#703,.T.);
#564=FACE_OUTER_BOUND('',#704,.T.);
#565=FACE_OUTER_BOUND('',#705,.T.);
#566=FACE_OUTER_BOUND('',#706,.T.);
#567=FACE_OUTER_BOUND('',#707,.T.);
#568=FACE_OUTER_BOUND('',#708,.T.);
#569=FACE_OUTER_BOUND('',#709,.T.);
#570=FACE_OUTER_BOUND('',#710,.T.);
#571=FACE_OUTER_BOUND('',#711,.T.);
#572=FACE_OUTER_BOUND('',#712,.T.);
#573=FACE_OUTER_BOUND('',#713,.T.);
#574=FACE_OUTER_BOUND('',#714,.T.);
#575=FACE_OUTER_BOUND('',#715,.T.);
#576=FACE_OUTER_BOUND('',#716,.T.);
#577=FACE_OUTER_BOUND('',#717,.T.);
#578=FACE_OUTER_BOUND('',#718,.T.);
#579=FACE_OUTER_BOUND('',#719,.T.);
#580=FACE_OUTER_BOUND('',#720,.T.);
#581=FACE_OUTER_BOUND('',#721,.T.);
#582=FACE_OUTER_BOUND('',#723,.T.);
#583=EDGE_LOOP('',(#1379,#1380,#1381,#1382));
#584=EDGE_LOOP('',(#1383,#1384,#1385,#1386,#1387,#1388,#1389));
#585=EDGE_LOOP('',(#1390,#1391,#1392,#1393,#1394,#1395,#1396));
#586=EDGE_LOOP('',(#1397,#1398,#1399,#1400,#1401,#1402,#1403));
#587=EDGE_LOOP('',(#1404,#1405,#1406,#1407,#1408,#1409,#1410));
#588=EDGE_LOOP('',(#1411,#1412,#1413,#1414,#1415,#1416,#1417));
#589=EDGE_LOOP('',(#1418,#1419,#1420,#1421,#1422,#1423,#1424));
#590=EDGE_LOOP('',(#1425,#1426,#1427,#1428,#1429,#1430,#1431));
#591=EDGE_LOOP('',(#1432,#1433,#1434,#1435,#1436,#1437,#1438));
#592=EDGE_LOOP('',(#1439,#1440,#1441,#1442,#1443,#1444,#1445));
#593=EDGE_LOOP('',(#1446,#1447,#1448,#1449,#1450,#1451,#1452));
#594=EDGE_LOOP('',(#1453,#1454,#1455,#1456,#1457,#1458,#1459));
#595=EDGE_LOOP('',(#1460,#1461,#1462,#1463,#1464,#1465,#1466));
#596=EDGE_LOOP('',(#1467,#1468,#1469,#1470,#1471,#1472,#1473));
#597=EDGE_LOOP('',(#1474,#1475,#1476,#1477,#1478,#1479,#1480));
#598=EDGE_LOOP('',(#1481,#1482,#1483,#1484,#1485,#1486,#1487));
#599=EDGE_LOOP('',(#1488,#1489,#1490,#1491,#1492,#1493,#1494));
#600=EDGE_LOOP('',(#1495,#1496,#1497,#1498,#1499,#1500,#1501));
#601=EDGE_LOOP('',(#1502,#1503,#1504,#1505));
#602=EDGE_LOOP('',(#1506,#1507,#1508,#1509));
#603=EDGE_LOOP('',(#1510,#1511,#1512,#1513,#1514));
#604=EDGE_LOOP('',(#1515,#1516,#1517,#1518));
#605=EDGE_LOOP('',(#1519,#1520,#1521,#1522));
#606=EDGE_LOOP('',(#1523,#1524,#1525,#1526));
#607=EDGE_LOOP('',(#1527,#1528,#1529,#1530));
#608=EDGE_LOOP('',(#1531,#1532,#1533,#1534,#1535));
#609=EDGE_LOOP('',(#1536,#1537,#1538,#1539));
#610=EDGE_LOOP('',(#1540,#1541,#1542,#1543));
#611=EDGE_LOOP('',(#1544,#1545,#1546,#1547));
#612=EDGE_LOOP('',(#1548,#1549,#1550,#1551));
#613=EDGE_LOOP('',(#1552,#1553,#1554,#1555,#1556));
#614=EDGE_LOOP('',(#1557,#1558,#1559,#1560));
#615=EDGE_LOOP('',(#1561,#1562,#1563,#1564));
#616=EDGE_LOOP('',(#1565,#1566,#1567,#1568));
#617=EDGE_LOOP('',(#1569,#1570,#1571,#1572));
#618=EDGE_LOOP('',(#1573,#1574,#1575,#1576,#1577));
#619=EDGE_LOOP('',(#1578,#1579,#1580,#1581));
#620=EDGE_LOOP('',(#1582,#1583,#1584,#1585));
#621=EDGE_LOOP('',(#1586,#1587,#1588,#1589));
#622=EDGE_LOOP('',(#1590,#1591,#1592,#1593));
#623=EDGE_LOOP('',(#1594,#1595,#1596,#1597,#1598));
#624=EDGE_LOOP('',(#1599,#1600,#1601,#1602));
#625=EDGE_LOOP('',(#1603,#1604,#1605,#1606));
#626=EDGE_LOOP('',(#1607,#1608,#1609,#1610));
#627=EDGE_LOOP('',(#1611,#1612,#1613,#1614));
#628=EDGE_LOOP('',(#1615,#1616,#1617,#1618,#1619));
#629=EDGE_LOOP('',(#1620,#1621,#1622,#1623));
#630=EDGE_LOOP('',(#1624,#1625,#1626,#1627));
#631=EDGE_LOOP('',(#1628,#1629,#1630,#1631));
#632=EDGE_LOOP('',(#1632,#1633,#1634,#1635));
#633=EDGE_LOOP('',(#1636,#1637,#1638,#1639,#1640));
#634=EDGE_LOOP('',(#1641,#1642,#1643,#1644));
#635=EDGE_LOOP('',(#1645,#1646,#1647,#1648));
#636=EDGE_LOOP('',(#1649,#1650,#1651,#1652));
#637=EDGE_LOOP('',(#1653,#1654,#1655,#1656));
#638=EDGE_LOOP('',(#1657,#1658,#1659,#1660,#1661));
#639=EDGE_LOOP('',(#1662,#1663,#1664,#1665));
#640=EDGE_LOOP('',(#1666,#1667,#1668,#1669));
#641=EDGE_LOOP('',(#1670,#1671,#1672,#1673));
#642=EDGE_LOOP('',(#1674,#1675,#1676,#1677));
#643=EDGE_LOOP('',(#1678,#1679,#1680,#1681,#1682,#1683));
#644=EDGE_LOOP('',(#1684,#1685,#1686,#1687,#1688,#1689));
#645=EDGE_LOOP('',(#1690,#1691,#1692,#1693,#1694,#1695));
#646=EDGE_LOOP('',(#1696,#1697,#1698,#1699,#1700,#1701));
#647=EDGE_LOOP('',(#1702,#1703,#1704,#1705,#1706,#1707));
#648=EDGE_LOOP('',(#1708,#1709,#1710,#1711,#1712,#1713));
#649=EDGE_LOOP('',(#1714,#1715,#1716,#1717,#1718,#1719));
#650=EDGE_LOOP('',(#1720,#1721,#1722,#1723,#1724,#1725));
#651=EDGE_LOOP('',(#1726,#1727,#1728,#1729,#1730,#1731));
#652=EDGE_LOOP('',(#1732,#1733,#1734,#1735,#1736,#1737));
#653=EDGE_LOOP('',(#1738,#1739,#1740,#1741,#1742,#1743));
#654=EDGE_LOOP('',(#1744,#1745,#1746,#1747,#1748,#1749));
#655=EDGE_LOOP('',(#1750,#1751,#1752,#1753,#1754,#1755));
#656=EDGE_LOOP('',(#1756,#1757,#1758,#1759,#1760,#1761));
#657=EDGE_LOOP('',(#1762,#1763,#1764,#1765,#1766,#1767));
#658=EDGE_LOOP('',(#1768,#1769,#1770,#1771,#1772,#1773));
#659=EDGE_LOOP('',(#1774,#1775,#1776,#1777,#1778,#1779));
#660=EDGE_LOOP('',(#1780,#1781,#1782,#1783));
#661=EDGE_LOOP('',(#1784,#1785,#1786,#1787));
#662=EDGE_LOOP('',(#1788,#1789,#1790,#1791));
#663=EDGE_LOOP('',(#1792,#1793,#1794,#1795));
#664=EDGE_LOOP('',(#1796,#1797,#1798,#1799));
#665=EDGE_LOOP('',(#1800,#1801,#1802,#1803));
#666=EDGE_LOOP('',(#1804,#1805,#1806,#1807));
#667=EDGE_LOOP('',(#1808,#1809,#1810,#1811));
#668=EDGE_LOOP('',(#1812,#1813,#1814,#1815));
#669=EDGE_LOOP('',(#1816,#1817,#1818,#1819));
#670=EDGE_LOOP('',(#1820,#1821,#1822,#1823));
#671=EDGE_LOOP('',(#1824,#1825,#1826,#1827));
#672=EDGE_LOOP('',(#1828,#1829,#1830,#1831));
#673=EDGE_LOOP('',(#1832,#1833,#1834,#1835));
#674=EDGE_LOOP('',(#1836,#1837,#1838,#1839));
#675=EDGE_LOOP('',(#1840,#1841,#1842,#1843));
#676=EDGE_LOOP('',(#1844,#1845,#1846,#1847));
#677=EDGE_LOOP('',(#1848,#1849,#1850,#1851));
#678=EDGE_LOOP('',(#1852,#1853,#1854,#1855));
#679=EDGE_LOOP('',(#1856,#1857,#1858,#1859));
#680=EDGE_LOOP('',(#1860,#1861,#1862,#1863));
#681=EDGE_LOOP('',(#1864,#1865,#1866,#1867));
#682=EDGE_LOOP('',(#1868,#1869,#1870,#1871,#1872));
#683=EDGE_LOOP('',(#1873,#1874,#1875,#1876));
#684=EDGE_LOOP('',(#1877,#1878,#1879,#1880));
#685=EDGE_LOOP('',(#1881,#1882,#1883,#1884));
#686=EDGE_LOOP('',(#1885,#1886,#1887,#1888,#1889));
#687=EDGE_LOOP('',(#1890,#1891,#1892,#1893));
#688=EDGE_LOOP('',(#1894,#1895,#1896,#1897,#1898,#1899,#1900,#1901,#1902,
#1903,#1904,#1905,#1906,#1907,#1908,#1909,#1910,#1911,#1912,#1913,#1914,
#1915,#1916,#1917,#1918,#1919,#1920,#1921,#1922,#1923,#1924,#1925,#1926,
#1927));
#689=EDGE_LOOP('',(#1928));
#690=EDGE_LOOP('',(#1929,#1930,#1931,#1932));
#691=EDGE_LOOP('',(#1933,#1934,#1935,#1936,#1937));
#692=EDGE_LOOP('',(#1938,#1939,#1940,#1941));
#693=EDGE_LOOP('',(#1942,#1943,#1944,#1945));
#694=EDGE_LOOP('',(#1946,#1947,#1948,#1949,#1950));
#695=EDGE_LOOP('',(#1951,#1952,#1953,#1954));
#696=EDGE_LOOP('',(#1955,#1956,#1957,#1958));
#697=EDGE_LOOP('',(#1959,#1960,#1961,#1962,#1963));
#698=EDGE_LOOP('',(#1964,#1965,#1966,#1967));
#699=EDGE_LOOP('',(#1968,#1969,#1970,#1971));
#700=EDGE_LOOP('',(#1972,#1973,#1974,#1975,#1976));
#701=EDGE_LOOP('',(#1977,#1978,#1979,#1980));
#702=EDGE_LOOP('',(#1981,#1982,#1983,#1984));
#703=EDGE_LOOP('',(#1985,#1986,#1987,#1988,#1989));
#704=EDGE_LOOP('',(#1990,#1991,#1992,#1993));
#705=EDGE_LOOP('',(#1994,#1995,#1996,#1997));
#706=EDGE_LOOP('',(#1998,#1999,#2000,#2001,#2002));
#707=EDGE_LOOP('',(#2003,#2004,#2005,#2006));
#708=EDGE_LOOP('',(#2007,#2008,#2009,#2010));
#709=EDGE_LOOP('',(#2011,#2012,#2013,#2014));
#710=EDGE_LOOP('',(#2015,#2016,#2017,#2018));
#711=EDGE_LOOP('',(#2019,#2020,#2021,#2022,#2023));
#712=EDGE_LOOP('',(#2024,#2025,#2026,#2027));
#713=EDGE_LOOP('',(#2028,#2029,#2030,#2031));
#714=EDGE_LOOP('',(#2032,#2033,#2034,#2035));
#715=EDGE_LOOP('',(#2036,#2037,#2038,#2039));
#716=EDGE_LOOP('',(#2040,#2041,#2042,#2043));
#717=EDGE_LOOP('',(#2044,#2045,#2046,#2047));
#718=EDGE_LOOP('',(#2048,#2049,#2050,#2051));
#719=EDGE_LOOP('',(#2052,#2053,#2054,#2055));
#720=EDGE_LOOP('',(#2056,#2057,#2058,#2059));
#721=EDGE_LOOP('',(#2060,#2061,#2062,#2063,#2064,#2065,#2066,#2067,#2068,
#2069,#2070,#2071,#2072,#2073,#2074,#2075,#2076,#2077,#2078,#2079,#2080,
#2081,#2082,#2083,#2084,#2085,#2086,#2087,#2088,#2089,#2090,#2091,#2092,
#2093));
#722=EDGE_LOOP('',(#2094));
#723=EDGE_LOOP('',(#2095,#2096,#2097,#2098));
#724=LINE('',#2633,#725);
#725=VECTOR('',#2383,1.25);
#726=CIRCLE('',#2254,1.25);
#727=CIRCLE('',#2255,1.25);
#728=CIRCLE('',#2257,3.80805826175841);
#729=CIRCLE('',#2259,3.80805826175841);
#730=CIRCLE('',#2261,3.80805826175841);
#731=CIRCLE('',#2263,3.80805826175841);
#732=CIRCLE('',#2265,3.80805826175841);
#733=CIRCLE('',#2267,3.80805826175841);
#734=CIRCLE('',#2269,3.80805826175841);
#735=CIRCLE('',#2271,3.80805826175841);
#736=CIRCLE('',#2273,3.80805826175841);
#737=CIRCLE('',#2275,3.80805826175841);
#738=CIRCLE('',#2277,3.80805826175841);
#739=CIRCLE('',#2279,3.80805826175841);
#740=CIRCLE('',#2281,3.80805826175841);
#741=CIRCLE('',#2283,3.80805826175841);
#742=CIRCLE('',#2285,3.80805826175841);
#743=CIRCLE('',#2287,3.80805826175841);
#744=CIRCLE('',#2289,3.80805826175841);
#745=CIRCLE('',#2291,2.53791544576185);
#746=CIRCLE('',#2293,2.53791544576185);
#747=CIRCLE('',#2295,2.53791544576185);
#748=CIRCLE('',#2297,2.53791544576185);
#749=CIRCLE('',#2299,2.53791544576185);
#750=CIRCLE('',#2301,2.53791544576185);
#751=CIRCLE('',#2303,2.53791544576185);
#752=CIRCLE('',#2305,2.53791544576185);
#753=CIRCLE('',#2307,2.53791544576185);
#754=CIRCLE('',#2309,2.53791544576185);
#755=CIRCLE('',#2311,2.53791544576185);
#756=CIRCLE('',#2313,2.53791544576185);
#757=CIRCLE('',#2315,2.53791544576185);
#758=CIRCLE('',#2317,2.53791544576185);
#759=CIRCLE('',#2319,2.53791544576185);
#760=CIRCLE('',#2321,2.53791544576185);
#761=CIRCLE('',#2323,2.53791544576185);
#762=CIRCLE('',#2325,3.80805826175841);
#763=CIRCLE('',#2326,3.80805826175841);
#764=CIRCLE('',#2327,3.80805826175841);
#765=CIRCLE('',#2328,3.80805826175841);
#766=CIRCLE('',#2329,3.80805826175841);
#767=CIRCLE('',#2330,3.80805826175841);
#768=CIRCLE('',#2331,3.80805826175841);
#769=CIRCLE('',#2332,3.80805826175841);
#770=CIRCLE('',#2333,3.80805826175841);
#771=CIRCLE('',#2334,3.80805826175841);
#772=CIRCLE('',#2335,3.80805826175841);
#773=CIRCLE('',#2336,3.80805826175841);
#774=CIRCLE('',#2337,3.80805826175841);
#775=CIRCLE('',#2338,3.80805826175841);
#776=CIRCLE('',#2339,3.80805826175841);
#777=CIRCLE('',#2340,3.80805826175841);
#778=CIRCLE('',#2341,3.80805826175841);
#779=CIRCLE('',#2343,2.53791544576185);
#780=CIRCLE('',#2345,2.53791544576185);
#781=CIRCLE('',#2347,2.53791544576185);
#782=CIRCLE('',#2349,2.53791544576185);
#783=CIRCLE('',#2351,2.53791544576185);
#784=CIRCLE('',#2353,2.53791544576185);
#785=CIRCLE('',#2355,2.53791544576185);
#786=CIRCLE('',#2357,2.53791544576185);
#787=CIRCLE('',#2359,2.53791544576185);
#788=CIRCLE('',#2361,2.53791544576185);
#789=CIRCLE('',#2363,2.53791544576185);
#790=CIRCLE('',#2365,2.53791544576185);
#791=CIRCLE('',#2367,2.53791544576185);
#792=CIRCLE('',#2369,2.53791544576185);
#793=CIRCLE('',#2371,2.53791544576185);
#794=CIRCLE('',#2373,2.53791544576185);
#795=CIRCLE('',#2375,2.53791544576185);
#796=VERTEX_POINT('',#2630);
#797=VERTEX_POINT('',#2632);
#798=VERTEX_POINT('',#2636);
#799=VERTEX_POINT('',#2637);
#800=VERTEX_POINT('',#2646);
#801=VERTEX_POINT('',#2651);
#802=VERTEX_POINT('',#2656);
#803=VERTEX_POINT('',#2669);
#804=VERTEX_POINT('',#2674);
#805=VERTEX_POINT('',#2681);
#806=VERTEX_POINT('',#2682);
#807=VERTEX_POINT('',#2687);
#808=VERTEX_POINT('',#2689);
#809=VERTEX_POINT('',#2694);
#810=VERTEX_POINT('',#2703);
#811=VERTEX_POINT('',#2708);
#812=VERTEX_POINT('',#2726);
#813=VERTEX_POINT('',#2727);
#814=VERTEX_POINT('',#2732);
#815=VERTEX_POINT('',#2734);
#816=VERTEX_POINT('',#2739);
#817=VERTEX_POINT('',#2748);
#818=VERTEX_POINT('',#2753);
#819=VERTEX_POINT('',#2771);
#820=VERTEX_POINT('',#2772);
#821=VERTEX_POINT('',#2777);
#822=VERTEX_POINT('',#2779);
#823=VERTEX_POINT('',#2784);
#824=VERTEX_POINT('',#2793);
#825=VERTEX_POINT('',#2798);
#826=VERTEX_POINT('',#2816);
#827=VERTEX_POINT('',#2817);
#828=VERTEX_POINT('',#2822);
#829=VERTEX_POINT('',#2824);
#830=VERTEX_POINT('',#2829);
#831=VERTEX_POINT('',#2838);
#832=VERTEX_POINT('',#2843);
#833=VERTEX_POINT('',#2861);
#834=VERTEX_POINT('',#2862);
#835=VERTEX_POINT('',#2867);
#836=VERTEX_POINT('',#2869);
#837=VERTEX_POINT('',#2874);
#838=VERTEX_POINT('',#2883);
#839=VERTEX_POINT('',#2888);
#840=VERTEX_POINT('',#2906);
#841=VERTEX_POINT('',#2907);
#842=VERTEX_POINT('',#2912);
#843=VERTEX_POINT('',#2914);
#844=VERTEX_POINT('',#2919);
#845=VERTEX_POINT('',#2928);
#846=VERTEX_POINT('',#2933);
#847=VERTEX_POINT('',#2951);
#848=VERTEX_POINT('',#2952);
#849=VERTEX_POINT('',#2957);
#850=VERTEX_POINT('',#2959);
#851=VERTEX_POINT('',#2964);
#852=VERTEX_POINT('',#2973);
#853=VERTEX_POINT('',#2978);
#854=VERTEX_POINT('',#2996);
#855=VERTEX_POINT('',#2997);
#856=VERTEX_POINT('',#3002);
#857=VERTEX_POINT('',#3004);
#858=VERTEX_POINT('',#3009);
#859=VERTEX_POINT('',#3018);
#860=VERTEX_POINT('',#3023);
#861=VERTEX_POINT('',#3041);
#862=VERTEX_POINT('',#3042);
#863=VERTEX_POINT('',#3047);
#864=VERTEX_POINT('',#3049);
#865=VERTEX_POINT('',#3054);
#866=VERTEX_POINT('',#3063);
#867=VERTEX_POINT('',#3068);
#868=VERTEX_POINT('',#3086);
#869=VERTEX_POINT('',#3087);
#870=VERTEX_POINT('',#3092);
#871=VERTEX_POINT('',#3094);
#872=VERTEX_POINT('',#3099);
#873=VERTEX_POINT('',#3108);
#874=VERTEX_POINT('',#3113);
#875=VERTEX_POINT('',#3131);
#876=VERTEX_POINT('',#3132);
#877=VERTEX_POINT('',#3137);
#878=VERTEX_POINT('',#3139);
#879=VERTEX_POINT('',#3144);
#880=VERTEX_POINT('',#3153);
#881=VERTEX_POINT('',#3158);
#882=VERTEX_POINT('',#3176);
#883=VERTEX_POINT('',#3177);
#884=VERTEX_POINT('',#3182);
#885=VERTEX_POINT('',#3184);
#886=VERTEX_POINT('',#3189);
#887=VERTEX_POINT('',#3198);
#888=VERTEX_POINT('',#3203);
#889=VERTEX_POINT('',#3221);
#890=VERTEX_POINT('',#3222);
#891=VERTEX_POINT('',#3227);
#892=VERTEX_POINT('',#3229);
#893=VERTEX_POINT('',#3234);
#894=VERTEX_POINT('',#3243);
#895=VERTEX_POINT('',#3248);
#896=VERTEX_POINT('',#3266);
#897=VERTEX_POINT('',#3267);
#898=VERTEX_POINT('',#3272);
#899=VERTEX_POINT('',#3274);
#900=VERTEX_POINT('',#3279);
#901=VERTEX_POINT('',#3288);
#902=VERTEX_POINT('',#3293);
#903=VERTEX_POINT('',#3311);
#904=VERTEX_POINT('',#3312);
#905=VERTEX_POINT('',#3317);
#906=VERTEX_POINT('',#3319);
#907=VERTEX_POINT('',#3324);
#908=VERTEX_POINT('',#3333);
#909=VERTEX_POINT('',#3338);
#910=VERTEX_POINT('',#3356);
#911=VERTEX_POINT('',#3357);
#912=VERTEX_POINT('',#3362);
#913=VERTEX_POINT('',#3364);
#914=VERTEX_POINT('',#3369);
#915=VERTEX_POINT('',#3378);
#916=VERTEX_POINT('',#3383);
#917=VERTEX_POINT('',#3424);
#918=VERTEX_POINT('',#3429);
#919=VERTEX_POINT('',#3462);
#920=VERTEX_POINT('',#3489);
#921=VERTEX_POINT('',#3494);
#922=VERTEX_POINT('',#3530);
#923=VERTEX_POINT('',#3535);
#924=VERTEX_POINT('',#3576);
#925=VERTEX_POINT('',#3609);
#926=VERTEX_POINT('',#3634);
#927=VERTEX_POINT('',#3661);
#928=VERTEX_POINT('',#3666);
#929=VERTEX_POINT('',#3702);
#930=VERTEX_POINT('',#3707);
#931=VERTEX_POINT('',#3748);
#932=VERTEX_POINT('',#3781);
#933=VERTEX_POINT('',#3806);
#934=VERTEX_POINT('',#3833);
#935=VERTEX_POINT('',#3838);
#936=VERTEX_POINT('',#3874);
#937=VERTEX_POINT('',#3879);
#938=VERTEX_POINT('',#3920);
#939=VERTEX_POINT('',#3953);
#940=VERTEX_POINT('',#3980);
#941=VERTEX_POINT('',#4007);
#942=VERTEX_POINT('',#4012);
#943=VERTEX_POINT('',#4048);
#944=VERTEX_POINT('',#4053);
#945=VERTEX_POINT('',#4094);
#946=VERTEX_POINT('',#4127);
#947=VERTEX_POINT('',#4154);
#948=VERTEX_POINT('',#4181);
#949=VERTEX_POINT('',#4186);
#950=VERTEX_POINT('',#4222);
#951=VERTEX_POINT('',#4227);
#952=VERTEX_POINT('',#4268);
#953=VERTEX_POINT('',#4301);
#954=VERTEX_POINT('',#4328);
#955=VERTEX_POINT('',#4355);
#956=VERTEX_POINT('',#4360);
#957=VERTEX_POINT('',#4396);
#958=VERTEX_POINT('',#4401);
#959=VERTEX_POINT('',#4442);
#960=VERTEX_POINT('',#4475);
#961=VERTEX_POINT('',#4502);
#962=VERTEX_POINT('',#4529);
#963=VERTEX_POINT('',#4534);
#964=VERTEX_POINT('',#4570);
#965=VERTEX_POINT('',#4575);
#966=VERTEX_POINT('',#4616);
#967=VERTEX_POINT('',#4649);
#968=VERTEX_POINT('',#4676);
#969=VERTEX_POINT('',#4703);
#970=VERTEX_POINT('',#4708);
#971=VERTEX_POINT('',#4744);
#972=VERTEX_POINT('',#4777);
#973=VERTEX_POINT('',#4804);
#974=VERTEX_POINT('',#4809);
#975=VERTEX_POINT('',#4844);
#976=VERTEX_POINT('',#4858);
#977=VERTEX_POINT('',#4859);
#978=VERTEX_POINT('',#4875);
#979=VERTEX_POINT('',#4882);
#980=VERTEX_POINT('',#4883);
#981=VERTEX_POINT('',#4899);
#982=VERTEX_POINT('',#4906);
#983=VERTEX_POINT('',#4915);
#984=VERTEX_POINT('',#4922);
#985=VERTEX_POINT('',#4923);
#986=VERTEX_POINT('',#4939);
#987=VERTEX_POINT('',#4946);
#988=VERTEX_POINT('',#4955);
#989=VERTEX_POINT('',#4962);
#990=VERTEX_POINT('',#4963);
#991=VERTEX_POINT('',#4979);
#992=VERTEX_POINT('',#4986);
#993=VERTEX_POINT('',#4995);
#994=VERTEX_POINT('',#5002);
#995=VERTEX_POINT('',#5003);
#996=VERTEX_POINT('',#5019);
#997=VERTEX_POINT('',#5026);
#998=VERTEX_POINT('',#5035);
#999=VERTEX_POINT('',#5042);
#1000=VERTEX_POINT('',#5043);
#1001=VERTEX_POINT('',#5059);
#1002=VERTEX_POINT('',#5066);
#1003=VERTEX_POINT('',#5075);
#1004=VERTEX_POINT('',#5082);
#1005=VERTEX_POINT('',#5083);
#1006=VERTEX_POINT('',#5099);
#1007=VERTEX_POINT('',#5106);
#1008=VERTEX_POINT('',#5115);
#1009=VERTEX_POINT('',#5122);
#1010=VERTEX_POINT('',#5123);
#1011=VERTEX_POINT('',#5139);
#1012=VERTEX_POINT('',#5146);
#1013=VERTEX_POINT('',#5155);
#1014=VERTEX_POINT('',#5162);
#1015=VERTEX_POINT('',#5163);
#1016=VERTEX_POINT('',#5169);
#1017=VERTEX_POINT('',#5190);
#1018=VERTEX_POINT('',#5199);
#1019=EDGE_CURVE('',#796,#796,#726,.T.);
#1020=EDGE_CURVE('',#796,#797,#724,.T.);
#1021=EDGE_CURVE('',#797,#797,#727,.T.);
#1022=EDGE_CURVE('',#798,#799,#104,.T.);
#1023=EDGE_CURVE('',#800,#798,#105,.T.);
#1024=EDGE_CURVE('',#801,#800,#106,.T.);
#1025=EDGE_CURVE('',#802,#801,#107,.T.);
#1026=EDGE_CURVE('',#803,#802,#108,.T.);
#1027=EDGE_CURVE('',#803,#804,#728,.T.);
#1028=EDGE_CURVE('',#799,#804,#109,.T.);
#1029=EDGE_CURVE('',#805,#806,#110,.T.);
#1030=EDGE_CURVE('',#805,#807,#729,.T.);
#1031=EDGE_CURVE('',#808,#807,#111,.T.);
#1032=EDGE_CURVE('',#809,#808,#112,.T.);
#1033=EDGE_CURVE('',#810,#809,#113,.T.);
#1034=EDGE_CURVE('',#811,#810,#114,.T.);
#1035=EDGE_CURVE('',#806,#811,#115,.T.);
#1036=EDGE_CURVE('',#812,#813,#116,.T.);
#1037=EDGE_CURVE('',#812,#814,#730,.T.);
#1038=EDGE_CURVE('',#815,#814,#117,.T.);
#1039=EDGE_CURVE('',#816,#815,#118,.T.);
#1040=EDGE_CURVE('',#817,#816,#119,.T.);
#1041=EDGE_CURVE('',#818,#817,#120,.T.);
#1042=EDGE_CURVE('',#813,#818,#121,.T.);
#1043=EDGE_CURVE('',#819,#820,#122,.T.);
#1044=EDGE_CURVE('',#819,#821,#731,.T.);
#1045=EDGE_CURVE('',#822,#821,#123,.T.);
#1046=EDGE_CURVE('',#823,#822,#124,.T.);
#1047=EDGE_CURVE('',#824,#823,#125,.T.);
#1048=EDGE_CURVE('',#825,#824,#126,.T.);
#1049=EDGE_CURVE('',#820,#825,#127,.T.);
#1050=EDGE_CURVE('',#826,#827,#128,.T.);
#1051=EDGE_CURVE('',#826,#828,#732,.T.);
#1052=EDGE_CURVE('',#829,#828,#129,.T.);
#1053=EDGE_CURVE('',#830,#829,#130,.T.);
#1054=EDGE_CURVE('',#831,#830,#131,.T.);
#1055=EDGE_CURVE('',#832,#831,#132,.T.);
#1056=EDGE_CURVE('',#827,#832,#133,.T.);
#1057=EDGE_CURVE('',#833,#834,#134,.T.);
#1058=EDGE_CURVE('',#833,#835,#733,.T.);
#1059=EDGE_CURVE('',#836,#835,#135,.T.);
#1060=EDGE_CURVE('',#837,#836,#136,.T.);
#1061=EDGE_CURVE('',#838,#837,#137,.T.);
#1062=EDGE_CURVE('',#839,#838,#138,.T.);
#1063=EDGE_CURVE('',#834,#839,#139,.T.);
#1064=EDGE_CURVE('',#840,#841,#140,.T.);
#1065=EDGE_CURVE('',#840,#842,#734,.T.);
#1066=EDGE_CURVE('',#843,#842,#141,.T.);
#1067=EDGE_CURVE('',#844,#843,#142,.T.);
#1068=EDGE_CURVE('',#845,#844,#143,.T.);
#1069=EDGE_CURVE('',#846,#845,#144,.T.);
#1070=EDGE_CURVE('',#841,#846,#145,.T.);
#1071=EDGE_CURVE('',#847,#848,#146,.T.);
#1072=EDGE_CURVE('',#847,#849,#735,.T.);
#1073=EDGE_CURVE('',#850,#849,#147,.T.);
#1074=EDGE_CURVE('',#851,#850,#148,.T.);
#1075=EDGE_CURVE('',#852,#851,#149,.T.);
#1076=EDGE_CURVE('',#853,#852,#150,.T.);
#1077=EDGE_CURVE('',#848,#853,#151,.T.);
#1078=EDGE_CURVE('',#854,#855,#152,.T.);
#1079=EDGE_CURVE('',#854,#856,#736,.T.);
#1080=EDGE_CURVE('',#857,#856,#153,.T.);
#1081=EDGE_CURVE('',#858,#857,#154,.T.);
#1082=EDGE_CURVE('',#859,#858,#155,.T.);
#1083=EDGE_CURVE('',#860,#859,#156,.T.);
#1084=EDGE_CURVE('',#855,#860,#157,.T.);
#1085=EDGE_CURVE('',#861,#862,#158,.T.);
#1086=EDGE_CURVE('',#861,#863,#737,.T.);
#1087=EDGE_CURVE('',#864,#863,#159,.T.);
#1088=EDGE_CURVE('',#865,#864,#160,.T.);
#1089=EDGE_CURVE('',#866,#865,#161,.T.);
#1090=EDGE_CURVE('',#867,#866,#162,.T.);
#1091=EDGE_CURVE('',#862,#867,#163,.T.);
#1092=EDGE_CURVE('',#868,#869,#164,.T.);
#1093=EDGE_CURVE('',#868,#870,#738,.T.);
#1094=EDGE_CURVE('',#871,#870,#165,.T.);
#1095=EDGE_CURVE('',#872,#871,#166,.T.);
#1096=EDGE_CURVE('',#873,#872,#167,.T.);
#1097=EDGE_CURVE('',#874,#873,#168,.T.);
#1098=EDGE_CURVE('',#869,#874,#169,.T.);
#1099=EDGE_CURVE('',#875,#876,#170,.T.);
#1100=EDGE_CURVE('',#875,#877,#739,.T.);
#1101=EDGE_CURVE('',#878,#877,#171,.T.);
#1102=EDGE_CURVE('',#879,#878,#172,.T.);
#1103=EDGE_CURVE('',#880,#879,#173,.T.);
#1104=EDGE_CURVE('',#881,#880,#174,.T.);
#1105=EDGE_CURVE('',#876,#881,#175,.T.);
#1106=EDGE_CURVE('',#882,#883,#176,.T.);
#1107=EDGE_CURVE('',#882,#884,#740,.T.);
#1108=EDGE_CURVE('',#885,#884,#177,.T.);
#1109=EDGE_CURVE('',#886,#885,#178,.T.);
#1110=EDGE_CURVE('',#887,#886,#179,.T.);
#1111=EDGE_CURVE('',#888,#887,#180,.T.);
#1112=EDGE_CURVE('',#883,#888,#181,.T.);
#1113=EDGE_CURVE('',#889,#890,#182,.T.);
#1114=EDGE_CURVE('',#889,#891,#741,.T.);
#1115=EDGE_CURVE('',#892,#891,#183,.T.);
#1116=EDGE_CURVE('',#893,#892,#184,.T.);
#1117=EDGE_CURVE('',#894,#893,#185,.T.);
#1118=EDGE_CURVE('',#895,#894,#186,.T.);
#1119=EDGE_CURVE('',#890,#895,#187,.T.);
#1120=EDGE_CURVE('',#896,#897,#188,.T.);
#1121=EDGE_CURVE('',#896,#898,#742,.T.);
#1122=EDGE_CURVE('',#899,#898,#189,.T.);
#1123=EDGE_CURVE('',#900,#899,#190,.T.);
#1124=EDGE_CURVE('',#901,#900,#191,.T.);
#1125=EDGE_CURVE('',#902,#901,#192,.T.);
#1126=EDGE_CURVE('',#897,#902,#193,.T.);
#1127=EDGE_CURVE('',#903,#904,#194,.T.);
#1128=EDGE_CURVE('',#903,#905,#743,.T.);
#1129=EDGE_CURVE('',#906,#905,#195,.T.);
#1130=EDGE_CURVE('',#907,#906,#196,.T.);
#1131=EDGE_CURVE('',#908,#907,#197,.T.);
#1132=EDGE_CURVE('',#909,#908,#198,.T.);
#1133=EDGE_CURVE('',#904,#909,#199,.T.);
#1134=EDGE_CURVE('',#910,#911,#200,.T.);
#1135=EDGE_CURVE('',#910,#912,#744,.T.);
#1136=EDGE_CURVE('',#913,#912,#201,.T.);
#1137=EDGE_CURVE('',#914,#913,#202,.T.);
#1138=EDGE_CURVE('',#915,#914,#203,.T.);
#1139=EDGE_CURVE('',#916,#915,#204,.T.);
#1140=EDGE_CURVE('',#911,#916,#205,.T.);
#1141=EDGE_CURVE('',#913,#917,#206,.T.);
#1142=EDGE_CURVE('',#917,#918,#207,.T.);
#1143=EDGE_CURVE('',#914,#918,#208,.T.);
#1144=EDGE_CURVE('',#912,#919,#209,.T.);
#1145=EDGE_CURVE('',#919,#917,#210,.T.);
#1146=EDGE_CURVE('',#907,#920,#211,.T.);
#1147=EDGE_CURVE('',#920,#921,#212,.T.);
#1148=EDGE_CURVE('',#909,#921,#213,.T.);
#1149=EDGE_CURVE('',#899,#922,#214,.T.);
#1150=EDGE_CURVE('',#922,#923,#215,.T.);
#1151=EDGE_CURVE('',#900,#923,#216,.T.);
#1152=EDGE_CURVE('',#906,#924,#217,.T.);
#1153=EDGE_CURVE('',#924,#920,#218,.T.);
#1154=EDGE_CURVE('',#925,#898,#219,.T.);
#1155=EDGE_CURVE('',#925,#922,#220,.T.);
#1156=EDGE_CURVE('',#926,#905,#221,.T.);
#1157=EDGE_CURVE('',#926,#924,#222,.T.);
#1158=EDGE_CURVE('',#893,#927,#223,.T.);
#1159=EDGE_CURVE('',#927,#928,#224,.T.);
#1160=EDGE_CURVE('',#895,#928,#225,.T.);
#1161=EDGE_CURVE('',#885,#929,#226,.T.);
#1162=EDGE_CURVE('',#929,#930,#227,.T.);
#1163=EDGE_CURVE('',#886,#930,#228,.T.);
#1164=EDGE_CURVE('',#892,#931,#229,.T.);
#1165=EDGE_CURVE('',#931,#927,#230,.T.);
#1166=EDGE_CURVE('',#932,#884,#231,.T.);
#1167=EDGE_CURVE('',#932,#929,#232,.T.);
#1168=EDGE_CURVE('',#933,#891,#233,.T.);
#1169=EDGE_CURVE('',#933,#931,#234,.T.);
#1170=EDGE_CURVE('',#879,#934,#235,.T.);
#1171=EDGE_CURVE('',#934,#935,#236,.T.);
#1172=EDGE_CURVE('',#881,#935,#237,.T.);
#1173=EDGE_CURVE('',#871,#936,#238,.T.);
#1174=EDGE_CURVE('',#936,#937,#239,.T.);
#1175=EDGE_CURVE('',#872,#937,#240,.T.);
#1176=EDGE_CURVE('',#878,#938,#241,.T.);
#1177=EDGE_CURVE('',#938,#934,#242,.T.);
#1178=EDGE_CURVE('',#939,#870,#243,.T.);
#1179=EDGE_CURVE('',#939,#936,#244,.T.);
#1180=EDGE_CURVE('',#940,#877,#245,.T.);
#1181=EDGE_CURVE('',#940,#938,#246,.T.);
#1182=EDGE_CURVE('',#865,#941,#247,.T.);
#1183=EDGE_CURVE('',#941,#942,#248,.T.);
#1184=EDGE_CURVE('',#867,#942,#249,.T.);
#1185=EDGE_CURVE('',#857,#943,#250,.T.);
#1186=EDGE_CURVE('',#943,#944,#251,.T.);
#1187=EDGE_CURVE('',#858,#944,#252,.T.);
#1188=EDGE_CURVE('',#864,#945,#253,.T.);
#1189=EDGE_CURVE('',#945,#941,#254,.T.);
#1190=EDGE_CURVE('',#946,#856,#255,.T.);
#1191=EDGE_CURVE('',#946,#943,#256,.T.);
#1192=EDGE_CURVE('',#947,#863,#257,.T.);
#1193=EDGE_CURVE('',#947,#945,#258,.T.);
#1194=EDGE_CURVE('',#851,#948,#259,.T.);
#1195=EDGE_CURVE('',#948,#949,#260,.T.);
#1196=EDGE_CURVE('',#853,#949,#261,.T.);
#1197=EDGE_CURVE('',#843,#950,#262,.T.);
#1198=EDGE_CURVE('',#950,#951,#263,.T.);
#1199=EDGE_CURVE('',#844,#951,#264,.T.);
#1200=EDGE_CURVE('',#850,#952,#265,.T.);
#1201=EDGE_CURVE('',#952,#948,#266,.T.);
#1202=EDGE_CURVE('',#953,#842,#267,.T.);
#1203=EDGE_CURVE('',#953,#950,#268,.T.);
#1204=EDGE_CURVE('',#954,#849,#269,.T.);
#1205=EDGE_CURVE('',#954,#952,#270,.T.);
#1206=EDGE_CURVE('',#837,#955,#271,.T.);
#1207=EDGE_CURVE('',#955,#956,#272,.T.);
#1208=EDGE_CURVE('',#839,#956,#273,.T.);
#1209=EDGE_CURVE('',#829,#957,#274,.T.);
#1210=EDGE_CURVE('',#957,#958,#275,.T.);
#1211=EDGE_CURVE('',#830,#958,#276,.T.);
#1212=EDGE_CURVE('',#836,#959,#277,.T.);
#1213=EDGE_CURVE('',#959,#955,#278,.T.);
#1214=EDGE_CURVE('',#960,#828,#279,.T.);
#1215=EDGE_CURVE('',#960,#957,#280,.T.);
#1216=EDGE_CURVE('',#961,#835,#281,.T.);
#1217=EDGE_CURVE('',#961,#959,#282,.T.);
#1218=EDGE_CURVE('',#823,#962,#283,.T.);
#1219=EDGE_CURVE('',#962,#963,#284,.T.);
#1220=EDGE_CURVE('',#825,#963,#285,.T.);
#1221=EDGE_CURVE('',#815,#964,#286,.T.);
#1222=EDGE_CURVE('',#964,#965,#287,.T.);
#1223=EDGE_CURVE('',#816,#965,#288,.T.);
#1224=EDGE_CURVE('',#822,#966,#289,.T.);
#1225=EDGE_CURVE('',#966,#962,#290,.T.);
#1226=EDGE_CURVE('',#967,#814,#291,.T.);
#1227=EDGE_CURVE('',#967,#964,#292,.T.);
#1228=EDGE_CURVE('',#968,#821,#293,.T.);
#1229=EDGE_CURVE('',#968,#966,#294,.T.);
#1230=EDGE_CURVE('',#809,#969,#295,.T.);
#1231=EDGE_CURVE('',#969,#970,#296,.T.);
#1232=EDGE_CURVE('',#811,#970,#297,.T.);
#1233=EDGE_CURVE('',#808,#971,#298,.T.);
#1234=EDGE_CURVE('',#971,#969,#299,.T.);
#1235=EDGE_CURVE('',#972,#807,#300,.T.);
#1236=EDGE_CURVE('',#972,#971,#301,.T.);
#1237=EDGE_CURVE('',#802,#973,#302,.T.);
#1238=EDGE_CURVE('',#973,#974,#303,.T.);
#1239=EDGE_CURVE('',#803,#974,#304,.T.);
#1240=EDGE_CURVE('',#801,#975,#305,.T.);
#1241=EDGE_CURVE('',#975,#973,#306,.T.);
#1242=EDGE_CURVE('',#976,#977,#307,.T.);
#1243=EDGE_CURVE('',#918,#976,#308,.T.);
#1244=EDGE_CURVE('',#919,#978,#745,.T.);
#1245=EDGE_CURVE('',#977,#978,#309,.T.);
#1246=EDGE_CURVE('',#979,#980,#310,.T.);
#1247=EDGE_CURVE('',#923,#979,#311,.T.);
#1248=EDGE_CURVE('',#925,#981,#746,.T.);
#1249=EDGE_CURVE('',#980,#981,#312,.T.);
#1250=EDGE_CURVE('',#921,#982,#313,.T.);
#1251=EDGE_CURVE('',#926,#983,#747,.T.);
#1252=EDGE_CURVE('',#982,#983,#314,.T.);
#1253=EDGE_CURVE('',#984,#985,#315,.T.);
#1254=EDGE_CURVE('',#930,#984,#316,.T.);
#1255=EDGE_CURVE('',#932,#986,#748,.T.);
#1256=EDGE_CURVE('',#985,#986,#317,.T.);
#1257=EDGE_CURVE('',#928,#987,#318,.T.);
#1258=EDGE_CURVE('',#933,#988,#749,.T.);
#1259=EDGE_CURVE('',#987,#988,#319,.T.);
#1260=EDGE_CURVE('',#989,#990,#320,.T.);
#1261=EDGE_CURVE('',#937,#989,#321,.T.);
#1262=EDGE_CURVE('',#939,#991,#750,.T.);
#1263=EDGE_CURVE('',#990,#991,#322,.T.);
#1264=EDGE_CURVE('',#935,#992,#323,.T.);
#1265=EDGE_CURVE('',#940,#993,#751,.T.);
#1266=EDGE_CURVE('',#992,#993,#324,.T.);
#1267=EDGE_CURVE('',#994,#995,#325,.T.);
#1268=EDGE_CURVE('',#944,#994,#326,.T.);
#1269=EDGE_CURVE('',#946,#996,#752,.T.);
#1270=EDGE_CURVE('',#995,#996,#327,.T.);
#1271=EDGE_CURVE('',#942,#997,#328,.T.);
#1272=EDGE_CURVE('',#947,#998,#753,.T.);
#1273=EDGE_CURVE('',#997,#998,#329,.T.);
#1274=EDGE_CURVE('',#999,#1000,#330,.T.);
#1275=EDGE_CURVE('',#951,#999,#331,.T.);
#1276=EDGE_CURVE('',#953,#1001,#754,.T.);
#1277=EDGE_CURVE('',#1000,#1001,#332,.T.);
#1278=EDGE_CURVE('',#949,#1002,#333,.T.);
#1279=EDGE_CURVE('',#954,#1003,#755,.T.);
#1280=EDGE_CURVE('',#1002,#1003,#334,.T.);
#1281=EDGE_CURVE('',#1004,#1005,#335,.T.);
#1282=EDGE_CURVE('',#958,#1004,#336,.T.);
#1283=EDGE_CURVE('',#960,#1006,#756,.T.);
#1284=EDGE_CURVE('',#1005,#1006,#337,.T.);
#1285=EDGE_CURVE('',#956,#1007,#338,.T.);
#1286=EDGE_CURVE('',#961,#1008,#757,.T.);
#1287=EDGE_CURVE('',#1007,#1008,#339,.T.);
#1288=EDGE_CURVE('',#1009,#1010,#340,.T.);
#1289=EDGE_CURVE('',#965,#1009,#341,.T.);
#1290=EDGE_CURVE('',#967,#1011,#758,.T.);
#1291=EDGE_CURVE('',#1010,#1011,#342,.T.);
#1292=EDGE_CURVE('',#963,#1012,#343,.T.);
#1293=EDGE_CURVE('',#968,#1013,#759,.T.);
#1294=EDGE_CURVE('',#1012,#1013,#344,.T.);
#1295=EDGE_CURVE('',#1014,#1015,#345,.T.);
#1296=EDGE_CURVE('',#1014,#974,#760,.T.);
#1297=EDGE_CURVE('',#1016,#975,#346,.T.);
#1298=EDGE_CURVE('',#1015,#1016,#347,.T.);
#1299=EDGE_CURVE('',#970,#1017,#348,.T.);
#1300=EDGE_CURVE('',#972,#1018,#761,.T.);
#1301=EDGE_CURVE('',#1017,#1018,#349,.T.);
#1302=EDGE_CURVE('',#806,#1017,#350,.T.);
#1303=EDGE_CURVE('',#805,#1018,#351,.T.);
#1304=EDGE_CURVE('',#820,#1012,#352,.T.);
#1305=EDGE_CURVE('',#819,#1013,#353,.T.);
#1306=EDGE_CURVE('',#813,#1010,#354,.T.);
#1307=EDGE_CURVE('',#812,#1011,#355,.T.);
#1308=EDGE_CURVE('',#834,#1007,#356,.T.);
#1309=EDGE_CURVE('',#833,#1008,#357,.T.);
#1310=EDGE_CURVE('',#827,#1005,#358,.T.);
#1311=EDGE_CURVE('',#826,#1006,#359,.T.);
#1312=EDGE_CURVE('',#848,#1002,#360,.T.);
#1313=EDGE_CURVE('',#847,#1003,#361,.T.);
#1314=EDGE_CURVE('',#841,#1000,#362,.T.);
#1315=EDGE_CURVE('',#840,#1001,#363,.T.);
#1316=EDGE_CURVE('',#862,#997,#364,.T.);
#1317=EDGE_CURVE('',#861,#998,#365,.T.);
#1318=EDGE_CURVE('',#855,#995,#366,.T.);
#1319=EDGE_CURVE('',#854,#996,#367,.T.);
#1320=EDGE_CURVE('',#876,#992,#368,.T.);
#1321=EDGE_CURVE('',#875,#993,#369,.T.);
#1322=EDGE_CURVE('',#869,#990,#370,.T.);
#1323=EDGE_CURVE('',#868,#991,#371,.T.);
#1324=EDGE_CURVE('',#890,#987,#372,.T.);
#1325=EDGE_CURVE('',#889,#988,#373,.T.);
#1326=EDGE_CURVE('',#883,#985,#374,.T.);
#1327=EDGE_CURVE('',#882,#986,#375,.T.);
#1328=EDGE_CURVE('',#904,#982,#376,.T.);
#1329=EDGE_CURVE('',#903,#983,#377,.T.);
#1330=EDGE_CURVE('',#916,#976,#378,.T.);
#1331=EDGE_CURVE('',#897,#980,#379,.T.);
#1332=EDGE_CURVE('',#896,#981,#380,.T.);
#1333=EDGE_CURVE('',#911,#977,#381,.T.);
#1334=EDGE_CURVE('',#978,#910,#382,.T.);
#1335=EDGE_CURVE('',#902,#979,#383,.T.);
#1336=EDGE_CURVE('',#896,#884,#762,.T.);
#1337=EDGE_CURVE('',#882,#870,#763,.T.);
#1338=EDGE_CURVE('',#868,#856,#764,.T.);
#1339=EDGE_CURVE('',#854,#842,#765,.T.);
#1340=EDGE_CURVE('',#840,#828,#766,.T.);
#1341=EDGE_CURVE('',#826,#814,#767,.T.);
#1342=EDGE_CURVE('',#812,#804,#768,.T.);
#1343=EDGE_CURVE('',#803,#807,#769,.T.);
#1344=EDGE_CURVE('',#805,#821,#770,.T.);
#1345=EDGE_CURVE('',#819,#835,#771,.T.);
#1346=EDGE_CURVE('',#833,#849,#772,.T.);
#1347=EDGE_CURVE('',#847,#863,#773,.T.);
#1348=EDGE_CURVE('',#861,#877,#774,.T.);
#1349=EDGE_CURVE('',#875,#891,#775,.T.);
#1350=EDGE_CURVE('',#889,#905,#776,.T.);
#1351=EDGE_CURVE('',#903,#912,#777,.T.);
#1352=EDGE_CURVE('',#910,#898,#778,.T.);
#1353=EDGE_CURVE('',#981,#932,#779,.T.);
#1354=EDGE_CURVE('',#888,#984,#384,.T.);
#1355=EDGE_CURVE('',#986,#939,#780,.T.);
#1356=EDGE_CURVE('',#874,#989,#385,.T.);
#1357=EDGE_CURVE('',#991,#946,#781,.T.);
#1358=EDGE_CURVE('',#860,#994,#386,.T.);
#1359=EDGE_CURVE('',#996,#953,#782,.T.);
#1360=EDGE_CURVE('',#846,#999,#387,.T.);
#1361=EDGE_CURVE('',#1001,#960,#783,.T.);
#1362=EDGE_CURVE('',#832,#1004,#388,.T.);
#1363=EDGE_CURVE('',#1006,#967,#784,.T.);
#1364=EDGE_CURVE('',#818,#1009,#389,.T.);
#1365=EDGE_CURVE('',#1011,#1014,#785,.T.);
#1366=EDGE_CURVE('',#1014,#804,#390,.T.);
#1367=EDGE_CURVE('',#799,#1015,#391,.T.);
#1368=EDGE_CURVE('',#798,#1016,#392,.T.);
#1369=EDGE_CURVE('',#974,#972,#786,.T.);
#1370=EDGE_CURVE('',#1018,#968,#787,.T.);
#1371=EDGE_CURVE('',#1013,#961,#788,.T.);
#1372=EDGE_CURVE('',#1008,#954,#789,.T.);
#1373=EDGE_CURVE('',#1003,#947,#790,.T.);
#1374=EDGE_CURVE('',#998,#940,#791,.T.);
#1375=EDGE_CURVE('',#993,#933,#792,.T.);
#1376=EDGE_CURVE('',#988,#926,#793,.T.);
#1377=EDGE_CURVE('',#983,#919,#794,.T.);
#1378=EDGE_CURVE('',#978,#925,#795,.T.);
#1379=ORIENTED_EDGE('',*,*,#1019,.F.);
#1380=ORIENTED_EDGE('',*,*,#1020,.T.);
#1381=ORIENTED_EDGE('',*,*,#1021,.F.);
#1382=ORIENTED_EDGE('',*,*,#1020,.F.);
#1383=ORIENTED_EDGE('',*,*,#1022,.F.);
#1384=ORIENTED_EDGE('',*,*,#1023,.F.);
#1385=ORIENTED_EDGE('',*,*,#1024,.F.);
#1386=ORIENTED_EDGE('',*,*,#1025,.F.);
#1387=ORIENTED_EDGE('',*,*,#1026,.F.);
#1388=ORIENTED_EDGE('',*,*,#1027,.T.);
#1389=ORIENTED_EDGE('',*,*,#1028,.F.);
#1390=ORIENTED_EDGE('',*,*,#1029,.F.);
#1391=ORIENTED_EDGE('',*,*,#1030,.T.);
#1392=ORIENTED_EDGE('',*,*,#1031,.F.);
#1393=ORIENTED_EDGE('',*,*,#1032,.F.);
#1394=ORIENTED_EDGE('',*,*,#1033,.F.);
#1395=ORIENTED_EDGE('',*,*,#1034,.F.);
#1396=ORIENTED_EDGE('',*,*,#1035,.F.);
#1397=ORIENTED_EDGE('',*,*,#1036,.F.);
#1398=ORIENTED_EDGE('',*,*,#1037,.T.);
#1399=ORIENTED_EDGE('',*,*,#1038,.F.);
#1400=ORIENTED_EDGE('',*,*,#1039,.F.);
#1401=ORIENTED_EDGE('',*,*,#1040,.F.);
#1402=ORIENTED_EDGE('',*,*,#1041,.F.);
#1403=ORIENTED_EDGE('',*,*,#1042,.F.);
#1404=ORIENTED_EDGE('',*,*,#1043,.F.);
#1405=ORIENTED_EDGE('',*,*,#1044,.T.);
#1406=ORIENTED_EDGE('',*,*,#1045,.F.);
#1407=ORIENTED_EDGE('',*,*,#1046,.F.);
#1408=ORIENTED_EDGE('',*,*,#1047,.F.);
#1409=ORIENTED_EDGE('',*,*,#1048,.F.);
#1410=ORIENTED_EDGE('',*,*,#1049,.F.);
#1411=ORIENTED_EDGE('',*,*,#1050,.F.);
#1412=ORIENTED_EDGE('',*,*,#1051,.T.);
#1413=ORIENTED_EDGE('',*,*,#1052,.F.);
#1414=ORIENTED_EDGE('',*,*,#1053,.F.);
#1415=ORIENTED_EDGE('',*,*,#1054,.F.);
#1416=ORIENTED_EDGE('',*,*,#1055,.F.);
#1417=ORIENTED_EDGE('',*,*,#1056,.F.);
#1418=ORIENTED_EDGE('',*,*,#1057,.F.);
#1419=ORIENTED_EDGE('',*,*,#1058,.T.);
#1420=ORIENTED_EDGE('',*,*,#1059,.F.);
#1421=ORIENTED_EDGE('',*,*,#1060,.F.);
#1422=ORIENTED_EDGE('',*,*,#1061,.F.);
#1423=ORIENTED_EDGE('',*,*,#1062,.F.);
#1424=ORIENTED_EDGE('',*,*,#1063,.F.);
#1425=ORIENTED_EDGE('',*,*,#1064,.F.);
#1426=ORIENTED_EDGE('',*,*,#1065,.T.);
#1427=ORIENTED_EDGE('',*,*,#1066,.F.);
#1428=ORIENTED_EDGE('',*,*,#1067,.F.);
#1429=ORIENTED_EDGE('',*,*,#1068,.F.);
#1430=ORIENTED_EDGE('',*,*,#1069,.F.);
#1431=ORIENTED_EDGE('',*,*,#1070,.F.);
#1432=ORIENTED_EDGE('',*,*,#1071,.F.);
#1433=ORIENTED_EDGE('',*,*,#1072,.T.);
#1434=ORIENTED_EDGE('',*,*,#1073,.F.);
#1435=ORIENTED_EDGE('',*,*,#1074,.F.);
#1436=ORIENTED_EDGE('',*,*,#1075,.F.);
#1437=ORIENTED_EDGE('',*,*,#1076,.F.);
#1438=ORIENTED_EDGE('',*,*,#1077,.F.);
#1439=ORIENTED_EDGE('',*,*,#1078,.F.);
#1440=ORIENTED_EDGE('',*,*,#1079,.T.);
#1441=ORIENTED_EDGE('',*,*,#1080,.F.);
#1442=ORIENTED_EDGE('',*,*,#1081,.F.);
#1443=ORIENTED_EDGE('',*,*,#1082,.F.);
#1444=ORIENTED_EDGE('',*,*,#1083,.F.);
#1445=ORIENTED_EDGE('',*,*,#1084,.F.);
#1446=ORIENTED_EDGE('',*,*,#1085,.F.);
#1447=ORIENTED_EDGE('',*,*,#1086,.T.);
#1448=ORIENTED_EDGE('',*,*,#1087,.F.);
#1449=ORIENTED_EDGE('',*,*,#1088,.F.);
#1450=ORIENTED_EDGE('',*,*,#1089,.F.);
#1451=ORIENTED_EDGE('',*,*,#1090,.F.);
#1452=ORIENTED_EDGE('',*,*,#1091,.F.);
#1453=ORIENTED_EDGE('',*,*,#1092,.F.);
#1454=ORIENTED_EDGE('',*,*,#1093,.T.);
#1455=ORIENTED_EDGE('',*,*,#1094,.F.);
#1456=ORIENTED_EDGE('',*,*,#1095,.F.);
#1457=ORIENTED_EDGE('',*,*,#1096,.F.);
#1458=ORIENTED_EDGE('',*,*,#1097,.F.);
#1459=ORIENTED_EDGE('',*,*,#1098,.F.);
#1460=ORIENTED_EDGE('',*,*,#1099,.F.);
#1461=ORIENTED_EDGE('',*,*,#1100,.T.);
#1462=ORIENTED_EDGE('',*,*,#1101,.F.);
#1463=ORIENTED_EDGE('',*,*,#1102,.F.);
#1464=ORIENTED_EDGE('',*,*,#1103,.F.);
#1465=ORIENTED_EDGE('',*,*,#1104,.F.);
#1466=ORIENTED_EDGE('',*,*,#1105,.F.);
#1467=ORIENTED_EDGE('',*,*,#1106,.F.);
#1468=ORIENTED_EDGE('',*,*,#1107,.T.);
#1469=ORIENTED_EDGE('',*,*,#1108,.F.);
#1470=ORIENTED_EDGE('',*,*,#1109,.F.);
#1471=ORIENTED_EDGE('',*,*,#1110,.F.);
#1472=ORIENTED_EDGE('',*,*,#1111,.F.);
#1473=ORIENTED_EDGE('',*,*,#1112,.F.);
#1474=ORIENTED_EDGE('',*,*,#1113,.F.);
#1475=ORIENTED_EDGE('',*,*,#1114,.T.);
#1476=ORIENTED_EDGE('',*,*,#1115,.F.);
#1477=ORIENTED_EDGE('',*,*,#1116,.F.);
#1478=ORIENTED_EDGE('',*,*,#1117,.F.);
#1479=ORIENTED_EDGE('',*,*,#1118,.F.);
#1480=ORIENTED_EDGE('',*,*,#1119,.F.);
#1481=ORIENTED_EDGE('',*,*,#1120,.F.);
#1482=ORIENTED_EDGE('',*,*,#1121,.T.);
#1483=ORIENTED_EDGE('',*,*,#1122,.F.);
#1484=ORIENTED_EDGE('',*,*,#1123,.F.);
#1485=ORIENTED_EDGE('',*,*,#1124,.F.);
#1486=ORIENTED_EDGE('',*,*,#1125,.F.);
#1487=ORIENTED_EDGE('',*,*,#1126,.F.);
#1488=ORIENTED_EDGE('',*,*,#1127,.F.);
#1489=ORIENTED_EDGE('',*,*,#1128,.T.);
#1490=ORIENTED_EDGE('',*,*,#1129,.F.);
#1491=ORIENTED_EDGE('',*,*,#1130,.F.);
#1492=ORIENTED_EDGE('',*,*,#1131,.F.);
#1493=ORIENTED_EDGE('',*,*,#1132,.F.);
#1494=ORIENTED_EDGE('',*,*,#1133,.F.);
#1495=ORIENTED_EDGE('',*,*,#1134,.F.);
#1496=ORIENTED_EDGE('',*,*,#1135,.T.);
#1497=ORIENTED_EDGE('',*,*,#1136,.F.);
#1498=ORIENTED_EDGE('',*,*,#1137,.F.);
#1499=ORIENTED_EDGE('',*,*,#1138,.F.);
#1500=ORIENTED_EDGE('',*,*,#1139,.F.);
#1501=ORIENTED_EDGE('',*,*,#1140,.F.);
#1502=ORIENTED_EDGE('',*,*,#1137,.T.);
#1503=ORIENTED_EDGE('',*,*,#1141,.T.);
#1504=ORIENTED_EDGE('',*,*,#1142,.T.);
#1505=ORIENTED_EDGE('',*,*,#1143,.F.);
#1506=ORIENTED_EDGE('',*,*,#1136,.T.);
#1507=ORIENTED_EDGE('',*,*,#1144,.T.);
#1508=ORIENTED_EDGE('',*,*,#1145,.T.);
#1509=ORIENTED_EDGE('',*,*,#1141,.F.);
#1510=ORIENTED_EDGE('',*,*,#1132,.T.);
#1511=ORIENTED_EDGE('',*,*,#1131,.T.);
#1512=ORIENTED_EDGE('',*,*,#1146,.T.);
#1513=ORIENTED_EDGE('',*,*,#1147,.T.);
#1514=ORIENTED_EDGE('',*,*,#1148,.F.);
#1515=ORIENTED_EDGE('',*,*,#1123,.T.);
#1516=ORIENTED_EDGE('',*,*,#1149,.T.);
#1517=ORIENTED_EDGE('',*,*,#1150,.T.);
#1518=ORIENTED_EDGE('',*,*,#1151,.F.);
#1519=ORIENTED_EDGE('',*,*,#1130,.T.);
#1520=ORIENTED_EDGE('',*,*,#1152,.T.);
#1521=ORIENTED_EDGE('',*,*,#1153,.T.);
#1522=ORIENTED_EDGE('',*,*,#1146,.F.);
#1523=ORIENTED_EDGE('',*,*,#1122,.T.);
#1524=ORIENTED_EDGE('',*,*,#1154,.F.);
#1525=ORIENTED_EDGE('',*,*,#1155,.T.);
#1526=ORIENTED_EDGE('',*,*,#1149,.F.);
#1527=ORIENTED_EDGE('',*,*,#1129,.T.);
#1528=ORIENTED_EDGE('',*,*,#1156,.F.);
#1529=ORIENTED_EDGE('',*,*,#1157,.T.);
#1530=ORIENTED_EDGE('',*,*,#1152,.F.);
#1531=ORIENTED_EDGE('',*,*,#1118,.T.);
#1532=ORIENTED_EDGE('',*,*,#1117,.T.);
#1533=ORIENTED_EDGE('',*,*,#1158,.T.);
#1534=ORIENTED_EDGE('',*,*,#1159,.T.);
#1535=ORIENTED_EDGE('',*,*,#1160,.F.);
#1536=ORIENTED_EDGE('',*,*,#1109,.T.);
#1537=ORIENTED_EDGE('',*,*,#1161,.T.);
#1538=ORIENTED_EDGE('',*,*,#1162,.T.);
#1539=ORIENTED_EDGE('',*,*,#1163,.F.);
#1540=ORIENTED_EDGE('',*,*,#1116,.T.);
#1541=ORIENTED_EDGE('',*,*,#1164,.T.);
#1542=ORIENTED_EDGE('',*,*,#1165,.T.);
#1543=ORIENTED_EDGE('',*,*,#1158,.F.);
#1544=ORIENTED_EDGE('',*,*,#1108,.T.);
#1545=ORIENTED_EDGE('',*,*,#1166,.F.);
#1546=ORIENTED_EDGE('',*,*,#1167,.T.);
#1547=ORIENTED_EDGE('',*,*,#1161,.F.);
#1548=ORIENTED_EDGE('',*,*,#1115,.T.);
#1549=ORIENTED_EDGE('',*,*,#1168,.F.);
#1550=ORIENTED_EDGE('',*,*,#1169,.T.);
#1551=ORIENTED_EDGE('',*,*,#1164,.F.);
#1552=ORIENTED_EDGE('',*,*,#1104,.T.);
#1553=ORIENTED_EDGE('',*,*,#1103,.T.);
#1554=ORIENTED_EDGE('',*,*,#1170,.T.);
#1555=ORIENTED_EDGE('',*,*,#1171,.T.);
#1556=ORIENTED_EDGE('',*,*,#1172,.F.);
#1557=ORIENTED_EDGE('',*,*,#1095,.T.);
#1558=ORIENTED_EDGE('',*,*,#1173,.T.);
#1559=ORIENTED_EDGE('',*,*,#1174,.T.);
#1560=ORIENTED_EDGE('',*,*,#1175,.F.);
#1561=ORIENTED_EDGE('',*,*,#1102,.T.);
#1562=ORIENTED_EDGE('',*,*,#1176,.T.);
#1563=ORIENTED_EDGE('',*,*,#1177,.T.);
#1564=ORIENTED_EDGE('',*,*,#1170,.F.);
#1565=ORIENTED_EDGE('',*,*,#1094,.T.);
#1566=ORIENTED_EDGE('',*,*,#1178,.F.);
#1567=ORIENTED_EDGE('',*,*,#1179,.T.);
#1568=ORIENTED_EDGE('',*,*,#1173,.F.);
#1569=ORIENTED_EDGE('',*,*,#1101,.T.);
#1570=ORIENTED_EDGE('',*,*,#1180,.F.);
#1571=ORIENTED_EDGE('',*,*,#1181,.T.);
#1572=ORIENTED_EDGE('',*,*,#1176,.F.);
#1573=ORIENTED_EDGE('',*,*,#1090,.T.);
#1574=ORIENTED_EDGE('',*,*,#1089,.T.);
#1575=ORIENTED_EDGE('',*,*,#1182,.T.);
#1576=ORIENTED_EDGE('',*,*,#1183,.T.);
#1577=ORIENTED_EDGE('',*,*,#1184,.F.);
#1578=ORIENTED_EDGE('',*,*,#1081,.T.);
#1579=ORIENTED_EDGE('',*,*,#1185,.T.);
#1580=ORIENTED_EDGE('',*,*,#1186,.T.);
#1581=ORIENTED_EDGE('',*,*,#1187,.F.);
#1582=ORIENTED_EDGE('',*,*,#1088,.T.);
#1583=ORIENTED_EDGE('',*,*,#1188,.T.);
#1584=ORIENTED_EDGE('',*,*,#1189,.T.);
#1585=ORIENTED_EDGE('',*,*,#1182,.F.);
#1586=ORIENTED_EDGE('',*,*,#1080,.T.);
#1587=ORIENTED_EDGE('',*,*,#1190,.F.);
#1588=ORIENTED_EDGE('',*,*,#1191,.T.);
#1589=ORIENTED_EDGE('',*,*,#1185,.F.);
#1590=ORIENTED_EDGE('',*,*,#1087,.T.);
#1591=ORIENTED_EDGE('',*,*,#1192,.F.);
#1592=ORIENTED_EDGE('',*,*,#1193,.T.);
#1593=ORIENTED_EDGE('',*,*,#1188,.F.);
#1594=ORIENTED_EDGE('',*,*,#1076,.T.);
#1595=ORIENTED_EDGE('',*,*,#1075,.T.);
#1596=ORIENTED_EDGE('',*,*,#1194,.T.);
#1597=ORIENTED_EDGE('',*,*,#1195,.T.);
#1598=ORIENTED_EDGE('',*,*,#1196,.F.);
#1599=ORIENTED_EDGE('',*,*,#1067,.T.);
#1600=ORIENTED_EDGE('',*,*,#1197,.T.);
#1601=ORIENTED_EDGE('',*,*,#1198,.T.);
#1602=ORIENTED_EDGE('',*,*,#1199,.F.);
#1603=ORIENTED_EDGE('',*,*,#1074,.T.);
#1604=ORIENTED_EDGE('',*,*,#1200,.T.);
#1605=ORIENTED_EDGE('',*,*,#1201,.T.);
#1606=ORIENTED_EDGE('',*,*,#1194,.F.);
#1607=ORIENTED_EDGE('',*,*,#1066,.T.);
#1608=ORIENTED_EDGE('',*,*,#1202,.F.);
#1609=ORIENTED_EDGE('',*,*,#1203,.T.);
#1610=ORIENTED_EDGE('',*,*,#1197,.F.);
#1611=ORIENTED_EDGE('',*,*,#1073,.T.);
#1612=ORIENTED_EDGE('',*,*,#1204,.F.);
#1613=ORIENTED_EDGE('',*,*,#1205,.T.);
#1614=ORIENTED_EDGE('',*,*,#1200,.F.);
#1615=ORIENTED_EDGE('',*,*,#1062,.T.);
#1616=ORIENTED_EDGE('',*,*,#1061,.T.);
#1617=ORIENTED_EDGE('',*,*,#1206,.T.);
#1618=ORIENTED_EDGE('',*,*,#1207,.T.);
#1619=ORIENTED_EDGE('',*,*,#1208,.F.);
#1620=ORIENTED_EDGE('',*,*,#1053,.T.);
#1621=ORIENTED_EDGE('',*,*,#1209,.T.);
#1622=ORIENTED_EDGE('',*,*,#1210,.T.);
#1623=ORIENTED_EDGE('',*,*,#1211,.F.);
#1624=ORIENTED_EDGE('',*,*,#1060,.T.);
#1625=ORIENTED_EDGE('',*,*,#1212,.T.);
#1626=ORIENTED_EDGE('',*,*,#1213,.T.);
#1627=ORIENTED_EDGE('',*,*,#1206,.F.);
#1628=ORIENTED_EDGE('',*,*,#1052,.T.);
#1629=ORIENTED_EDGE('',*,*,#1214,.F.);
#1630=ORIENTED_EDGE('',*,*,#1215,.T.);
#1631=ORIENTED_EDGE('',*,*,#1209,.F.);
#1632=ORIENTED_EDGE('',*,*,#1059,.T.);
#1633=ORIENTED_EDGE('',*,*,#1216,.F.);
#1634=ORIENTED_EDGE('',*,*,#1217,.T.);
#1635=ORIENTED_EDGE('',*,*,#1212,.F.);
#1636=ORIENTED_EDGE('',*,*,#1048,.T.);
#1637=ORIENTED_EDGE('',*,*,#1047,.T.);
#1638=ORIENTED_EDGE('',*,*,#1218,.T.);
#1639=ORIENTED_EDGE('',*,*,#1219,.T.);
#1640=ORIENTED_EDGE('',*,*,#1220,.F.);
#1641=ORIENTED_EDGE('',*,*,#1039,.T.);
#1642=ORIENTED_EDGE('',*,*,#1221,.T.);
#1643=ORIENTED_EDGE('',*,*,#1222,.T.);
#1644=ORIENTED_EDGE('',*,*,#1223,.F.);
#1645=ORIENTED_EDGE('',*,*,#1046,.T.);
#1646=ORIENTED_EDGE('',*,*,#1224,.T.);
#1647=ORIENTED_EDGE('',*,*,#1225,.T.);
#1648=ORIENTED_EDGE('',*,*,#1218,.F.);
#1649=ORIENTED_EDGE('',*,*,#1038,.T.);
#1650=ORIENTED_EDGE('',*,*,#1226,.F.);
#1651=ORIENTED_EDGE('',*,*,#1227,.T.);
#1652=ORIENTED_EDGE('',*,*,#1221,.F.);
#1653=ORIENTED_EDGE('',*,*,#1045,.T.);
#1654=ORIENTED_EDGE('',*,*,#1228,.F.);
#1655=ORIENTED_EDGE('',*,*,#1229,.T.);
#1656=ORIENTED_EDGE('',*,*,#1224,.F.);
#1657=ORIENTED_EDGE('',*,*,#1034,.T.);
#1658=ORIENTED_EDGE('',*,*,#1033,.T.);
#1659=ORIENTED_EDGE('',*,*,#1230,.T.);
#1660=ORIENTED_EDGE('',*,*,#1231,.T.);
#1661=ORIENTED_EDGE('',*,*,#1232,.F.);
#1662=ORIENTED_EDGE('',*,*,#1032,.T.);
#1663=ORIENTED_EDGE('',*,*,#1233,.T.);
#1664=ORIENTED_EDGE('',*,*,#1234,.T.);
#1665=ORIENTED_EDGE('',*,*,#1230,.F.);
#1666=ORIENTED_EDGE('',*,*,#1031,.T.);
#1667=ORIENTED_EDGE('',*,*,#1235,.F.);
#1668=ORIENTED_EDGE('',*,*,#1236,.T.);
#1669=ORIENTED_EDGE('',*,*,#1233,.F.);
#1670=ORIENTED_EDGE('',*,*,#1026,.T.);
#1671=ORIENTED_EDGE('',*,*,#1237,.T.);
#1672=ORIENTED_EDGE('',*,*,#1238,.T.);
#1673=ORIENTED_EDGE('',*,*,#1239,.F.);
#1674=ORIENTED_EDGE('',*,*,#1025,.T.);
#1675=ORIENTED_EDGE('',*,*,#1240,.T.);
#1676=ORIENTED_EDGE('',*,*,#1241,.T.);
#1677=ORIENTED_EDGE('',*,*,#1237,.F.);
#1678=ORIENTED_EDGE('',*,*,#1242,.F.);
#1679=ORIENTED_EDGE('',*,*,#1243,.F.);
#1680=ORIENTED_EDGE('',*,*,#1142,.F.);
#1681=ORIENTED_EDGE('',*,*,#1145,.F.);
#1682=ORIENTED_EDGE('',*,*,#1244,.T.);
#1683=ORIENTED_EDGE('',*,*,#1245,.F.);
#1684=ORIENTED_EDGE('',*,*,#1246,.F.);
#1685=ORIENTED_EDGE('',*,*,#1247,.F.);
#1686=ORIENTED_EDGE('',*,*,#1150,.F.);
#1687=ORIENTED_EDGE('',*,*,#1155,.F.);
#1688=ORIENTED_EDGE('',*,*,#1248,.T.);
#1689=ORIENTED_EDGE('',*,*,#1249,.F.);
#1690=ORIENTED_EDGE('',*,*,#1250,.F.);
#1691=ORIENTED_EDGE('',*,*,#1147,.F.);
#1692=ORIENTED_EDGE('',*,*,#1153,.F.);
#1693=ORIENTED_EDGE('',*,*,#1157,.F.);
#1694=ORIENTED_EDGE('',*,*,#1251,.T.);
#1695=ORIENTED_EDGE('',*,*,#1252,.F.);
#1696=ORIENTED_EDGE('',*,*,#1253,.F.);
#1697=ORIENTED_EDGE('',*,*,#1254,.F.);
#1698=ORIENTED_EDGE('',*,*,#1162,.F.);
#1699=ORIENTED_EDGE('',*,*,#1167,.F.);
#1700=ORIENTED_EDGE('',*,*,#1255,.T.);
#1701=ORIENTED_EDGE('',*,*,#1256,.F.);
#1702=ORIENTED_EDGE('',*,*,#1257,.F.);
#1703=ORIENTED_EDGE('',*,*,#1159,.F.);
#1704=ORIENTED_EDGE('',*,*,#1165,.F.);
#1705=ORIENTED_EDGE('',*,*,#1169,.F.);
#1706=ORIENTED_EDGE('',*,*,#1258,.T.);
#1707=ORIENTED_EDGE('',*,*,#1259,.F.);
#1708=ORIENTED_EDGE('',*,*,#1260,.F.);
#1709=ORIENTED_EDGE('',*,*,#1261,.F.);
#1710=ORIENTED_EDGE('',*,*,#1174,.F.);
#1711=ORIENTED_EDGE('',*,*,#1179,.F.);
#1712=ORIENTED_EDGE('',*,*,#1262,.T.);
#1713=ORIENTED_EDGE('',*,*,#1263,.F.);
#1714=ORIENTED_EDGE('',*,*,#1264,.F.);
#1715=ORIENTED_EDGE('',*,*,#1171,.F.);
#1716=ORIENTED_EDGE('',*,*,#1177,.F.);
#1717=ORIENTED_EDGE('',*,*,#1181,.F.);
#1718=ORIENTED_EDGE('',*,*,#1265,.T.);
#1719=ORIENTED_EDGE('',*,*,#1266,.F.);
#1720=ORIENTED_EDGE('',*,*,#1267,.F.);
#1721=ORIENTED_EDGE('',*,*,#1268,.F.);
#1722=ORIENTED_EDGE('',*,*,#1186,.F.);
#1723=ORIENTED_EDGE('',*,*,#1191,.F.);
#1724=ORIENTED_EDGE('',*,*,#1269,.T.);
#1725=ORIENTED_EDGE('',*,*,#1270,.F.);
#1726=ORIENTED_EDGE('',*,*,#1271,.F.);
#1727=ORIENTED_EDGE('',*,*,#1183,.F.);
#1728=ORIENTED_EDGE('',*,*,#1189,.F.);
#1729=ORIENTED_EDGE('',*,*,#1193,.F.);
#1730=ORIENTED_EDGE('',*,*,#1272,.T.);
#1731=ORIENTED_EDGE('',*,*,#1273,.F.);
#1732=ORIENTED_EDGE('',*,*,#1274,.F.);
#1733=ORIENTED_EDGE('',*,*,#1275,.F.);
#1734=ORIENTED_EDGE('',*,*,#1198,.F.);
#1735=ORIENTED_EDGE('',*,*,#1203,.F.);
#1736=ORIENTED_EDGE('',*,*,#1276,.T.);
#1737=ORIENTED_EDGE('',*,*,#1277,.F.);
#1738=ORIENTED_EDGE('',*,*,#1278,.F.);
#1739=ORIENTED_EDGE('',*,*,#1195,.F.);
#1740=ORIENTED_EDGE('',*,*,#1201,.F.);
#1741=ORIENTED_EDGE('',*,*,#1205,.F.);
#1742=ORIENTED_EDGE('',*,*,#1279,.T.);
#1743=ORIENTED_EDGE('',*,*,#1280,.F.);
#1744=ORIENTED_EDGE('',*,*,#1281,.F.);
#1745=ORIENTED_EDGE('',*,*,#1282,.F.);
#1746=ORIENTED_EDGE('',*,*,#1210,.F.);
#1747=ORIENTED_EDGE('',*,*,#1215,.F.);
#1748=ORIENTED_EDGE('',*,*,#1283,.T.);
#1749=ORIENTED_EDGE('',*,*,#1284,.F.);
#1750=ORIENTED_EDGE('',*,*,#1285,.F.);
#1751=ORIENTED_EDGE('',*,*,#1207,.F.);
#1752=ORIENTED_EDGE('',*,*,#1213,.F.);
#1753=ORIENTED_EDGE('',*,*,#1217,.F.);
#1754=ORIENTED_EDGE('',*,*,#1286,.T.);
#1755=ORIENTED_EDGE('',*,*,#1287,.F.);
#1756=ORIENTED_EDGE('',*,*,#1288,.F.);
#1757=ORIENTED_EDGE('',*,*,#1289,.F.);
#1758=ORIENTED_EDGE('',*,*,#1222,.F.);
#1759=ORIENTED_EDGE('',*,*,#1227,.F.);
#1760=ORIENTED_EDGE('',*,*,#1290,.T.);
#1761=ORIENTED_EDGE('',*,*,#1291,.F.);
#1762=ORIENTED_EDGE('',*,*,#1292,.F.);
#1763=ORIENTED_EDGE('',*,*,#1219,.F.);
#1764=ORIENTED_EDGE('',*,*,#1225,.F.);
#1765=ORIENTED_EDGE('',*,*,#1229,.F.);
#1766=ORIENTED_EDGE('',*,*,#1293,.T.);
#1767=ORIENTED_EDGE('',*,*,#1294,.F.);
#1768=ORIENTED_EDGE('',*,*,#1295,.F.);
#1769=ORIENTED_EDGE('',*,*,#1296,.T.);
#1770=ORIENTED_EDGE('',*,*,#1238,.F.);
#1771=ORIENTED_EDGE('',*,*,#1241,.F.);
#1772=ORIENTED_EDGE('',*,*,#1297,.F.);
#1773=ORIENTED_EDGE('',*,*,#1298,.F.);
#1774=ORIENTED_EDGE('',*,*,#1299,.F.);
#1775=ORIENTED_EDGE('',*,*,#1231,.F.);
#1776=ORIENTED_EDGE('',*,*,#1234,.F.);
#1777=ORIENTED_EDGE('',*,*,#1236,.F.);
#1778=ORIENTED_EDGE('',*,*,#1300,.T.);
#1779=ORIENTED_EDGE('',*,*,#1301,.F.);
#1780=ORIENTED_EDGE('',*,*,#1035,.T.);
#1781=ORIENTED_EDGE('',*,*,#1232,.T.);
#1782=ORIENTED_EDGE('',*,*,#1299,.T.);
#1783=ORIENTED_EDGE('',*,*,#1302,.F.);
#1784=ORIENTED_EDGE('',*,*,#1029,.T.);
#1785=ORIENTED_EDGE('',*,*,#1302,.T.);
#1786=ORIENTED_EDGE('',*,*,#1301,.T.);
#1787=ORIENTED_EDGE('',*,*,#1303,.F.);
#1788=ORIENTED_EDGE('',*,*,#1049,.T.);
#1789=ORIENTED_EDGE('',*,*,#1220,.T.);
#1790=ORIENTED_EDGE('',*,*,#1292,.T.);
#1791=ORIENTED_EDGE('',*,*,#1304,.F.);
#1792=ORIENTED_EDGE('',*,*,#1043,.T.);
#1793=ORIENTED_EDGE('',*,*,#1304,.T.);
#1794=ORIENTED_EDGE('',*,*,#1294,.T.);
#1795=ORIENTED_EDGE('',*,*,#1305,.F.);
#1796=ORIENTED_EDGE('',*,*,#1036,.T.);
#1797=ORIENTED_EDGE('',*,*,#1306,.T.);
#1798=ORIENTED_EDGE('',*,*,#1291,.T.);
#1799=ORIENTED_EDGE('',*,*,#1307,.F.);
#1800=ORIENTED_EDGE('',*,*,#1063,.T.);
#1801=ORIENTED_EDGE('',*,*,#1208,.T.);
#1802=ORIENTED_EDGE('',*,*,#1285,.T.);
#1803=ORIENTED_EDGE('',*,*,#1308,.F.);
#1804=ORIENTED_EDGE('',*,*,#1057,.T.);
#1805=ORIENTED_EDGE('',*,*,#1308,.T.);
#1806=ORIENTED_EDGE('',*,*,#1287,.T.);
#1807=ORIENTED_EDGE('',*,*,#1309,.F.);
#1808=ORIENTED_EDGE('',*,*,#1050,.T.);
#1809=ORIENTED_EDGE('',*,*,#1310,.T.);
#1810=ORIENTED_EDGE('',*,*,#1284,.T.);
#1811=ORIENTED_EDGE('',*,*,#1311,.F.);
#1812=ORIENTED_EDGE('',*,*,#1077,.T.);
#1813=ORIENTED_EDGE('',*,*,#1196,.T.);
#1814=ORIENTED_EDGE('',*,*,#1278,.T.);
#1815=ORIENTED_EDGE('',*,*,#1312,.F.);
#1816=ORIENTED_EDGE('',*,*,#1071,.T.);
#1817=ORIENTED_EDGE('',*,*,#1312,.T.);
#1818=ORIENTED_EDGE('',*,*,#1280,.T.);
#1819=ORIENTED_EDGE('',*,*,#1313,.F.);
#1820=ORIENTED_EDGE('',*,*,#1064,.T.);
#1821=ORIENTED_EDGE('',*,*,#1314,.T.);
#1822=ORIENTED_EDGE('',*,*,#1277,.T.);
#1823=ORIENTED_EDGE('',*,*,#1315,.F.);
#1824=ORIENTED_EDGE('',*,*,#1091,.T.);
#1825=ORIENTED_EDGE('',*,*,#1184,.T.);
#1826=ORIENTED_EDGE('',*,*,#1271,.T.);
#1827=ORIENTED_EDGE('',*,*,#1316,.F.);
#1828=ORIENTED_EDGE('',*,*,#1085,.T.);
#1829=ORIENTED_EDGE('',*,*,#1316,.T.);
#1830=ORIENTED_EDGE('',*,*,#1273,.T.);
#1831=ORIENTED_EDGE('',*,*,#1317,.F.);
#1832=ORIENTED_EDGE('',*,*,#1078,.T.);
#1833=ORIENTED_EDGE('',*,*,#1318,.T.);
#1834=ORIENTED_EDGE('',*,*,#1270,.T.);
#1835=ORIENTED_EDGE('',*,*,#1319,.F.);
#1836=ORIENTED_EDGE('',*,*,#1105,.T.);
#1837=ORIENTED_EDGE('',*,*,#1172,.T.);
#1838=ORIENTED_EDGE('',*,*,#1264,.T.);
#1839=ORIENTED_EDGE('',*,*,#1320,.F.);
#1840=ORIENTED_EDGE('',*,*,#1099,.T.);
#1841=ORIENTED_EDGE('',*,*,#1320,.T.);
#1842=ORIENTED_EDGE('',*,*,#1266,.T.);
#1843=ORIENTED_EDGE('',*,*,#1321,.F.);
#1844=ORIENTED_EDGE('',*,*,#1092,.T.);
#1845=ORIENTED_EDGE('',*,*,#1322,.T.);
#1846=ORIENTED_EDGE('',*,*,#1263,.T.);
#1847=ORIENTED_EDGE('',*,*,#1323,.F.);
#1848=ORIENTED_EDGE('',*,*,#1119,.T.);
#1849=ORIENTED_EDGE('',*,*,#1160,.T.);
#1850=ORIENTED_EDGE('',*,*,#1257,.T.);
#1851=ORIENTED_EDGE('',*,*,#1324,.F.);
#1852=ORIENTED_EDGE('',*,*,#1113,.T.);
#1853=ORIENTED_EDGE('',*,*,#1324,.T.);
#1854=ORIENTED_EDGE('',*,*,#1259,.T.);
#1855=ORIENTED_EDGE('',*,*,#1325,.F.);
#1856=ORIENTED_EDGE('',*,*,#1106,.T.);
#1857=ORIENTED_EDGE('',*,*,#1326,.T.);
#1858=ORIENTED_EDGE('',*,*,#1256,.T.);
#1859=ORIENTED_EDGE('',*,*,#1327,.F.);
#1860=ORIENTED_EDGE('',*,*,#1133,.T.);
#1861=ORIENTED_EDGE('',*,*,#1148,.T.);
#1862=ORIENTED_EDGE('',*,*,#1250,.T.);
#1863=ORIENTED_EDGE('',*,*,#1328,.F.);
#1864=ORIENTED_EDGE('',*,*,#1127,.T.);
#1865=ORIENTED_EDGE('',*,*,#1328,.T.);
#1866=ORIENTED_EDGE('',*,*,#1252,.T.);
#1867=ORIENTED_EDGE('',*,*,#1329,.F.);
#1868=ORIENTED_EDGE('',*,*,#1138,.T.);
#1869=ORIENTED_EDGE('',*,*,#1143,.T.);
#1870=ORIENTED_EDGE('',*,*,#1243,.T.);
#1871=ORIENTED_EDGE('',*,*,#1330,.F.);
#1872=ORIENTED_EDGE('',*,*,#1139,.T.);
#1873=ORIENTED_EDGE('',*,*,#1120,.T.);
#1874=ORIENTED_EDGE('',*,*,#1331,.T.);
#1875=ORIENTED_EDGE('',*,*,#1249,.T.);
#1876=ORIENTED_EDGE('',*,*,#1332,.F.);
#1877=ORIENTED_EDGE('',*,*,#1140,.T.);
#1878=ORIENTED_EDGE('',*,*,#1330,.T.);
#1879=ORIENTED_EDGE('',*,*,#1242,.T.);
#1880=ORIENTED_EDGE('',*,*,#1333,.F.);
#1881=ORIENTED_EDGE('',*,*,#1134,.T.);
#1882=ORIENTED_EDGE('',*,*,#1333,.T.);
#1883=ORIENTED_EDGE('',*,*,#1245,.T.);
#1884=ORIENTED_EDGE('',*,*,#1334,.T.);
#1885=ORIENTED_EDGE('',*,*,#1124,.T.);
#1886=ORIENTED_EDGE('',*,*,#1151,.T.);
#1887=ORIENTED_EDGE('',*,*,#1247,.T.);
#1888=ORIENTED_EDGE('',*,*,#1335,.F.);
#1889=ORIENTED_EDGE('',*,*,#1125,.T.);
#1890=ORIENTED_EDGE('',*,*,#1126,.T.);
#1891=ORIENTED_EDGE('',*,*,#1335,.T.);
#1892=ORIENTED_EDGE('',*,*,#1246,.T.);
#1893=ORIENTED_EDGE('',*,*,#1331,.F.);
#1894=ORIENTED_EDGE('',*,*,#1121,.F.);
#1895=ORIENTED_EDGE('',*,*,#1336,.T.);
#1896=ORIENTED_EDGE('',*,*,#1107,.F.);
#1897=ORIENTED_EDGE('',*,*,#1337,.T.);
#1898=ORIENTED_EDGE('',*,*,#1093,.F.);
#1899=ORIENTED_EDGE('',*,*,#1338,.T.);
#1900=ORIENTED_EDGE('',*,*,#1079,.F.);
#1901=ORIENTED_EDGE('',*,*,#1339,.T.);
#1902=ORIENTED_EDGE('',*,*,#1065,.F.);
#1903=ORIENTED_EDGE('',*,*,#1340,.T.);
#1904=ORIENTED_EDGE('',*,*,#1051,.F.);
#1905=ORIENTED_EDGE('',*,*,#1341,.T.);
#1906=ORIENTED_EDGE('',*,*,#1037,.F.);
#1907=ORIENTED_EDGE('',*,*,#1342,.T.);
#1908=ORIENTED_EDGE('',*,*,#1027,.F.);
#1909=ORIENTED_EDGE('',*,*,#1343,.T.);
#1910=ORIENTED_EDGE('',*,*,#1030,.F.);
#1911=ORIENTED_EDGE('',*,*,#1344,.T.);
#1912=ORIENTED_EDGE('',*,*,#1044,.F.);
#1913=ORIENTED_EDGE('',*,*,#1345,.T.);
#1914=ORIENTED_EDGE('',*,*,#1058,.F.);
#1915=ORIENTED_EDGE('',*,*,#1346,.T.);
#1916=ORIENTED_EDGE('',*,*,#1072,.F.);
#1917=ORIENTED_EDGE('',*,*,#1347,.T.);
#1918=ORIENTED_EDGE('',*,*,#1086,.F.);
#1919=ORIENTED_EDGE('',*,*,#1348,.T.);
#1920=ORIENTED_EDGE('',*,*,#1100,.F.);
#1921=ORIENTED_EDGE('',*,*,#1349,.T.);
#1922=ORIENTED_EDGE('',*,*,#1114,.F.);
#1923=ORIENTED_EDGE('',*,*,#1350,.T.);
#1924=ORIENTED_EDGE('',*,*,#1128,.F.);
#1925=ORIENTED_EDGE('',*,*,#1351,.T.);
#1926=ORIENTED_EDGE('',*,*,#1135,.F.);
#1927=ORIENTED_EDGE('',*,*,#1352,.T.);
#1928=ORIENTED_EDGE('',*,*,#1021,.T.);
#1929=ORIENTED_EDGE('',*,*,#1332,.T.);
#1930=ORIENTED_EDGE('',*,*,#1353,.T.);
#1931=ORIENTED_EDGE('',*,*,#1166,.T.);
#1932=ORIENTED_EDGE('',*,*,#1336,.F.);
#1933=ORIENTED_EDGE('',*,*,#1110,.T.);
#1934=ORIENTED_EDGE('',*,*,#1163,.T.);
#1935=ORIENTED_EDGE('',*,*,#1254,.T.);
#1936=ORIENTED_EDGE('',*,*,#1354,.F.);
#1937=ORIENTED_EDGE('',*,*,#1111,.T.);
#1938=ORIENTED_EDGE('',*,*,#1112,.T.);
#1939=ORIENTED_EDGE('',*,*,#1354,.T.);
#1940=ORIENTED_EDGE('',*,*,#1253,.T.);
#1941=ORIENTED_EDGE('',*,*,#1326,.F.);
#1942=ORIENTED_EDGE('',*,*,#1327,.T.);
#1943=ORIENTED_EDGE('',*,*,#1355,.T.);
#1944=ORIENTED_EDGE('',*,*,#1178,.T.);
#1945=ORIENTED_EDGE('',*,*,#1337,.F.);
#1946=ORIENTED_EDGE('',*,*,#1096,.T.);
#1947=ORIENTED_EDGE('',*,*,#1175,.T.);
#1948=ORIENTED_EDGE('',*,*,#1261,.T.);
#1949=ORIENTED_EDGE('',*,*,#1356,.F.);
#1950=ORIENTED_EDGE('',*,*,#1097,.T.);
#1951=ORIENTED_EDGE('',*,*,#1098,.T.);
#1952=ORIENTED_EDGE('',*,*,#1356,.T.);
#1953=ORIENTED_EDGE('',*,*,#1260,.T.);
#1954=ORIENTED_EDGE('',*,*,#1322,.F.);
#1955=ORIENTED_EDGE('',*,*,#1323,.T.);
#1956=ORIENTED_EDGE('',*,*,#1357,.T.);
#1957=ORIENTED_EDGE('',*,*,#1190,.T.);
#1958=ORIENTED_EDGE('',*,*,#1338,.F.);
#1959=ORIENTED_EDGE('',*,*,#1082,.T.);
#1960=ORIENTED_EDGE('',*,*,#1187,.T.);
#1961=ORIENTED_EDGE('',*,*,#1268,.T.);
#1962=ORIENTED_EDGE('',*,*,#1358,.F.);
#1963=ORIENTED_EDGE('',*,*,#1083,.T.);
#1964=ORIENTED_EDGE('',*,*,#1084,.T.);
#1965=ORIENTED_EDGE('',*,*,#1358,.T.);
#1966=ORIENTED_EDGE('',*,*,#1267,.T.);
#1967=ORIENTED_EDGE('',*,*,#1318,.F.);
#1968=ORIENTED_EDGE('',*,*,#1319,.T.);
#1969=ORIENTED_EDGE('',*,*,#1359,.T.);
#1970=ORIENTED_EDGE('',*,*,#1202,.T.);
#1971=ORIENTED_EDGE('',*,*,#1339,.F.);
#1972=ORIENTED_EDGE('',*,*,#1068,.T.);
#1973=ORIENTED_EDGE('',*,*,#1199,.T.);
#1974=ORIENTED_EDGE('',*,*,#1275,.T.);
#1975=ORIENTED_EDGE('',*,*,#1360,.F.);
#1976=ORIENTED_EDGE('',*,*,#1069,.T.);
#1977=ORIENTED_EDGE('',*,*,#1070,.T.);
#1978=ORIENTED_EDGE('',*,*,#1360,.T.);
#1979=ORIENTED_EDGE('',*,*,#1274,.T.);
#1980=ORIENTED_EDGE('',*,*,#1314,.F.);
#1981=ORIENTED_EDGE('',*,*,#1315,.T.);
#1982=ORIENTED_EDGE('',*,*,#1361,.T.);
#1983=ORIENTED_EDGE('',*,*,#1214,.T.);
#1984=ORIENTED_EDGE('',*,*,#1340,.F.);
#1985=ORIENTED_EDGE('',*,*,#1054,.T.);
#1986=ORIENTED_EDGE('',*,*,#1211,.T.);
#1987=ORIENTED_EDGE('',*,*,#1282,.T.);
#1988=ORIENTED_EDGE('',*,*,#1362,.F.);
#1989=ORIENTED_EDGE('',*,*,#1055,.T.);
#1990=ORIENTED_EDGE('',*,*,#1056,.T.);
#1991=ORIENTED_EDGE('',*,*,#1362,.T.);
#1992=ORIENTED_EDGE('',*,*,#1281,.T.);
#1993=ORIENTED_EDGE('',*,*,#1310,.F.);
#1994=ORIENTED_EDGE('',*,*,#1311,.T.);
#1995=ORIENTED_EDGE('',*,*,#1363,.T.);
#1996=ORIENTED_EDGE('',*,*,#1226,.T.);
#1997=ORIENTED_EDGE('',*,*,#1341,.F.);
#1998=ORIENTED_EDGE('',*,*,#1040,.T.);
#1999=ORIENTED_EDGE('',*,*,#1223,.T.);
#2000=ORIENTED_EDGE('',*,*,#1289,.T.);
#2001=ORIENTED_EDGE('',*,*,#1364,.F.);
#2002=ORIENTED_EDGE('',*,*,#1041,.T.);
#2003=ORIENTED_EDGE('',*,*,#1042,.T.);
#2004=ORIENTED_EDGE('',*,*,#1364,.T.);
#2005=ORIENTED_EDGE('',*,*,#1288,.T.);
#2006=ORIENTED_EDGE('',*,*,#1306,.F.);
#2007=ORIENTED_EDGE('',*,*,#1307,.T.);
#2008=ORIENTED_EDGE('',*,*,#1365,.T.);
#2009=ORIENTED_EDGE('',*,*,#1366,.T.);
#2010=ORIENTED_EDGE('',*,*,#1342,.F.);
#2011=ORIENTED_EDGE('',*,*,#1028,.T.);
#2012=ORIENTED_EDGE('',*,*,#1366,.F.);
#2013=ORIENTED_EDGE('',*,*,#1295,.T.);
#2014=ORIENTED_EDGE('',*,*,#1367,.F.);
#2015=ORIENTED_EDGE('',*,*,#1022,.T.);
#2016=ORIENTED_EDGE('',*,*,#1367,.T.);
#2017=ORIENTED_EDGE('',*,*,#1298,.T.);
#2018=ORIENTED_EDGE('',*,*,#1368,.F.);
#2019=ORIENTED_EDGE('',*,*,#1023,.T.);
#2020=ORIENTED_EDGE('',*,*,#1368,.T.);
#2021=ORIENTED_EDGE('',*,*,#1297,.T.);
#2022=ORIENTED_EDGE('',*,*,#1240,.F.);
#2023=ORIENTED_EDGE('',*,*,#1024,.T.);
#2024=ORIENTED_EDGE('',*,*,#1239,.T.);
#2025=ORIENTED_EDGE('',*,*,#1369,.T.);
#2026=ORIENTED_EDGE('',*,*,#1235,.T.);
#2027=ORIENTED_EDGE('',*,*,#1343,.F.);
#2028=ORIENTED_EDGE('',*,*,#1303,.T.);
#2029=ORIENTED_EDGE('',*,*,#1370,.T.);
#2030=ORIENTED_EDGE('',*,*,#1228,.T.);
#2031=ORIENTED_EDGE('',*,*,#1344,.F.);
#2032=ORIENTED_EDGE('',*,*,#1305,.T.);
#2033=ORIENTED_EDGE('',*,*,#1371,.T.);
#2034=ORIENTED_EDGE('',*,*,#1216,.T.);
#2035=ORIENTED_EDGE('',*,*,#1345,.F.);
#2036=ORIENTED_EDGE('',*,*,#1309,.T.);
#2037=ORIENTED_EDGE('',*,*,#1372,.T.);
#2038=ORIENTED_EDGE('',*,*,#1204,.T.);
#2039=ORIENTED_EDGE('',*,*,#1346,.F.);
#2040=ORIENTED_EDGE('',*,*,#1313,.T.);
#2041=ORIENTED_EDGE('',*,*,#1373,.T.);
#2042=ORIENTED_EDGE('',*,*,#1192,.T.);
#2043=ORIENTED_EDGE('',*,*,#1347,.F.);
#2044=ORIENTED_EDGE('',*,*,#1317,.T.);
#2045=ORIENTED_EDGE('',*,*,#1374,.T.);
#2046=ORIENTED_EDGE('',*,*,#1180,.T.);
#2047=ORIENTED_EDGE('',*,*,#1348,.F.);
#2048=ORIENTED_EDGE('',*,*,#1321,.T.);
#2049=ORIENTED_EDGE('',*,*,#1375,.T.);
#2050=ORIENTED_EDGE('',*,*,#1168,.T.);
#2051=ORIENTED_EDGE('',*,*,#1349,.F.);
#2052=ORIENTED_EDGE('',*,*,#1325,.T.);
#2053=ORIENTED_EDGE('',*,*,#1376,.T.);
#2054=ORIENTED_EDGE('',*,*,#1156,.T.);
#2055=ORIENTED_EDGE('',*,*,#1350,.F.);
#2056=ORIENTED_EDGE('',*,*,#1329,.T.);
#2057=ORIENTED_EDGE('',*,*,#1377,.T.);
#2058=ORIENTED_EDGE('',*,*,#1144,.F.);
#2059=ORIENTED_EDGE('',*,*,#1351,.F.);
#2060=ORIENTED_EDGE('',*,*,#1300,.F.);
#2061=ORIENTED_EDGE('',*,*,#1369,.F.);
#2062=ORIENTED_EDGE('',*,*,#1296,.F.);
#2063=ORIENTED_EDGE('',*,*,#1365,.F.);
#2064=ORIENTED_EDGE('',*,*,#1290,.F.);
#2065=ORIENTED_EDGE('',*,*,#1363,.F.);
#2066=ORIENTED_EDGE('',*,*,#1283,.F.);
#2067=ORIENTED_EDGE('',*,*,#1361,.F.);
#2068=ORIENTED_EDGE('',*,*,#1276,.F.);
#2069=ORIENTED_EDGE('',*,*,#1359,.F.);
#2070=ORIENTED_EDGE('',*,*,#1269,.F.);
#2071=ORIENTED_EDGE('',*,*,#1357,.F.);
#2072=ORIENTED_EDGE('',*,*,#1262,.F.);
#2073=ORIENTED_EDGE('',*,*,#1355,.F.);
#2074=ORIENTED_EDGE('',*,*,#1255,.F.);
#2075=ORIENTED_EDGE('',*,*,#1353,.F.);
#2076=ORIENTED_EDGE('',*,*,#1248,.F.);
#2077=ORIENTED_EDGE('',*,*,#1378,.F.);
#2078=ORIENTED_EDGE('',*,*,#1244,.F.);
#2079=ORIENTED_EDGE('',*,*,#1377,.F.);
#2080=ORIENTED_EDGE('',*,*,#1251,.F.);
#2081=ORIENTED_EDGE('',*,*,#1376,.F.);
#2082=ORIENTED_EDGE('',*,*,#1258,.F.);
#2083=ORIENTED_EDGE('',*,*,#1375,.F.);
#2084=ORIENTED_EDGE('',*,*,#1265,.F.);
#2085=ORIENTED_EDGE('',*,*,#1374,.F.);
#2086=ORIENTED_EDGE('',*,*,#1272,.F.);
#2087=ORIENTED_EDGE('',*,*,#1373,.F.);
#2088=ORIENTED_EDGE('',*,*,#1279,.F.);
#2089=ORIENTED_EDGE('',*,*,#1372,.F.);
#2090=ORIENTED_EDGE('',*,*,#1286,.F.);
#2091=ORIENTED_EDGE('',*,*,#1371,.F.);
#2092=ORIENTED_EDGE('',*,*,#1293,.F.);
#2093=ORIENTED_EDGE('',*,*,#1370,.F.);
#2094=ORIENTED_EDGE('',*,*,#1019,.T.);
#2095=ORIENTED_EDGE('',*,*,#1154,.T.);
#2096=ORIENTED_EDGE('',*,*,#1352,.F.);
#2097=ORIENTED_EDGE('',*,*,#1334,.F.);
#2098=ORIENTED_EDGE('',*,*,#1378,.T.);
#2099=CYLINDRICAL_SURFACE('',#2253,1.25);
#2100=ADVANCED_FACE('',(#444),#2099,.F.);
#2101=ADVANCED_FACE('',(#445),#393,.T.);
#2102=ADVANCED_FACE('',(#446),#394,.T.);
#2103=ADVANCED_FACE('',(#447),#395,.T.);
#2104=ADVANCED_FACE('',(#448),#396,.T.);
#2105=ADVANCED_FACE('',(#449),#397,.T.);
#2106=ADVANCED_FACE('',(#450),#398,.T.);
#2107=ADVANCED_FACE('',(#451),#399,.T.);
#2108=ADVANCED_FACE('',(#452),#400,.T.);
#2109=ADVANCED_FACE('',(#453),#401,.T.);
#2110=ADVANCED_FACE('',(#454),#402,.T.);
#2111=ADVANCED_FACE('',(#455),#403,.T.);
#2112=ADVANCED_FACE('',(#456),#404,.T.);
#2113=ADVANCED_FACE('',(#457),#405,.T.);
#2114=ADVANCED_FACE('',(#458),#406,.T.);
#2115=ADVANCED_FACE('',(#459),#407,.T.);
#2116=ADVANCED_FACE('',(#460),#408,.T.);
#2117=ADVANCED_FACE('',(#461),#409,.T.);
#2118=ADVANCED_FACE('',(#462),#19,.T.);
#2119=ADVANCED_FACE('',(#463),#20,.T.);
#2120=ADVANCED_FACE('',(#464),#21,.T.);
#2121=ADVANCED_FACE('',(#465),#22,.T.);
#2122=ADVANCED_FACE('',(#466),#23,.T.);
#2123=ADVANCED_FACE('',(#467),#24,.T.);
#2124=ADVANCED_FACE('',(#468),#25,.T.);
#2125=ADVANCED_FACE('',(#469),#26,.T.);
#2126=ADVANCED_FACE('',(#470),#27,.T.);
#2127=ADVANCED_FACE('',(#471),#28,.T.);
#2128=ADVANCED_FACE('',(#472),#29,.T.);
#2129=ADVANCED_FACE('',(#473),#30,.T.);
#2130=ADVANCED_FACE('',(#474),#31,.T.);
#2131=ADVANCED_FACE('',(#475),#32,.T.);
#2132=ADVANCED_FACE('',(#476),#33,.T.);
#2133=ADVANCED_FACE('',(#477),#34,.T.);
#2134=ADVANCED_FACE('',(#478),#35,.T.);
#2135=ADVANCED_FACE('',(#479),#36,.T.);
#2136=ADVANCED_FACE('',(#480),#37,.T.);
#2137=ADVANCED_FACE('',(#481),#38,.T.);
#2138=ADVANCED_FACE('',(#482),#39,.T.);
#2139=ADVANCED_FACE('',(#483),#40,.T.);
#2140=ADVANCED_FACE('',(#484),#41,.T.);
#2141=ADVANCED_FACE('',(#485),#42,.T.);
#2142=ADVANCED_FACE('',(#486),#43,.T.);
#2143=ADVANCED_FACE('',(#487),#44,.T.);
#2144=ADVANCED_FACE('',(#488),#45,.T.);
#2145=ADVANCED_FACE('',(#489),#46,.T.);
#2146=ADVANCED_FACE('',(#490),#47,.T.);
#2147=ADVANCED_FACE('',(#491),#48,.T.);
#2148=ADVANCED_FACE('',(#492),#49,.T.);
#2149=ADVANCED_FACE('',(#493),#50,.T.);
#2150=ADVANCED_FACE('',(#494),#51,.T.);
#2151=ADVANCED_FACE('',(#495),#52,.T.);
#2152=ADVANCED_FACE('',(#496),#53,.T.);
#2153=ADVANCED_FACE('',(#497),#54,.T.);
#2154=ADVANCED_FACE('',(#498),#55,.T.);
#2155=ADVANCED_FACE('',(#499),#56,.T.);
#2156=ADVANCED_FACE('',(#500),#57,.T.);
#2157=ADVANCED_FACE('',(#501),#58,.T.);
#2158=ADVANCED_FACE('',(#502),#59,.T.);
#2159=ADVANCED_FACE('',(#503),#60,.T.);
#2160=ADVANCED_FACE('',(#504),#410,.F.);
#2161=ADVANCED_FACE('',(#505),#411,.F.);
#2162=ADVANCED_FACE('',(#506),#412,.F.);
#2163=ADVANCED_FACE('',(#507),#413,.F.);
#2164=ADVANCED_FACE('',(#508),#414,.F.);
#2165=ADVANCED_FACE('',(#509),#415,.F.);
#2166=ADVANCED_FACE('',(#510),#416,.F.);
#2167=ADVANCED_FACE('',(#511),#417,.F.);
#2168=ADVANCED_FACE('',(#512),#418,.F.);
#2169=ADVANCED_FACE('',(#513),#419,.F.);
#2170=ADVANCED_FACE('',(#514),#420,.F.);
#2171=ADVANCED_FACE('',(#515),#421,.F.);
#2172=ADVANCED_FACE('',(#516),#422,.F.);
#2173=ADVANCED_FACE('',(#517),#423,.F.);
#2174=ADVANCED_FACE('',(#518),#424,.F.);
#2175=ADVANCED_FACE('',(#519),#425,.F.);
#2176=ADVANCED_FACE('',(#520),#426,.F.);
#2177=ADVANCED_FACE('',(#521),#61,.T.);
#2178=ADVANCED_FACE('',(#522),#62,.T.);
#2179=ADVANCED_FACE('',(#523),#63,.T.);
#2180=ADVANCED_FACE('',(#524),#64,.T.);
#2181=ADVANCED_FACE('',(#525),#65,.T.);
#2182=ADVANCED_FACE('',(#526),#66,.T.);
#2183=ADVANCED_FACE('',(#527),#67,.T.);
#2184=ADVANCED_FACE('',(#528),#68,.T.);
#2185=ADVANCED_FACE('',(#529),#69,.T.);
#2186=ADVANCED_FACE('',(#530),#70,.T.);
#2187=ADVANCED_FACE('',(#531),#71,.T.);
#2188=ADVANCED_FACE('',(#532),#72,.T.);
#2189=ADVANCED_FACE('',(#533),#73,.T.);
#2190=ADVANCED_FACE('',(#534),#74,.T.);
#2191=ADVANCED_FACE('',(#535),#75,.T.);
#2192=ADVANCED_FACE('',(#536),#76,.T.);
#2193=ADVANCED_FACE('',(#537),#77,.T.);
#2194=ADVANCED_FACE('',(#538),#78,.T.);
#2195=ADVANCED_FACE('',(#539),#79,.T.);
#2196=ADVANCED_FACE('',(#540),#80,.T.);
#2197=ADVANCED_FACE('',(#541),#81,.T.);
#2198=ADVANCED_FACE('',(#542),#82,.T.);
#2199=ADVANCED_FACE('',(#543),#83,.T.);
#2200=ADVANCED_FACE('',(#544),#84,.T.);
#2201=ADVANCED_FACE('',(#545),#85,.T.);
#2202=ADVANCED_FACE('',(#546),#86,.T.);
#2203=ADVANCED_FACE('',(#547),#87,.T.);
#2204=ADVANCED_FACE('',(#548),#88,.T.);
#2205=ADVANCED_FACE('',(#549,#15),#17,.T.);
#2206=ADVANCED_FACE('',(#550),#427,.T.);
#2207=ADVANCED_FACE('',(#551),#89,.T.);
#2208=ADVANCED_FACE('',(#552),#90,.T.);
#2209=ADVANCED_FACE('',(#553),#428,.T.);
#2210=ADVANCED_FACE('',(#554),#91,.T.);
#2211=ADVANCED_FACE('',(#555),#92,.T.);
#2212=ADVANCED_FACE('',(#556),#429,.T.);
#2213=ADVANCED_FACE('',(#557),#93,.T.);
#2214=ADVANCED_FACE('',(#558),#94,.T.);
#2215=ADVANCED_FACE('',(#559),#430,.T.);
#2216=ADVANCED_FACE('',(#560),#95,.T.);
#2217=ADVANCED_FACE('',(#561),#96,.T.);
#2218=ADVANCED_FACE('',(#562),#431,.T.);
#2219=ADVANCED_FACE('',(#563),#97,.T.);
#2220=ADVANCED_FACE('',(#564),#98,.T.);
#2221=ADVANCED_FACE('',(#565),#432,.T.);
#2222=ADVANCED_FACE('',(#566),#99,.T.);
#2223=ADVANCED_FACE('',(#567),#100,.T.);
#2224=ADVANCED_FACE('',(#568),#433,.T.);
#2225=ADVANCED_FACE('',(#569),#101,.T.);
#2226=ADVANCED_FACE('',(#570),#102,.T.);
#2227=ADVANCED_FACE('',(#571),#103,.T.);
#2228=ADVANCED_FACE('',(#572),#434,.T.);
#2229=ADVANCED_FACE('',(#573),#435,.T.);
#2230=ADVANCED_FACE('',(#574),#436,.T.);
#2231=ADVANCED_FACE('',(#575),#437,.T.);
#2232=ADVANCED_FACE('',(#576),#438,.T.);
#2233=ADVANCED_FACE('',(#577),#439,.T.);
#2234=ADVANCED_FACE('',(#578),#440,.T.);
#2235=ADVANCED_FACE('',(#579),#441,.T.);
#2236=ADVANCED_FACE('',(#580),#442,.T.);
#2237=ADVANCED_FACE('',(#581,#16),#18,.T.);
#2238=ADVANCED_FACE('',(#582),#443,.T.);
#2239=CLOSED_SHELL('',(#2100,#2101,#2102,#2103,#2104,#2105,#2106,#2107,
#2108,#2109,#2110,#2111,#2112,#2113,#2114,#2115,#2116,#2117,#2118,#2119,
#2120,#2121,#2122,#2123,#2124,#2125,#2126,#2127,#2128,#2129,#2130,#2131,
#2132,#2133,#2134,#2135,#2136,#2137,#2138,#2139,#2140,#2141,#2142,#2143,
#2144,#2145,#2146,#2147,#2148,#2149,#2150,#2151,#2152,#2153,#2154,#2155,
#2156,#2157,#2158,#2159,#2160,#2161,#2162,#2163,#2164,#2165,#2166,#2167,
#2168,#2169,#2170,#2171,#2172,#2173,#2174,#2175,#2176,#2177,#2178,#2179,
#2180,#2181,#2182,#2183,#2184,#2185,#2186,#2187,#2188,#2189,#2190,#2191,
#2192,#2193,#2194,#2195,#2196,#2197,#2198,#2199,#2200,#2201,#2202,#2203,
#2204,#2205,#2206,#2207,#2208,#2209,#2210,#2211,#2212,#2213,#2214,#2215,
#2216,#2217,#2218,#2219,#2220,#2221,#2222,#2223,#2224,#2225,#2226,#2227,
#2228,#2229,#2230,#2231,#2232,#2233,#2234,#2235,#2236,#2237,#2238));
#2240=DERIVED_UNIT_ELEMENT(#2242,1.);
#2241=DERIVED_UNIT_ELEMENT(#6287,-3.);
#2242=(
MASS_UNIT()
NAMED_UNIT(*)
SI_UNIT(.KILO.,.GRAM.)
);
#2243=DERIVED_UNIT((#2240,#2241));
#2244=MEASURE_REPRESENTATION_ITEM('density measure',
POSITIVE_RATIO_MEASURE(7850.),#2243);
#2245=PROPERTY_DEFINITION_REPRESENTATION(#2250,#2247);
#2246=PROPERTY_DEFINITION_REPRESENTATION(#2251,#2248);
#2247=REPRESENTATION('material name',(#2249),#6284);
#2248=REPRESENTATION('density',(#2244),#6284);
#2249=DESCRIPTIVE_REPRESENTATION_ITEM('Steel','Steel');
#2250=PROPERTY_DEFINITION('material property','material name',#6294);
#2251=PROPERTY_DEFINITION('material property','density of part',#6294);
#2252=AXIS2_PLACEMENT_3D('',#2628,#2377,#2378);
#2253=AXIS2_PLACEMENT_3D('',#2629,#2379,#2380);
#2254=AXIS2_PLACEMENT_3D('',#2631,#2381,#2382);
#2255=AXIS2_PLACEMENT_3D('',#2634,#2384,#2385);
#2256=AXIS2_PLACEMENT_3D('',#2635,#2386,#2387);
#2257=AXIS2_PLACEMENT_3D('',#2675,#2388,#2389);
#2258=AXIS2_PLACEMENT_3D('',#2680,#2390,#2391);
#2259=AXIS2_PLACEMENT_3D('',#2688,#2392,#2393);
#2260=AXIS2_PLACEMENT_3D('',#2725,#2394,#2395);
#2261=AXIS2_PLACEMENT_3D('',#2733,#2396,#2397);
#2262=AXIS2_PLACEMENT_3D('',#2770,#2398,#2399);
#2263=AXIS2_PLACEMENT_3D('',#2778,#2400,#2401);
#2264=AXIS2_PLACEMENT_3D('',#2815,#2402,#2403);
#2265=AXIS2_PLACEMENT_3D('',#2823,#2404,#2405);
#2266=AXIS2_PLACEMENT_3D('',#2860,#2406,#2407);
#2267=AXIS2_PLACEMENT_3D('',#2868,#2408,#2409);
#2268=AXIS2_PLACEMENT_3D('',#2905,#2410,#2411);
#2269=AXIS2_PLACEMENT_3D('',#2913,#2412,#2413);
#2270=AXIS2_PLACEMENT_3D('',#2950,#2414,#2415);
#2271=AXIS2_PLACEMENT_3D('',#2958,#2416,#2417);
#2272=AXIS2_PLACEMENT_3D('',#2995,#2418,#2419);
#2273=AXIS2_PLACEMENT_3D('',#3003,#2420,#2421);
#2274=AXIS2_PLACEMENT_3D('',#3040,#2422,#2423);
#2275=AXIS2_PLACEMENT_3D('',#3048,#2424,#2425);
#2276=AXIS2_PLACEMENT_3D('',#3085,#2426,#2427);
#2277=AXIS2_PLACEMENT_3D('',#3093,#2428,#2429);
#2278=AXIS2_PLACEMENT_3D('',#3130,#2430,#2431);
#2279=AXIS2_PLACEMENT_3D('',#3138,#2432,#2433);
#2280=AXIS2_PLACEMENT_3D('',#3175,#2434,#2435);
#2281=AXIS2_PLACEMENT_3D('',#3183,#2436,#2437);
#2282=AXIS2_PLACEMENT_3D('',#3220,#2438,#2439);
#2283=AXIS2_PLACEMENT_3D('',#3228,#2440,#2441);
#2284=AXIS2_PLACEMENT_3D('',#3265,#2442,#2443);
#2285=AXIS2_PLACEMENT_3D('',#3273,#2444,#2445);
#2286=AXIS2_PLACEMENT_3D('',#3310,#2446,#2447);
#2287=AXIS2_PLACEMENT_3D('',#3318,#2448,#2449);
#2288=AXIS2_PLACEMENT_3D('',#3355,#2450,#2451);
#2289=AXIS2_PLACEMENT_3D('',#3363,#2452,#2453);
#2290=AXIS2_PLACEMENT_3D('',#4857,#2454,#2455);
#2291=AXIS2_PLACEMENT_3D('',#4876,#2456,#2457);
#2292=AXIS2_PLACEMENT_3D('',#4881,#2458,#2459);
#2293=AXIS2_PLACEMENT_3D('',#4900,#2460,#2461);
#2294=AXIS2_PLACEMENT_3D('',#4905,#2462,#2463);
#2295=AXIS2_PLACEMENT_3D('',#4916,#2464,#2465);
#2296=AXIS2_PLACEMENT_3D('',#4921,#2466,#2467);
#2297=AXIS2_PLACEMENT_3D('',#4940,#2468,#2469);
#2298=AXIS2_PLACEMENT_3D('',#4945,#2470,#2471);
#2299=AXIS2_PLACEMENT_3D('',#4956,#2472,#2473);
#2300=AXIS2_PLACEMENT_3D('',#4961,#2474,#2475);
#2301=AXIS2_PLACEMENT_3D('',#4980,#2476,#2477);
#2302=AXIS2_PLACEMENT_3D('',#4985,#2478,#2479);
#2303=AXIS2_PLACEMENT_3D('',#4996,#2480,#2481);
#2304=AXIS2_PLACEMENT_3D('',#5001,#2482,#2483);
#2305=AXIS2_PLACEMENT_3D('',#5020,#2484,#2485);
#2306=AXIS2_PLACEMENT_3D('',#5025,#2486,#2487);
#2307=AXIS2_PLACEMENT_3D('',#5036,#2488,#2489);
#2308=AXIS2_PLACEMENT_3D('',#5041,#2490,#2491);
#2309=AXIS2_PLACEMENT_3D('',#5060,#2492,#2493);
#2310=AXIS2_PLACEMENT_3D('',#5065,#2494,#2495);
#2311=AXIS2_PLACEMENT_3D('',#5076,#2496,#2497);
#2312=AXIS2_PLACEMENT_3D('',#5081,#2498,#2499);
#2313=AXIS2_PLACEMENT_3D('',#5100,#2500,#2501);
#2314=AXIS2_PLACEMENT_3D('',#5105,#2502,#2503);
#2315=AXIS2_PLACEMENT_3D('',#5116,#2504,#2505);
#2316=AXIS2_PLACEMENT_3D('',#5121,#2506,#2507);
#2317=AXIS2_PLACEMENT_3D('',#5140,#2508,#2509);
#2318=AXIS2_PLACEMENT_3D('',#5145,#2510,#2511);
#2319=AXIS2_PLACEMENT_3D('',#5156,#2512,#2513);
#2320=AXIS2_PLACEMENT_3D('',#5161,#2514,#2515);
#2321=AXIS2_PLACEMENT_3D('',#5168,#2516,#2517);
#2322=AXIS2_PLACEMENT_3D('',#5189,#2518,#2519);
#2323=AXIS2_PLACEMENT_3D('',#5200,#2520,#2521);
#2324=AXIS2_PLACEMENT_3D('',#5895,#2522,#2523);
#2325=AXIS2_PLACEMENT_3D('',#5896,#2524,#2525);
#2326=AXIS2_PLACEMENT_3D('',#5897,#2526,#2527);
#2327=AXIS2_PLACEMENT_3D('',#5898,#2528,#2529);
#2328=AXIS2_PLACEMENT_3D('',#5899,#2530,#2531);
#2329=AXIS2_PLACEMENT_3D('',#5900,#2532,#2533);
#2330=AXIS2_PLACEMENT_3D('',#5901,#2534,#2535);
#2331=AXIS2_PLACEMENT_3D('',#5902,#2536,#2537);
#2332=AXIS2_PLACEMENT_3D('',#5903,#2538,#2539);
#2333=AXIS2_PLACEMENT_3D('',#5904,#2540,#2541);
#2334=AXIS2_PLACEMENT_3D('',#5905,#2542,#2543);
#2335=AXIS2_PLACEMENT_3D('',#5906,#2544,#2545);
#2336=AXIS2_PLACEMENT_3D('',#5907,#2546,#2547);
#2337=AXIS2_PLACEMENT_3D('',#5908,#2548,#2549);
#2338=AXIS2_PLACEMENT_3D('',#5909,#2550,#2551);
#2339=AXIS2_PLACEMENT_3D('',#5910,#2552,#2553);
#2340=AXIS2_PLACEMENT_3D('',#5911,#2554,#2555);
#2341=AXIS2_PLACEMENT_3D('',#5912,#2556,#2557);
#2342=AXIS2_PLACEMENT_3D('',#5913,#2558,#2559);
#2343=AXIS2_PLACEMENT_3D('',#5914,#2560,#2561);
#2344=AXIS2_PLACEMENT_3D('',#5959,#2562,#2563);
#2345=AXIS2_PLACEMENT_3D('',#5960,#2564,#2565);
#2346=AXIS2_PLACEMENT_3D('',#6005,#2566,#2567);
#2347=AXIS2_PLACEMENT_3D('',#6006,#2568,#2569);
#2348=AXIS2_PLACEMENT_3D('',#6051,#2570,#2571);
#2349=AXIS2_PLACEMENT_3D('',#6052,#2572,#2573);
#2350=AXIS2_PLACEMENT_3D('',#6097,#2574,#2575);
#2351=AXIS2_PLACEMENT_3D('',#6098,#2576,#2577);
#2352=AXIS2_PLACEMENT_3D('',#6143,#2578,#2579);
#2353=AXIS2_PLACEMENT_3D('',#6144,#2580,#2581);
#2354=AXIS2_PLACEMENT_3D('',#6189,#2582,#2583);
#2355=AXIS2_PLACEMENT_3D('',#6190,#2584,#2585);
#2356=AXIS2_PLACEMENT_3D('',#6261,#2586,#2587);
#2357=AXIS2_PLACEMENT_3D('',#6262,#2588,#2589);
#2358=AXIS2_PLACEMENT_3D('',#6263,#2590,#2591);
#2359=AXIS2_PLACEMENT_3D('',#6264,#2592,#2593);
#2360=AXIS2_PLACEMENT_3D('',#6265,#2594,#2595);
#2361=AXIS2_PLACEMENT_3D('',#6266,#2596,#2597);
#2362=AXIS2_PLACEMENT_3D('',#6267,#2598,#2599);
#2363=AXIS2_PLACEMENT_3D('',#6268,#2600,#2601);
#2364=AXIS2_PLACEMENT_3D('',#6269,#2602,#2603);
#2365=AXIS2_PLACEMENT_3D('',#6270,#2604,#2605);
#2366=AXIS2_PLACEMENT_3D('',#6271,#2606,#2607);
#2367=AXIS2_PLACEMENT_3D('',#6272,#2608,#2609);
#2368=AXIS2_PLACEMENT_3D('',#6273,#2610,#2611);
#2369=AXIS2_PLACEMENT_3D('',#6274,#2612,#2613);
#2370=AXIS2_PLACEMENT_3D('',#6275,#2614,#2615);
#2371=AXIS2_PLACEMENT_3D('',#6276,#2616,#2617);
#2372=AXIS2_PLACEMENT_3D('',#6277,#2618,#2619);
#2373=AXIS2_PLACEMENT_3D('',#6278,#2620,#2621);
#2374=AXIS2_PLACEMENT_3D('',#6279,#2622,#2623);
#2375=AXIS2_PLACEMENT_3D('',#6280,#2624,#2625);
#2376=AXIS2_PLACEMENT_3D('',#6281,#2626,#2627);
#2377=DIRECTION('axis',(0.,0.,1.));
#2378=DIRECTION('refdir',(1.,0.,0.));
#2379=DIRECTION('center_axis',(-0.707106781186547,-5.04646829375071E-17,
-0.707106781186548));
#2380=DIRECTION('ref_axis',(1.27107672388407E-16,1.,-1.98475511419487E-16));
#2381=DIRECTION('center_axis',(-0.707106781186548,0.,-0.707106781186548));
#2382=DIRECTION('ref_axis',(1.27107672388407E-16,1.,-1.98475511419487E-16));
#2383=DIRECTION('',(-0.707106781186547,-5.04646829375071E-17,-0.707106781186548));
#2384=DIRECTION('center_axis',(0.707106781186548,0.,0.707106781186548));
#2385=DIRECTION('ref_axis',(1.27107672388407E-16,1.,-1.98475511419487E-16));
#2386=DIRECTION('center_axis',(0.707106781186548,0.,0.707106781186548));
#2387=DIRECTION('ref_axis',(0.707106781186548,0.,-0.707106781186547));
#2388=DIRECTION('center_axis',(0.707106781186548,0.,0.707106781186548));
#2389=DIRECTION('ref_axis',(0.707106781186547,0.,-0.707106781186547));
#2390=DIRECTION('center_axis',(0.707106781186548,0.,0.707106781186548));
#2391=DIRECTION('ref_axis',(0.707106781186548,0.,-0.707106781186547));
#2392=DIRECTION('center_axis',(0.707106781186548,0.,0.707106781186548));
#2393=DIRECTION('ref_axis',(0.707106781186547,0.,-0.707106781186547));
#2394=DIRECTION('center_axis',(0.707106781186548,0.,0.707106781186548));
#2395=DIRECTION('ref_axis',(0.707106781186548,0.,-0.707106781186547));
#2396=DIRECTION('center_axis',(0.707106781186548,0.,0.707106781186548));
#2397=DIRECTION('ref_axis',(0.707106781186547,0.,-0.707106781186547));
#2398=DIRECTION('center_axis',(0.707106781186548,0.,0.707106781186548));
#2399=DIRECTION('ref_axis',(0.707106781186548,0.,-0.707106781186547));
#2400=DIRECTION('center_axis',(0.707106781186548,0.,0.707106781186548));
#2401=DIRECTION('ref_axis',(0.707106781186547,0.,-0.707106781186547));
#2402=DIRECTION('center_axis',(0.707106781186548,0.,0.707106781186548));
#2403=DIRECTION('ref_axis',(0.707106781186548,0.,-0.707106781186547));
#2404=DIRECTION('center_axis',(0.707106781186548,0.,0.707106781186548));
#2405=DIRECTION('ref_axis',(0.707106781186547,0.,-0.707106781186547));
#2406=DIRECTION('center_axis',(0.707106781186548,0.,0.707106781186548));
#2407=DIRECTION('ref_axis',(0.707106781186548,0.,-0.707106781186547));
#2408=DIRECTION('center_axis',(0.707106781186548,0.,0.707106781186548));
#2409=DIRECTION('ref_axis',(0.707106781186547,0.,-0.707106781186547));
#2410=DIRECTION('center_axis',(0.707106781186548,0.,0.707106781186548));
#2411=DIRECTION('ref_axis',(0.707106781186548,0.,-0.707106781186547));
#2412=DIRECTION('center_axis',(0.707106781186548,0.,0.707106781186548));
#2413=DIRECTION('ref_axis',(0.707106781186547,0.,-0.707106781186547));
#2414=DIRECTION('center_axis',(0.707106781186548,0.,0.707106781186548));
#2415=DIRECTION('ref_axis',(0.707106781186548,0.,-0.707106781186547));
#2416=DIRECTION('center_axis',(0.707106781186548,0.,0.707106781186548));
#2417=DIRECTION('ref_axis',(0.707106781186547,0.,-0.707106781186547));
#2418=DIRECTION('center_axis',(0.707106781186548,0.,0.707106781186548));
#2419=DIRECTION('ref_axis',(0.707106781186548,0.,-0.707106781186547));
#2420=DIRECTION('center_axis',(0.707106781186548,0.,0.707106781186548));
#2421=DIRECTION('ref_axis',(0.707106781186547,0.,-0.707106781186547));
#2422=DIRECTION('center_axis',(0.707106781186548,0.,0.707106781186548));
#2423=DIRECTION('ref_axis',(0.707106781186548,0.,-0.707106781186547));
#2424=DIRECTION('center_axis',(0.707106781186548,0.,0.707106781186548));
#2425=DIRECTION('ref_axis',(0.707106781186547,0.,-0.707106781186547));
#2426=DIRECTION('center_axis',(0.707106781186548,0.,0.707106781186548));
#2427=DIRECTION('ref_axis',(0.707106781186548,0.,-0.707106781186547));
#2428=DIRECTION('center_axis',(0.707106781186548,0.,0.707106781186548));
#2429=DIRECTION('ref_axis',(0.707106781186547,0.,-0.707106781186547));
#2430=DIRECTION('center_axis',(0.707106781186548,0.,0.707106781186548));
#2431=DIRECTION('ref_axis',(0.707106781186548,0.,-0.707106781186547));
#2432=DIRECTION('center_axis',(0.707106781186548,0.,0.707106781186548));
#2433=DIRECTION('ref_axis',(0.707106781186547,0.,-0.707106781186547));
#2434=DIRECTION('center_axis',(0.707106781186548,0.,0.707106781186548));
#2435=DIRECTION('ref_axis',(0.707106781186548,0.,-0.707106781186547));
#2436=DIRECTION('center_axis',(0.707106781186548,0.,0.707106781186548));
#2437=DIRECTION('ref_axis',(0.707106781186547,0.,-0.707106781186547));
#2438=DIRECTION('center_axis',(0.707106781186548,0.,0.707106781186548));
#2439=DIRECTION('ref_axis',(0.707106781186548,0.,-0.707106781186547));
#2440=DIRECTION('center_axis',(0.707106781186548,0.,0.707106781186548));
#2441=DIRECTION('ref_axis',(0.707106781186547,0.,-0.707106781186547));
#2442=DIRECTION('center_axis',(0.707106781186548,0.,0.707106781186548));
#2443=DIRECTION('ref_axis',(0.707106781186548,0.,-0.707106781186547));
#2444=DIRECTION('center_axis',(0.707106781186548,0.,0.707106781186548));
#2445=DIRECTION('ref_axis',(0.707106781186547,0.,-0.707106781186547));
#2446=DIRECTION('center_axis',(0.707106781186548,0.,0.707106781186548));
#2447=DIRECTION('ref_axis',(0.707106781186548,0.,-0.707106781186547));
#2448=DIRECTION('center_axis',(0.707106781186548,0.,0.707106781186548));
#2449=DIRECTION('ref_axis',(0.707106781186547,0.,-0.707106781186547));
#2450=DIRECTION('center_axis',(0.707106781186548,0.,0.707106781186548));
#2451=DIRECTION('ref_axis',(0.707106781186548,0.,-0.707106781186547));
#2452=DIRECTION('center_axis',(0.707106781186548,0.,0.707106781186548));
#2453=DIRECTION('ref_axis',(0.707106781186547,0.,-0.707106781186547));
#2454=DIRECTION('center_axis',(0.707106781186548,0.,0.707106781186548));
#2455=DIRECTION('ref_axis',(0.707106781186547,0.,-0.707106781186548));
#2456=DIRECTION('center_axis',(-0.707106781186548,0.,-0.707106781186548));
#2457=DIRECTION('ref_axis',(0.707106781186548,0.,-0.707106781186548));
#2458=DIRECTION('center_axis',(0.707106781186548,0.,0.707106781186548));
#2459=DIRECTION('ref_axis',(0.707106781186547,0.,-0.707106781186548));
#2460=DIRECTION('center_axis',(-0.707106781186548,0.,-0.707106781186548));
#2461=DIRECTION('ref_axis',(0.707106781186548,0.,-0.707106781186548));
#2462=DIRECTION('center_axis',(0.707106781186548,0.,0.707106781186548));
#2463=DIRECTION('ref_axis',(0.707106781186547,0.,-0.707106781186548));
#2464=DIRECTION('center_axis',(-0.707106781186548,0.,-0.707106781186548));
#2465=DIRECTION('ref_axis',(0.707106781186548,0.,-0.707106781186548));
#2466=DIRECTION('center_axis',(0.707106781186548,0.,0.707106781186548));
#2467=DIRECTION('ref_axis',(0.707106781186547,0.,-0.707106781186548));
#2468=DIRECTION('center_axis',(-0.707106781186548,0.,-0.707106781186548));
#2469=DIRECTION('ref_axis',(0.707106781186548,0.,-0.707106781186548));
#2470=DIRECTION('center_axis',(0.707106781186548,0.,0.707106781186548));
#2471=DIRECTION('ref_axis',(0.707106781186547,0.,-0.707106781186548));
#2472=DIRECTION('center_axis',(-0.707106781186548,0.,-0.707106781186548));
#2473=DIRECTION('ref_axis',(0.707106781186548,0.,-0.707106781186548));
#2474=DIRECTION('center_axis',(0.707106781186548,0.,0.707106781186548));
#2475=DIRECTION('ref_axis',(0.707106781186547,0.,-0.707106781186548));
#2476=DIRECTION('center_axis',(-0.707106781186548,0.,-0.707106781186548));
#2477=DIRECTION('ref_axis',(0.707106781186548,0.,-0.707106781186548));
#2478=DIRECTION('center_axis',(0.707106781186548,0.,0.707106781186548));
#2479=DIRECTION('ref_axis',(0.707106781186547,0.,-0.707106781186548));
#2480=DIRECTION('center_axis',(-0.707106781186548,0.,-0.707106781186548));
#2481=DIRECTION('ref_axis',(0.707106781186548,0.,-0.707106781186548));
#2482=DIRECTION('center_axis',(0.707106781186548,0.,0.707106781186548));
#2483=DIRECTION('ref_axis',(0.707106781186547,0.,-0.707106781186548));
#2484=DIRECTION('center_axis',(-0.707106781186548,0.,-0.707106781186548));
#2485=DIRECTION('ref_axis',(0.707106781186548,0.,-0.707106781186548));
#2486=DIRECTION('center_axis',(0.707106781186548,0.,0.707106781186548));
#2487=DIRECTION('ref_axis',(0.707106781186547,0.,-0.707106781186548));
#2488=DIRECTION('center_axis',(-0.707106781186548,0.,-0.707106781186548));
#2489=DIRECTION('ref_axis',(0.707106781186548,0.,-0.707106781186548));
#2490=DIRECTION('center_axis',(0.707106781186548,0.,0.707106781186548));
#2491=DIRECTION('ref_axis',(0.707106781186547,0.,-0.707106781186548));
#2492=DIRECTION('center_axis',(-0.707106781186548,0.,-0.707106781186548));
#2493=DIRECTION('ref_axis',(0.707106781186548,0.,-0.707106781186548));
#2494=DIRECTION('center_axis',(0.707106781186548,0.,0.707106781186548));
#2495=DIRECTION('ref_axis',(0.707106781186547,0.,-0.707106781186548));
#2496=DIRECTION('center_axis',(-0.707106781186548,0.,-0.707106781186548));
#2497=DIRECTION('ref_axis',(0.707106781186548,0.,-0.707106781186548));
#2498=DIRECTION('center_axis',(0.707106781186548,0.,0.707106781186548));
#2499=DIRECTION('ref_axis',(0.707106781186547,0.,-0.707106781186548));
#2500=DIRECTION('center_axis',(-0.707106781186548,0.,-0.707106781186548));
#2501=DIRECTION('ref_axis',(0.707106781186548,0.,-0.707106781186548));
#2502=DIRECTION('center_axis',(0.707106781186548,0.,0.707106781186548));
#2503=DIRECTION('ref_axis',(0.707106781186547,0.,-0.707106781186548));
#2504=DIRECTION('center_axis',(-0.707106781186548,0.,-0.707106781186548));
#2505=DIRECTION('ref_axis',(0.707106781186548,0.,-0.707106781186548));
#2506=DIRECTION('center_axis',(0.707106781186548,0.,0.707106781186548));
#2507=DIRECTION('ref_axis',(0.707106781186547,0.,-0.707106781186548));
#2508=DIRECTION('center_axis',(-0.707106781186548,0.,-0.707106781186548));
#2509=DIRECTION('ref_axis',(0.707106781186548,0.,-0.707106781186548));
#2510=DIRECTION('center_axis',(0.707106781186548,0.,0.707106781186548));
#2511=DIRECTION('ref_axis',(0.707106781186547,0.,-0.707106781186548));
#2512=DIRECTION('center_axis',(-0.707106781186548,0.,-0.707106781186548));
#2513=DIRECTION('ref_axis',(0.707106781186548,0.,-0.707106781186548));
#2514=DIRECTION('center_axis',(0.707106781186548,0.,0.707106781186548));
#2515=DIRECTION('ref_axis',(0.707106781186547,0.,-0.707106781186548));
#2516=DIRECTION('center_axis',(-0.707106781186548,0.,-0.707106781186548));
#2517=DIRECTION('ref_axis',(0.707106781186548,0.,-0.707106781186548));
#2518=DIRECTION('center_axis',(0.707106781186548,0.,0.707106781186548));
#2519=DIRECTION('ref_axis',(0.707106781186547,0.,-0.707106781186548));
#2520=DIRECTION('center_axis',(-0.707106781186548,0.,-0.707106781186548));
#2521=DIRECTION('ref_axis',(0.707106781186548,0.,-0.707106781186548));
#2522=DIRECTION('center_axis',(-0.707106781186548,0.,-0.707106781186548));
#2523=DIRECTION('ref_axis',(-0.707106781186548,0.,0.707106781186548));
#2524=DIRECTION('center_axis',(-0.707106781186548,0.,-0.707106781186548));
#2525=DIRECTION('ref_axis',(0.707106781186548,0.,-0.707106781186548));
#2526=DIRECTION('center_axis',(-0.707106781186548,0.,-0.707106781186548));
#2527=DIRECTION('ref_axis',(0.707106781186548,0.,-0.707106781186548));
#2528=DIRECTION('center_axis',(-0.707106781186548,0.,-0.707106781186548));
#2529=DIRECTION('ref_axis',(0.707106781186548,0.,-0.707106781186548));
#2530=DIRECTION('center_axis',(-0.707106781186548,0.,-0.707106781186548));
#2531=DIRECTION('ref_axis',(0.707106781186548,0.,-0.707106781186548));
#2532=DIRECTION('center_axis',(-0.707106781186548,0.,-0.707106781186548));
#2533=DIRECTION('ref_axis',(0.707106781186548,0.,-0.707106781186548));
#2534=DIRECTION('center_axis',(-0.707106781186548,0.,-0.707106781186548));
#2535=DIRECTION('ref_axis',(0.707106781186548,0.,-0.707106781186548));
#2536=DIRECTION('center_axis',(-0.707106781186548,0.,-0.707106781186548));
#2537=DIRECTION('ref_axis',(0.707106781186548,0.,-0.707106781186548));
#2538=DIRECTION('center_axis',(-0.707106781186548,0.,-0.707106781186548));
#2539=DIRECTION('ref_axis',(0.707106781186548,0.,-0.707106781186548));
#2540=DIRECTION('center_axis',(-0.707106781186548,0.,-0.707106781186548));
#2541=DIRECTION('ref_axis',(0.707106781186548,0.,-0.707106781186548));
#2542=DIRECTION('center_axis',(-0.707106781186548,0.,-0.707106781186548));
#2543=DIRECTION('ref_axis',(0.707106781186548,0.,-0.707106781186548));
#2544=DIRECTION('center_axis',(-0.707106781186548,0.,-0.707106781186548));
#2545=DIRECTION('ref_axis',(0.707106781186548,0.,-0.707106781186548));
#2546=DIRECTION('center_axis',(-0.707106781186548,0.,-0.707106781186548));
#2547=DIRECTION('ref_axis',(0.707106781186548,0.,-0.707106781186548));
#2548=DIRECTION('center_axis',(-0.707106781186548,0.,-0.707106781186548));
#2549=DIRECTION('ref_axis',(0.707106781186548,0.,-0.707106781186548));
#2550=DIRECTION('center_axis',(-0.707106781186548,0.,-0.707106781186548));
#2551=DIRECTION('ref_axis',(0.707106781186548,0.,-0.707106781186548));
#2552=DIRECTION('center_axis',(-0.707106781186548,0.,-0.707106781186548));
#2553=DIRECTION('ref_axis',(0.707106781186548,0.,-0.707106781186548));
#2554=DIRECTION('center_axis',(-0.707106781186548,0.,-0.707106781186548));
#2555=DIRECTION('ref_axis',(0.707106781186548,0.,-0.707106781186548));
#2556=DIRECTION('center_axis',(-0.707106781186548,0.,-0.707106781186548));
#2557=DIRECTION('ref_axis',(0.707106781186548,0.,-0.707106781186548));
#2558=DIRECTION('center_axis',(-0.707106781186548,0.,-0.707106781186548));
#2559=DIRECTION('ref_axis',(0.707106781186548,0.,-0.707106781186548));
#2560=DIRECTION('center_axis',(-0.707106781186548,0.,-0.707106781186548));
#2561=DIRECTION('ref_axis',(0.707106781186548,0.,-0.707106781186548));
#2562=DIRECTION('center_axis',(-0.707106781186548,0.,-0.707106781186548));
#2563=DIRECTION('ref_axis',(0.707106781186548,0.,-0.707106781186548));
#2564=DIRECTION('center_axis',(-0.707106781186548,0.,-0.707106781186548));
#2565=DIRECTION('ref_axis',(0.707106781186548,0.,-0.707106781186548));
#2566=DIRECTION('center_axis',(-0.707106781186548,0.,-0.707106781186548));
#2567=DIRECTION('ref_axis',(0.707106781186548,0.,-0.707106781186548));
#2568=DIRECTION('center_axis',(-0.707106781186548,0.,-0.707106781186548));
#2569=DIRECTION('ref_axis',(0.707106781186548,0.,-0.707106781186548));
#2570=DIRECTION('center_axis',(-0.707106781186548,0.,-0.707106781186548));
#2571=DIRECTION('ref_axis',(0.707106781186548,0.,-0.707106781186548));
#2572=DIRECTION('center_axis',(-0.707106781186548,0.,-0.707106781186548));
#2573=DIRECTION('ref_axis',(0.707106781186548,0.,-0.707106781186548));
#2574=DIRECTION('center_axis',(-0.707106781186548,0.,-0.707106781186548));
#2575=DIRECTION('ref_axis',(0.707106781186548,0.,-0.707106781186548));
#2576=DIRECTION('center_axis',(-0.707106781186548,0.,-0.707106781186548));
#2577=DIRECTION('ref_axis',(0.707106781186548,0.,-0.707106781186548));
#2578=DIRECTION('center_axis',(-0.707106781186548,0.,-0.707106781186548));
#2579=DIRECTION('ref_axis',(0.707106781186548,0.,-0.707106781186548));
#2580=DIRECTION('center_axis',(-0.707106781186548,0.,-0.707106781186548));
#2581=DIRECTION('ref_axis',(0.707106781186548,0.,-0.707106781186548));
#2582=DIRECTION('center_axis',(-0.707106781186548,0.,-0.707106781186548));
#2583=DIRECTION('ref_axis',(0.707106781186548,0.,-0.707106781186548));
#2584=DIRECTION('center_axis',(-0.707106781186548,0.,-0.707106781186548));
#2585=DIRECTION('ref_axis',(0.707106781186548,0.,-0.707106781186548));
#2586=DIRECTION('center_axis',(-0.707106781186548,0.,-0.707106781186548));
#2587=DIRECTION('ref_axis',(-0.707106781186548,-1.22464679914735E-16,0.707106781186548));
#2588=DIRECTION('center_axis',(-0.707106781186548,0.,-0.707106781186548));
#2589=DIRECTION('ref_axis',(0.707106781186548,0.,-0.707106781186548));
#2590=DIRECTION('center_axis',(-0.707106781186548,0.,-0.707106781186548));
#2591=DIRECTION('ref_axis',(0.707106781186548,0.,-0.707106781186548));
#2592=DIRECTION('center_axis',(-0.707106781186548,0.,-0.707106781186548));
#2593=DIRECTION('ref_axis',(0.707106781186548,0.,-0.707106781186548));
#2594=DIRECTION('center_axis',(-0.707106781186548,0.,-0.707106781186548));
#2595=DIRECTION('ref_axis',(0.707106781186548,0.,-0.707106781186548));
#2596=DIRECTION('center_axis',(-0.707106781186548,0.,-0.707106781186548));
#2597=DIRECTION('ref_axis',(0.707106781186548,0.,-0.707106781186548));
#2598=DIRECTION('center_axis',(-0.707106781186548,0.,-0.707106781186548));
#2599=DIRECTION('ref_axis',(0.707106781186548,0.,-0.707106781186548));
#2600=DIRECTION('center_axis',(-0.707106781186548,0.,-0.707106781186548));
#2601=DIRECTION('ref_axis',(0.707106781186548,0.,-0.707106781186548));
#2602=DIRECTION('center_axis',(-0.707106781186548,0.,-0.707106781186548));
#2603=DIRECTION('ref_axis',(0.707106781186548,0.,-0.707106781186548));
#2604=DIRECTION('center_axis',(-0.707106781186548,0.,-0.707106781186548));
#2605=DIRECTION('ref_axis',(0.707106781186548,0.,-0.707106781186548));
#2606=DIRECTION('center_axis',(-0.707106781186548,0.,-0.707106781186548));
#2607=DIRECTION('ref_axis',(0.707106781186548,0.,-0.707106781186548));
#2608=DIRECTION('center_axis',(-0.707106781186548,0.,-0.707106781186548));
#2609=DIRECTION('ref_axis',(0.707106781186548,0.,-0.707106781186548));
#2610=DIRECTION('center_axis',(-0.707106781186548,0.,-0.707106781186548));
#2611=DIRECTION('ref_axis',(0.707106781186548,0.,-0.707106781186548));
#2612=DIRECTION('center_axis',(-0.707106781186548,0.,-0.707106781186548));
#2613=DIRECTION('ref_axis',(0.707106781186548,0.,-0.707106781186548));
#2614=DIRECTION('center_axis',(-0.707106781186548,0.,-0.707106781186548));
#2615=DIRECTION('ref_axis',(0.707106781186548,0.,-0.707106781186548));
#2616=DIRECTION('center_axis',(-0.707106781186548,0.,-0.707106781186548));
#2617=DIRECTION('ref_axis',(0.707106781186548,0.,-0.707106781186548));
#2618=DIRECTION('center_axis',(-0.707106781186548,0.,-0.707106781186548));
#2619=DIRECTION('ref_axis',(0.707106781186548,0.,-0.707106781186548));
#2620=DIRECTION('center_axis',(-0.707106781186548,0.,-0.707106781186548));
#2621=DIRECTION('ref_axis',(0.707106781186548,0.,-0.707106781186548));
#2622=DIRECTION('center_axis',(0.707106781186548,0.,0.707106781186548));
#2623=DIRECTION('ref_axis',(0.707106781186548,0.,-0.707106781186548));
#2624=DIRECTION('center_axis',(-0.707106781186548,0.,-0.707106781186548));
#2625=DIRECTION('ref_axis',(0.707106781186548,0.,-0.707106781186548));
#2626=DIRECTION('center_axis',(-0.707106781186548,0.,-0.707106781186548));
#2627=DIRECTION('ref_axis',(0.707106781186548,0.,-0.707106781186548));
#2628=CARTESIAN_POINT('',(0.,0.,0.));
#2629=CARTESIAN_POINT('Origin',(2.03763879505251,1.74374735471527E-15,3.79804643513816));
#2630=CARTESIAN_POINT('',(2.03763879505251,-1.25,3.79804643513816));
#2631=CARTESIAN_POINT('Origin',(2.03763879505251,1.74374735471527E-15,3.79804643513816));
#2632=CARTESIAN_POINT('',(0.932296179957177,-1.25,2.69270382004282));
#2633=CARTESIAN_POINT('',(2.03763879505251,-1.25,3.79804643513816));
#2634=CARTESIAN_POINT('Origin',(0.932296179957177,1.66486144088695E-15,
2.69270382004282));
#2635=CARTESIAN_POINT('Origin',(2.46354617995717,0.,4.22395382004283));
#2636=CARTESIAN_POINT('',(-1.68096422566385,-1.01076123089805,6.42997455057881));
#2637=CARTESIAN_POINT('',(-1.64043490190241,-1.16208456496775,5.62811417237828));
#2638=CARTESIAN_POINT('Ctrl Pts',(-1.68096422566386,-1.01076123089803,6.42997455057881));
#2639=CARTESIAN_POINT('Ctrl Pts',(-1.66569301948396,-1.09267187123136,6.23610867058716));
#2640=CARTESIAN_POINT('Ctrl Pts',(-1.65392081242996,-1.13764732226732,6.06522857078783));
#2641=CARTESIAN_POINT('Ctrl Pts',(-1.64058133315701,-1.17751218586686,5.77665876822818));
#2642=CARTESIAN_POINT('Ctrl Pts',(-1.63978222391782,-1.17103349306047,5.68418502864268));
#2643=CARTESIAN_POINT('Ctrl Pts',(-1.64029786430684,-1.16331146058024,5.63356863029557));
#2644=CARTESIAN_POINT('Ctrl Pts',(-1.64041680503661,-1.16224291281852,5.62879901434841));
#2645=CARTESIAN_POINT('Ctrl Pts',(-1.64043490095517,-1.16208457325973,5.62811420825953));
#2646=CARTESIAN_POINT('',(-1.7049816091332,-0.845900715764351,6.4549816091332));
#2647=CARTESIAN_POINT('Ctrl Pts',(-1.70498135042723,-0.845902672969534,
6.45498135042709));
#2648=CARTESIAN_POINT('Ctrl Pts',(-1.69768428564062,-0.901107567036059,
6.44768427784598));
#2649=CARTESIAN_POINT('Ctrl Pts',(-1.68967608724743,-0.956077185476616,
6.43934644396095));
#2650=CARTESIAN_POINT('Ctrl Pts',(-1.68096422566385,-1.01076123089805,6.42997455057881));
#2651=CARTESIAN_POINT('',(-1.72473086303292,-0.679650235134969,6.47374118794787));
#2652=CARTESIAN_POINT('Ctrl Pts',(-1.72473086303292,-0.679650235134969,
6.47374118794787));
#2653=CARTESIAN_POINT('Ctrl Pts',(-1.71886371066915,-0.735262153201839,
6.46853408298397));
#2654=CARTESIAN_POINT('Ctrl Pts',(-1.71227882958428,-0.790694511333234,
6.46227882958428));
#2655=CARTESIAN_POINT('Ctrl Pts',(-1.7049816091332,-0.845900715764353,6.4549816091332));
#2656=CARTESIAN_POINT('',(-1.75129746207774,-0.323357286835707,5.73863292566079));
#2657=CARTESIAN_POINT('Ctrl Pts',(-1.75129738103998,-0.323368409984437,
5.73897668834434));
#2658=CARTESIAN_POINT('Ctrl Pts',(-1.75129726007631,-0.323385436206565,
5.7395048330114));
#2659=CARTESIAN_POINT('Ctrl Pts',(-1.75129561970959,-0.323476202101601,
5.74169284355472));
#2660=CARTESIAN_POINT('Ctrl Pts',(-1.7512704751477,-0.324156449995733,5.74999964366303));
#2661=CARTESIAN_POINT('Ctrl Pts',(-1.75124824931845,-0.32468697691493,5.75483301495075));
#2662=CARTESIAN_POINT('Ctrl Pts',(-1.75113460591001,-0.327278505360963,
5.77534740119731));
#2663=CARTESIAN_POINT('Ctrl Pts',(-1.75098910536111,-0.33032236794679,5.7921229155819));
#2664=CARTESIAN_POINT('Ctrl Pts',(-1.75034499016846,-0.343270959610757,
5.85265063367002));
#2665=CARTESIAN_POINT('Ctrl Pts',(-1.74952496449577,-0.35921094924784,5.90778683422161));
#2666=CARTESIAN_POINT('Ctrl Pts',(-1.74527387489728,-0.431186376975704,
6.09254849773519));
#2667=CARTESIAN_POINT('Ctrl Pts',(-1.7405841035952,-0.517787988276963,6.26688568260991));
#2668=CARTESIAN_POINT('Ctrl Pts',(-1.72473086303292,-0.679650235134969,
6.47374118794787));
#2669=CARTESIAN_POINT('',(-1.75119163276322,-0.314792062969752,5.37619163276322));
#2670=CARTESIAN_POINT('Ctrl Pts',(-1.75119163276321,-0.314792062969745,
5.3761916327629));
#2671=CARTESIAN_POINT('Ctrl Pts',(-1.75123263943074,-0.317722784115776,
5.50019525927135));
#2672=CARTESIAN_POINT('Ctrl Pts',(-1.75126746970378,-0.320589101924104,
5.62148614946552));
#2673=CARTESIAN_POINT('Ctrl Pts',(-1.75129746208538,-0.323357285786546,
5.73863289323627));
#2674=CARTESIAN_POINT('',(-1.65039104467612,-1.07738624660724,5.27539104467612));
#2675=CARTESIAN_POINT('Origin',(0.932296179957173,0.,2.69270382004283));
#2676=CARTESIAN_POINT('Ctrl Pts',(-1.64044374559734,-1.1620071491716,5.62777917674823));
#2677=CARTESIAN_POINT('Ctrl Pts',(-1.6436629744304,-1.1346574143419,5.51388258755794));
#2678=CARTESIAN_POINT('Ctrl Pts',(-1.6469924117262,-1.10633915195132,5.39595590043695));
#2679=CARTESIAN_POINT('Ctrl Pts',(-1.65039104467613,-1.07738624660716,5.27539104467581));
#2680=CARTESIAN_POINT('Origin',(2.46354617995717,0.,4.22395382004283));
#2681=CARTESIAN_POINT('',(-1.65039104467612,1.07738624660724,5.27539104467612));
#2682=CARTESIAN_POINT('',(-1.64044374476317,1.16200715647374,5.62777920834623));
#2683=CARTESIAN_POINT('Ctrl Pts',(-1.65039104467613,1.07738624660716,5.27539104467581));
#2684=CARTESIAN_POINT('Ctrl Pts',(-1.64699243552946,1.10633894900969,5.39595505536974));
#2685=CARTESIAN_POINT('Ctrl Pts',(-1.64366300008636,1.13465719637546,5.51388167984772));
#2686=CARTESIAN_POINT('Ctrl Pts',(-1.64044374559734,1.1620071491716,5.62777917674823));
#2687=CARTESIAN_POINT('',(-1.75119163276322,0.314792062969753,5.37619163276322));
#2688=CARTESIAN_POINT('Origin',(0.932296179957173,0.,2.69270382004283));
#2689=CARTESIAN_POINT('',(-1.75129738104866,0.323368408793057,5.73897665152453));
#2690=CARTESIAN_POINT('Ctrl Pts',(-1.75129746208538,0.323357285786546,5.73863289323627));
#2691=CARTESIAN_POINT('Ctrl Pts',(-1.75126746994281,0.32058912398523,5.62148708307009));
#2692=CARTESIAN_POINT('Ctrl Pts',(-1.7512326397371,0.317722804659065,5.50019612844762));
#2693=CARTESIAN_POINT('Ctrl Pts',(-1.75119163276321,0.314792062969745,5.3761916327629));
#2694=CARTESIAN_POINT('',(-1.72473086303292,0.679650235134955,6.47374118794788));
#2695=CARTESIAN_POINT('Ctrl Pts',(-1.72473086303292,0.67965023513497,6.47374118794787));
#2696=CARTESIAN_POINT('Ctrl Pts',(-1.73744389913886,0.549849606650817,6.3078595502005));
#2697=CARTESIAN_POINT('Ctrl Pts',(-1.74332711235141,0.4612551940618,6.15463487071147));
#2698=CARTESIAN_POINT('Ctrl Pts',(-1.75036420194874,0.346963686214077,5.88644163718784));
#2699=CARTESIAN_POINT('Ctrl Pts',(-1.75105945230911,0.329179603595471,5.79546225716836));
#2700=CARTESIAN_POINT('Ctrl Pts',(-1.75129420052072,0.323582625579442,5.74456496650947));
#2701=CARTESIAN_POINT('Ctrl Pts',(-1.75129722008761,0.323391064810003,5.73967942939943));
#2702=CARTESIAN_POINT('Ctrl Pts',(-1.75129738103998,0.323368409984438,5.73897668834434));
#2703=CARTESIAN_POINT('',(-1.7049816091332,0.845900715764351,6.4549816091332));
#2704=CARTESIAN_POINT('Ctrl Pts',(-1.70498186783858,0.845898758558975,6.45498186783844));
#2705=CARTESIAN_POINT('Ctrl Pts',(-1.71227889899077,0.790693853540216,6.46227889119613));
#2706=CARTESIAN_POINT('Ctrl Pts',(-1.7188638493488,0.735260838724068,6.46853420606233));
#2707=CARTESIAN_POINT('Ctrl Pts',(-1.72473086303292,0.679650235134955,6.47374118794788));
#2708=CARTESIAN_POINT('',(-1.68096422566386,1.01076123089804,6.42997455057881));
#2709=CARTESIAN_POINT('Ctrl Pts',(-1.68096422566386,1.01076123089804,6.42997455057881));
#2710=CARTESIAN_POINT('Ctrl Pts',(-1.68967629317125,0.956075892900082,6.43934666548607));
#2711=CARTESIAN_POINT('Ctrl Pts',(-1.69768438868212,0.901106920195515,6.44768438868212));
#2712=CARTESIAN_POINT('Ctrl Pts',(-1.7049816091332,0.84590071576435,6.4549816091332));
#2713=CARTESIAN_POINT('Ctrl Pts',(-1.64043490095517,1.16208457325973,5.62811420825953));
#2714=CARTESIAN_POINT('Ctrl Pts',(-1.64042130097717,1.16220357327112,5.62862887391226));
#2715=CARTESIAN_POINT('Ctrl Pts',(-1.64036902517495,1.16267741519115,5.63076624902008));
#2716=CARTESIAN_POINT('Ctrl Pts',(-1.64023801983994,1.164158539463,5.63896718835526));
#2717=CARTESIAN_POINT('Ctrl Pts',(-1.64018886695049,1.16489277967272,5.64377363258279));
#2718=CARTESIAN_POINT('Ctrl Pts',(-1.64004838598006,1.16768734432189,5.66426118126736));
#2719=CARTESIAN_POINT('Ctrl Pts',(-1.64011890494934,1.16909693838559,5.68125271517013));
#2720=CARTESIAN_POINT('Ctrl Pts',(-1.64076042870889,1.17231919009647,5.74306607221048));
#2721=CARTESIAN_POINT('Ctrl Pts',(-1.64217813201373,1.17132992232342,5.80044000173959));
#2722=CARTESIAN_POINT('Ctrl Pts',(-1.65021745053919,1.15032381167219,5.9974920733771));
#2723=CARTESIAN_POINT('Ctrl Pts',(-1.6619209300038,1.11290434410056,6.18822250901851));
#2724=CARTESIAN_POINT('Ctrl Pts',(-1.68096422566386,1.01076123089804,6.42997455057881));
#2725=CARTESIAN_POINT('Origin',(2.46354617995717,0.,4.22395382004283));
#2726=CARTESIAN_POINT('',(-1.48957232202313,-1.66445596011964,5.11457232202313));
#2727=CARTESIAN_POINT('',(-1.47524928166627,-1.76505053677342,5.46258474524933));
#2728=CARTESIAN_POINT('Ctrl Pts',(-1.48957232202314,-1.66445596011955,5.11457232202283));
#2729=CARTESIAN_POINT('Ctrl Pts',(-1.48467648697216,-1.69887429468365,5.23363910681235));
#2730=CARTESIAN_POINT('Ctrl Pts',(-1.47988272754228,-1.73253806556323,5.35010140730354));
#2731=CARTESIAN_POINT('Ctrl Pts',(-1.47524928303643,-1.76505052751465,5.46258471418732));
#2732=CARTESIAN_POINT('',(-1.20078423573835,-2.32405757357664,4.82578423573835));
#2733=CARTESIAN_POINT('Origin',(0.932296179957173,0.,2.69270382004283));
#2734=CARTESIAN_POINT('',(-1.15761991157948,-2.4905915788968,5.14529918205535));
#2735=CARTESIAN_POINT('Ctrl Pts',(-1.15765954224567,-2.49043607973024,5.14499497339656));
#2736=CARTESIAN_POINT('Ctrl Pts',(-1.17160178745478,-2.43666218150805,5.04182140058162));
#2737=CARTESIAN_POINT('Ctrl Pts',(-1.18603398904917,-2.38098387565353,4.93499747775929));
#2738=CARTESIAN_POINT('Ctrl Pts',(-1.20078423573838,-2.32405757357649,4.82578423573807));
#2739=CARTESIAN_POINT('',(-1.20836037857188,-2.56466379187695,5.95737070348683));
#2740=CARTESIAN_POINT('Ctrl Pts',(-1.20836037857188,-2.56466379187693,5.95737070348684));
#2741=CARTESIAN_POINT('Ctrl Pts',(-1.17922749128037,-2.58762195823543,5.74964314234203));
#2742=CARTESIAN_POINT('Ctrl Pts',(-1.16213396703963,-2.58290426380228,5.57344172539971));
#2743=CARTESIAN_POINT('Ctrl Pts',(-1.1488051796245,-2.54295851238078,5.28488261486355));
#2744=CARTESIAN_POINT('Ctrl Pts',(-1.15281021830854,-2.51309202759584,5.19721302316776));
#2745=CARTESIAN_POINT('Ctrl Pts',(-1.15698994337662,-2.49309388785726,5.15026070936547));
#2746=CARTESIAN_POINT('Ctrl Pts',(-1.15753885499846,-2.49090954486064,5.14592106431034));
#2747=CARTESIAN_POINT('Ctrl Pts',(-1.15761990733466,-2.49059159555225,5.14529921463902));
#2748=CARTESIAN_POINT('',(-1.27283388813574,-2.4234585683314,6.02283388813574));
#2749=CARTESIAN_POINT('Ctrl Pts',(-1.2728331469581,-2.42346026120499,6.02283314695796));
#2750=CARTESIAN_POINT('Ctrl Pts',(-1.25192749579291,-2.47120941747468,6.00192748799827));
#2751=CARTESIAN_POINT('Ctrl Pts',(-1.23042995976632,-2.51829168797209,5.98010031647985));
#2752=CARTESIAN_POINT('Ctrl Pts',(-1.20836037857188,-2.56466379187695,5.95737070348683));
#2753=CARTESIAN_POINT('',(-1.33374936378308,-2.27827117084103,6.08275968869803));
#2754=CARTESIAN_POINT('Ctrl Pts',(-1.33374936378308,-2.27827117084103,6.08275968869803));
#2755=CARTESIAN_POINT('Ctrl Pts',(-1.31405081145647,-2.3272989712856,6.06372118377129));
#2756=CARTESIAN_POINT('Ctrl Pts',(-1.29374001943176,-2.37570826771686,6.04374001943175));
#2757=CARTESIAN_POINT('Ctrl Pts',(-1.27283388813574,-2.4234585683314,6.02283388813574));
#2758=CARTESIAN_POINT('Ctrl Pts',(-1.47523475534342,-1.76514869761399,5.46291406264778));
#2759=CARTESIAN_POINT('Ctrl Pts',(-1.47521245713057,-1.765299450584,5.46342003006565));
#2760=CARTESIAN_POINT('Ctrl Pts',(-1.47511381149563,-1.76594256585702,5.46551103534075));
#2761=CARTESIAN_POINT('Ctrl Pts',(-1.47463528597098,-1.76869231466965,5.47336445448631));
#2762=CARTESIAN_POINT('Ctrl Pts',(-1.47431510127509,-1.77041595811758,5.47789986690742));
#2763=CARTESIAN_POINT('Ctrl Pts',(-1.4728506787463,-1.77804357938201,5.49706347403359));
#2764=CARTESIAN_POINT('Ctrl Pts',(-1.47136617091991,-1.78512980810852,5.51249998114068));
#2765=CARTESIAN_POINT('Ctrl Pts',(-1.46539261057627,-1.81250046409259,5.56769825407803));
#2766=CARTESIAN_POINT('Ctrl Pts',(-1.45866700572918,-1.84123839166674,5.61692887545525));
#2767=CARTESIAN_POINT('Ctrl Pts',(-1.42993603138132,-1.95446245612694,5.77721065421941));
#2768=CARTESIAN_POINT('Ctrl Pts',(-1.39739709768667,-2.07855018367551,5.92369867670152));
#2769=CARTESIAN_POINT('Ctrl Pts',(-1.33374936378308,-2.27827117084103,6.08275968869803));
#2770=CARTESIAN_POINT('Origin',(2.46354617995717,0.,4.22395382004283));
#2771=CARTESIAN_POINT('',(-1.20078423573835,2.32405757357664,4.82578423573835));
#2772=CARTESIAN_POINT('',(-1.15765953850756,2.49043609439748,5.14499500209062));
#2773=CARTESIAN_POINT('Ctrl Pts',(-1.20078423573838,2.32405757357649,4.82578423573807));
#2774=CARTESIAN_POINT('Ctrl Pts',(-1.18603409242005,2.38098347663584,4.93499671226073));
#2775=CARTESIAN_POINT('Ctrl Pts',(-1.17160189856875,2.43666175295214,5.04182057833055));
#2776=CARTESIAN_POINT('Ctrl Pts',(-1.15765954224567,2.49043607973024,5.14499497339656));
#2777=CARTESIAN_POINT('',(-1.48957232202313,1.66445596011964,5.11457232202313));
#2778=CARTESIAN_POINT('Origin',(0.932296179957173,0.,2.69270382004283));
#2779=CARTESIAN_POINT('',(-1.47523475689931,1.76514868710015,5.46291402737519));
#2780=CARTESIAN_POINT('Ctrl Pts',(-1.47524928303643,1.76505052751465,5.46258471418732));
#2781=CARTESIAN_POINT('Ctrl Pts',(-1.47988269061589,1.73253832467237,5.35010230374296));
#2782=CARTESIAN_POINT('Ctrl Pts',(-1.4846764526739,1.6988745359373,5.23363994138421));
#2783=CARTESIAN_POINT('Ctrl Pts',(-1.48957232202315,1.66445596011955,5.11457232202283));
#2784=CARTESIAN_POINT('',(-1.33374936378309,2.27827117084102,6.08275968869804));
#2785=CARTESIAN_POINT('Ctrl Pts',(-1.33374936378308,2.27827117084103,6.08275968869804));
#2786=CARTESIAN_POINT('Ctrl Pts',(-1.38478977639328,2.11811084828683,5.95520542738224));
#2787=CARTESIAN_POINT('Ctrl Pts',(-1.41827805058133,1.99786264053152,5.82958580894498));
#2788=CARTESIAN_POINT('Ctrl Pts',(-1.46332700117984,1.82458019000267,5.59940443665293));
#2789=CARTESIAN_POINT('Ctrl Pts',(-1.47161329717206,1.78493517082121,5.51601610220651));
#2790=CARTESIAN_POINT('Ctrl Pts',(-1.47498828176017,1.76677508512396,5.46825904775615));
#2791=CARTESIAN_POINT('Ctrl Pts',(-1.47520508568906,1.76534928716552,5.46358729500555));
#2792=CARTESIAN_POINT('Ctrl Pts',(-1.47523475534342,1.76514869761399,5.46291406264779));
#2793=CARTESIAN_POINT('',(-1.27283388813574,2.4234585683314,6.02283388813574));
#2794=CARTESIAN_POINT('Ctrl Pts',(-1.27283462931288,2.42345687545726,6.02283462931274));
#2795=CARTESIAN_POINT('Ctrl Pts',(-1.29374025243886,2.37570768781,6.04374024464422));
#2796=CARTESIAN_POINT('Ctrl Pts',(-1.31405127706366,2.32729781243412,6.0637216337772));
#2797=CARTESIAN_POINT('Ctrl Pts',(-1.33374936378309,2.27827117084102,6.08275968869804));
#2798=CARTESIAN_POINT('',(-1.20836037857188,2.56466379187693,5.95737070348684));
#2799=CARTESIAN_POINT('Ctrl Pts',(-1.20836037857188,2.56466379187693,5.95737070348684));
#2800=CARTESIAN_POINT('Ctrl Pts',(-1.23043048142895,2.5182905918664,5.98010085374377));
#2801=CARTESIAN_POINT('Ctrl Pts',(-1.25192775683972,2.47120886894596,6.00192775683972));
#2802=CARTESIAN_POINT('Ctrl Pts',(-1.27283388813574,2.4234585683314,6.02283388813574));
#2803=CARTESIAN_POINT('Ctrl Pts',(-1.15761990733466,2.49059159555225,5.14529921463902));
#2804=CARTESIAN_POINT('Ctrl Pts',(-1.15755899249441,2.49083055018621,5.14576656542944));
#2805=CARTESIAN_POINT('Ctrl Pts',(-1.1573152791491,2.49180500494434,5.14771250299416));
#2806=CARTESIAN_POINT('Ctrl Pts',(-1.15653346838907,2.4952474673421,5.15526263690439));
#2807=CARTESIAN_POINT('Ctrl Pts',(-1.1561361391613,2.49714731147184,5.15972090479358));
#2808=CARTESIAN_POINT('Ctrl Pts',(-1.15459482850798,2.50495054777513,5.17880762379528));
#2809=CARTESIAN_POINT('Ctrl Pts',(-1.15372920460322,2.51062322499922,5.19486301482402));
#2810=CARTESIAN_POINT('Ctrl Pts',(-1.15143892845173,2.52958113713631,5.25374457195337));
#2811=CARTESIAN_POINT('Ctrl Pts',(-1.15112429283915,2.54367619732177,5.30938616256507));
#2812=CARTESIAN_POINT('Ctrl Pts',(-1.15760465514249,2.57647639538949,5.50487927798052));
#2813=CARTESIAN_POINT('Ctrl Pts',(-1.17203147439374,2.59329277799143,5.69833305340854));
#2814=CARTESIAN_POINT('Ctrl Pts',(-1.20836037857188,2.56466379187693,5.95737070348684));
#2815=CARTESIAN_POINT('Origin',(2.46354617995717,0.,4.22395382004283));
#2816=CARTESIAN_POINT('',(-0.900866250053968,-2.7893258567865,4.52586625005397));
#2817=CARTESIAN_POINT('',(-0.84958103992912,-2.96836393123721,4.83691650351218));
#2818=CARTESIAN_POINT('Ctrl Pts',(-0.900866250054011,-2.78932585678635,
4.52586625005369));
#2819=CARTESIAN_POINT('Ctrl Pts',(-0.883323863581834,-2.85058341796722,
4.63228648342233));
#2820=CARTESIAN_POINT('Ctrl Pts',(-0.8661607868255,-2.91049816312339,4.73637946658711));
#2821=CARTESIAN_POINT('Ctrl Pts',(-0.849581044666817,-2.96836391501929,
4.83691647581771));
#2822=CARTESIAN_POINT('',(-0.463093096854277,-3.25685204718693,4.08809309685428));
#2823=CARTESIAN_POINT('Origin',(0.932296179957173,0.,2.69270382004283));
#2824=CARTESIAN_POINT('',(-0.368059249893194,-3.48273039925147,4.35573852036907));
#2825=CARTESIAN_POINT('Ctrl Pts',(-0.368147533892636,-3.48251781773859,
4.35548296504352));
#2826=CARTESIAN_POINT('Ctrl Pts',(-0.398838388098181,-3.4095822190507,4.26905800122541));
#2827=CARTESIAN_POINT('Ctrl Pts',(-0.430612360947191,-3.33406353346198,
4.17957584965765));
#2828=CARTESIAN_POINT('Ctrl Pts',(-0.46309309685436,-3.25685204718673,4.08809309685404));
#2829=CARTESIAN_POINT('',(-0.370747090095087,-3.7721942964702,5.11975741501004));
#2830=CARTESIAN_POINT('Ctrl Pts',(-0.370747090095095,-3.77219429647019,
5.11975741501005));
#2831=CARTESIAN_POINT('Ctrl Pts',(-0.343747179723401,-3.73309936125641,
4.91416283080291));
#2832=CARTESIAN_POINT('Ctrl Pts',(-0.334385114735127,-3.67932567214377,
4.74569287309361));
#2833=CARTESIAN_POINT('Ctrl Pts',(-0.341452835890042,-3.56496420077232,
4.47753027105654));
#2834=CARTESIAN_POINT('Ctrl Pts',(-0.355911703259903,-3.51574355822689,
4.40031450806109));
#2835=CARTESIAN_POINT('Ctrl Pts',(-0.366643850553361,-3.48617017086895,
4.35991461654209));
#2836=CARTESIAN_POINT('Ctrl Pts',(-0.367878712844933,-3.48316504026298,
4.35626092215673));
#2837=CARTESIAN_POINT('Ctrl Pts',(-0.368059240437131,-3.48273042202099,
4.3557385477415));
#2838=CARTESIAN_POINT('',(-0.466902390474703,-3.67371491239779,5.2169023904747));
#2839=CARTESIAN_POINT('Ctrl Pts',(-0.466901266925555,-3.67371611230782,
5.21690126692542));
#2840=CARTESIAN_POINT('Ctrl Pts',(-0.435210453940178,-3.7075607426393,5.18521044614554));
#2841=CARTESIAN_POINT('Ctrl Pts',(-0.403149201192425,-3.740396943671,5.15281955790596));
#2842=CARTESIAN_POINT('Ctrl Pts',(-0.370747090095086,-3.7721942964702,5.11975741501004));
#2843=CARTESIAN_POINT('',(-0.560823945891299,-3.56919896058865,5.30983427080625));
#2844=CARTESIAN_POINT('Ctrl Pts',(-0.560823945891299,-3.56919896058865,
5.30983427080625));
#2845=CARTESIAN_POINT('Ctrl Pts',(-0.52990982071762,-3.60502116728843,5.27958019303244));
#2846=CARTESIAN_POINT('Ctrl Pts',(-0.498593943739291,-3.63986945829132,
5.24859394373929));
#2847=CARTESIAN_POINT('Ctrl Pts',(-0.466902390474704,-3.67371491239779,
5.2169023904747));
#2848=CARTESIAN_POINT('Ctrl Pts',(-0.849530811181644,-2.96853587260418,
4.83721011848601));
#2849=CARTESIAN_POINT('Ctrl Pts',(-0.849453674616488,-2.96879999229813,
4.83766124755159));
#2850=CARTESIAN_POINT('Ctrl Pts',(-0.849123484108603,-2.96990860066789,
4.83952070795375));
#2851=CARTESIAN_POINT('Ctrl Pts',(-0.847693567496587,-2.97435648158497,
4.8464227360119));
#2852=CARTESIAN_POINT('Ctrl Pts',(-0.846790779003246,-2.97704045396292,
4.85037554463549));
#2853=CARTESIAN_POINT('Ctrl Pts',(-0.842780390876858,-2.98867401552793,
4.86699318616416));
#2854=CARTESIAN_POINT('Ctrl Pts',(-0.839014728366195,-2.99884557593947,
4.880148538587));
#2855=CARTESIAN_POINT('Ctrl Pts',(-0.824387687771977,-3.03694173748674,
4.92669333127349));
#2856=CARTESIAN_POINT('Ctrl Pts',(-0.808886234745122,-3.0745963866366,4.96714810447089));
#2857=CARTESIAN_POINT('Ctrl Pts',(-0.746792043105565,-3.21377755052767,
5.09406666594344));
#2858=CARTESIAN_POINT('Ctrl Pts',(-0.67870921909114,-3.35859265912426,5.20501079810583));
#2859=CARTESIAN_POINT('Ctrl Pts',(-0.560823945891299,-3.56919896058865,
5.30983427080625));
#2860=CARTESIAN_POINT('Origin',(2.46354617995717,0.,4.22395382004283));
#2861=CARTESIAN_POINT('',(-0.463093096854277,3.25685204718693,4.08809309685428));
#2862=CARTESIAN_POINT('',(-0.368147525565368,3.48251783779005,4.35548298914842));
#2863=CARTESIAN_POINT('Ctrl Pts',(-0.463093096854359,3.25685204718673,4.08809309685404));
#2864=CARTESIAN_POINT('Ctrl Pts',(-0.430612588597936,3.33406299225705,4.17957520843818));
#2865=CARTESIAN_POINT('Ctrl Pts',(-0.398838632691927,3.40958163778335,4.26905731245325));
#2866=CARTESIAN_POINT('Ctrl Pts',(-0.368147533892635,3.48251781773859,4.35548296504352));
#2867=CARTESIAN_POINT('',(-0.900866250053966,2.78932585678651,4.52586625005397));
#2868=CARTESIAN_POINT('Origin',(0.932296179957173,0.,2.69270382004283));
#2869=CARTESIAN_POINT('',(-0.849530816561554,2.96853585418785,4.83721008703743));
#2870=CARTESIAN_POINT('Ctrl Pts',(-0.849581044666816,2.96836391501929,4.83691647581771));
#2871=CARTESIAN_POINT('Ctrl Pts',(-0.866160654692774,2.91049862428614,4.73638026781965));
#2872=CARTESIAN_POINT('Ctrl Pts',(-0.883323740638322,2.85058384734834,4.63228722934847));
#2873=CARTESIAN_POINT('Ctrl Pts',(-0.900866250054009,2.78932585678635,4.52586625005369));
#2874=CARTESIAN_POINT('',(-0.560823945891307,3.56919896058864,5.30983427080626));
#2875=CARTESIAN_POINT('Ctrl Pts',(-0.560823945891299,3.56919896058865,5.30983427080625));
#2876=CARTESIAN_POINT('Ctrl Pts',(-0.655358544550608,3.40030948318712,5.22577419567701));
#2877=CARTESIAN_POINT('Ctrl Pts',(-0.722673304074202,3.26464766685062,5.13398106242937));
#2878=CARTESIAN_POINT('Ctrl Pts',(-0.818235695571992,3.05577702826417,4.9543131304889));
#2879=CARTESIAN_POINT('Ctrl Pts',(-0.839184510304524,2.99962535229509,4.88358731489393));
#2880=CARTESIAN_POINT('Ctrl Pts',(-0.848696753417792,2.97135477938295,4.84196751941371));
#2881=CARTESIAN_POINT('Ctrl Pts',(-0.849428174470683,2.96888730615107,4.83781038378713));
#2882=CARTESIAN_POINT('Ctrl Pts',(-0.849530811181643,2.96853587260418,4.83721011848601));
#2883=CARTESIAN_POINT('',(-0.466902390474702,3.67371491239779,5.2169023904747));
#2884=CARTESIAN_POINT('Ctrl Pts',(-0.46690351402354,3.67371371248692,5.2169035140234));
#2885=CARTESIAN_POINT('Ctrl Pts',(-0.498594309404424,3.63986903459028,5.24859430160979));
#2886=CARTESIAN_POINT('Ctrl Pts',(-0.529910551423031,3.60502032057257,5.27958090813656));
#2887=CARTESIAN_POINT('Ctrl Pts',(-0.560823945891307,3.56919896058864,5.30983427080626));
#2888=CARTESIAN_POINT('',(-0.370747090095095,3.77219429647019,5.11975741501005));
#2889=CARTESIAN_POINT('Ctrl Pts',(-0.370747090095095,3.77219429647019,5.11975741501005));
#2890=CARTESIAN_POINT('Ctrl Pts',(-0.403149967086924,3.74039619207128,5.15282033940174));
#2891=CARTESIAN_POINT('Ctrl Pts',(-0.435210837210145,3.70756036650423,5.18521083721014));
#2892=CARTESIAN_POINT('Ctrl Pts',(-0.466902390474704,3.67371491239779,5.2169023904747));
#2893=CARTESIAN_POINT('Ctrl Pts',(-0.368059240437131,3.48273042202099,4.35573854774149));
#2894=CARTESIAN_POINT('Ctrl Pts',(-0.367923565020988,3.48305705913018,4.35613113795613));
#2895=CARTESIAN_POINT('Ctrl Pts',(-0.367373466726004,3.48440052121171,4.35777069057121));
#2896=CARTESIAN_POINT('Ctrl Pts',(-0.365483800767992,3.48933939811312,4.36421296928331));
#2897=CARTESIAN_POINT('Ctrl Pts',(-0.364464069067562,3.49214826168575,4.36804883469983));
#2898=CARTESIAN_POINT('Ctrl Pts',(-0.3603371264214,3.50390629934118,4.38454992170869));
#2899=CARTESIAN_POINT('Ctrl Pts',(-0.35750962853284,3.51307593323316,4.39864343875362));
#2900=CARTESIAN_POINT('Ctrl Pts',(-0.348466069430729,3.54520913471293,4.45077171293238));
#2901=CARTESIAN_POINT('Ctrl Pts',(-0.342682988975784,3.57248490687543,4.50094485870172));
#2902=CARTESIAN_POINT('Ctrl Pts',(-0.333965576387218,3.65466156516086,4.68124019922518));
#2903=CARTESIAN_POINT('Ctrl Pts',(-0.337078022316296,3.72344265228324,4.86337960133105));
#2904=CARTESIAN_POINT('Ctrl Pts',(-0.370747090095095,3.77219429647019,5.11975741501005));
#2905=CARTESIAN_POINT('Origin',(2.46354617995717,0.,4.22395382004283));
#2906=CARTESIAN_POINT('',(-0.0645814340081087,-3.53748184030621,3.68958143400811));
#2907=CARTESIAN_POINT('',(0.0412073001397056,-3.77078332851507,3.94612816344335));
#2908=CARTESIAN_POINT('Ctrl Pts',(-0.0645814340082009,-3.53748184030601,
3.68958143400788));
#2909=CARTESIAN_POINT('Ctrl Pts',(-0.0283907732586387,-3.61730545502611,
3.77735339309897));
#2910=CARTESIAN_POINT('Ctrl Pts',(0.00701180360199862,-3.69537935612646,
3.86320687615942));
#2911=CARTESIAN_POINT('Ctrl Pts',(0.0412072904842499,-3.77078330752831,
3.94612814066664));
#2912=CARTESIAN_POINT('',(0.463053095982082,-3.74979060498444,3.16194690401792));
#2913=CARTESIAN_POINT('Origin',(0.932296179957173,0.,2.69270382004283));
#2914=CARTESIAN_POINT('',(0.621612540689054,-4.00450718071189,3.36606672978682));
#2915=CARTESIAN_POINT('Ctrl Pts',(0.621464307896626,-4.00426622716396,3.36587112325426));
#2916=CARTESIAN_POINT('Ctrl Pts',(0.570261244526389,-3.92201928476318,3.29995836860098));
#2917=CARTESIAN_POINT('Ctrl Pts',(0.517248595768748,-3.83685943639252,3.23171489294185));
#2918=CARTESIAN_POINT('Ctrl Pts',(0.463053095981944,-3.74979060498422,3.16194690401774));
#2919=CARTESIAN_POINT('',(0.71875132378227,-4.47026905887498,4.03025900113268));
#2920=CARTESIAN_POINT('Ctrl Pts',(0.718751323782261,-4.47026905887497,4.03025900113269));
#2921=CARTESIAN_POINT('Ctrl Pts',(0.727911669565996,-4.37440100971723,3.84250398150026));
#2922=CARTESIAN_POINT('Ctrl Pts',(0.717533675264857,-4.27883376061501,3.69377408309347));
#2923=CARTESIAN_POINT('Ctrl Pts',(0.672438290315452,-4.10550171970739,3.46363914484449));
#2924=CARTESIAN_POINT('Ctrl Pts',(0.643287761011512,-4.04357443992263,3.4011150437724));
#2925=CARTESIAN_POINT('Ctrl Pts',(0.623999794871027,-4.00841985477401,3.36927097112491));
#2926=CARTESIAN_POINT('Ctrl Pts',(0.621915643570272,-4.00499979609734,3.36646656574619));
#2927=CARTESIAN_POINT('Ctrl Pts',(0.621612556566208,-4.00450720652032,3.36606675073816));
#2928=CARTESIAN_POINT('',(0.603967369270186,-4.42781570078779,4.14603263072981));
#2929=CARTESIAN_POINT('Ctrl Pts',(0.603968723449296,-4.42781624567976,4.14603127655057));
#2930=CARTESIAN_POINT('Ctrl Pts',(0.64216467782997,-4.44318544520716,4.10783531437539));
#2931=CARTESIAN_POINT('Ctrl Pts',(0.680437337907899,-4.45734086587217,4.06923301880563));
#2932=CARTESIAN_POINT('Ctrl Pts',(0.718751323782271,-4.47026905887498,4.03025900113268));
#2933=CARTESIAN_POINT('',(0.489657530028545,-4.37808665309459,4.25935279488641));
#2934=CARTESIAN_POINT('Ctrl Pts',(0.489657530028544,-4.37808665309459,4.25935279488641));
#2935=CARTESIAN_POINT('Ctrl Pts',(0.527656675672922,-4.3958652785371,4.2220136966419));
#2936=CARTESIAN_POINT('Ctrl Pts',(0.565770513914408,-4.41244610931066,4.18422948608559));
#2937=CARTESIAN_POINT('Ctrl Pts',(0.603967369270187,-4.42781570078779,4.14603263072981));
#2938=CARTESIAN_POINT('Ctrl Pts',(0.04130966664107,-3.77100582877407,3.94636964066329));
#2939=CARTESIAN_POINT('Ctrl Pts',(0.0414668964382937,-3.77134764436372,
3.94674067649677));
#2940=CARTESIAN_POINT('Ctrl Pts',(0.04213190000572,-3.77277202212687,3.94826532383938));
#2941=CARTESIAN_POINT('Ctrl Pts',(0.0448827271915263,-3.77831732418404,
3.9538464413238));
#2942=CARTESIAN_POINT('Ctrl Pts',(0.0465740805420102,-3.78159914015,3.9570106850903));
#2943=CARTESIAN_POINT('Ctrl Pts',(0.0539817739815584,-3.79566746506238,
3.97023102130574));
#2944=CARTESIAN_POINT('Ctrl Pts',(0.0606626560028374,-3.8075506315628,3.98047115421796));
#2945=CARTESIAN_POINT('Ctrl Pts',(0.086098511488923,-3.85122720095838,4.01620713201268));
#2946=CARTESIAN_POINT('Ctrl Pts',(0.112060854775661,-3.89271310266474,4.04620101495022));
#2947=CARTESIAN_POINT('Ctrl Pts',(0.211895708881979,-4.03905417857367,4.13537891395598));
#2948=CARTESIAN_POINT('Ctrl Pts',(0.318416751800241,-4.18503858535409,4.20788482721451));
#2949=CARTESIAN_POINT('Ctrl Pts',(0.489657530028545,-4.37808665309459,4.25935279488641));
#2950=CARTESIAN_POINT('Origin',(2.46354617995717,0.,4.22395382004283));
#2951=CARTESIAN_POINT('',(0.463053095982083,3.74979060498444,3.16194690401792));
#2952=CARTESIAN_POINT('',(0.62146432187848,4.00426624989157,3.36587114170458));
#2953=CARTESIAN_POINT('Ctrl Pts',(0.463053095981945,3.74979060498421,3.16194690401774));
#2954=CARTESIAN_POINT('Ctrl Pts',(0.517248215911093,3.8368588260938,3.23171440392982));
#2955=CARTESIAN_POINT('Ctrl Pts',(0.570260836458858,3.9220186292886,3.29995784330321));
#2956=CARTESIAN_POINT('Ctrl Pts',(0.621464307896627,4.00426622716396,3.36587112325426));
#2957=CARTESIAN_POINT('',(-0.0645814340081087,3.53748184030621,3.68958143400811));
#2958=CARTESIAN_POINT('Origin',(0.932296179957173,0.,2.69270382004283));
#2959=CARTESIAN_POINT('',(0.0413096556767771,3.77100580494246,3.9463696147991));
#2960=CARTESIAN_POINT('Ctrl Pts',(0.0412072904842504,3.77078330752831,3.94612814066664));
#2961=CARTESIAN_POINT('Ctrl Pts',(0.00701207612408292,3.69537995706078,
3.86320753700323));
#2962=CARTESIAN_POINT('Ctrl Pts',(-0.0283905196010668,3.61730601454491,
3.7773540083116));
#2963=CARTESIAN_POINT('Ctrl Pts',(-0.0645814340082003,3.53748184030601,
3.68958143400788));
#2964=CARTESIAN_POINT('',(0.489657530028535,4.37808665309458,4.25935279488642));
#2965=CARTESIAN_POINT('Ctrl Pts',(0.489657530028545,4.37808665309459,4.25935279488641));
#2966=CARTESIAN_POINT('Ctrl Pts',(0.35233606649486,4.22327748048541,4.21807958462111));
#2967=CARTESIAN_POINT('Ctrl Pts',(0.249541851679419,4.09052393573019,4.16176590667653));
#2968=CARTESIAN_POINT('Ctrl Pts',(0.0977865597758698,3.87427424662803,4.0382908752228));
#2969=CARTESIAN_POINT('Ctrl Pts',(0.0608138963266782,3.80919950865134,3.98358890833617));
#2970=CARTESIAN_POINT('Ctrl Pts',(0.0429962432009873,3.77463654583784,3.95027452279013));
#2971=CARTESIAN_POINT('Ctrl Pts',(0.041518874156985,3.77146064326645,3.94686333515636));
#2972=CARTESIAN_POINT('Ctrl Pts',(0.0413096666410706,3.77100582877407,3.94636964066329));
#2973=CARTESIAN_POINT('',(0.603967369270186,4.42781570078779,4.14603263072981));
#2974=CARTESIAN_POINT('Ctrl Pts',(0.603966015091142,4.4278151558948,4.14603398490872));
#2975=CARTESIAN_POINT('Ctrl Pts',(0.56577006444992,4.41244589903854,4.18422992775544));
#2976=CARTESIAN_POINT('Ctrl Pts',(0.527655777501556,4.39586485831049,4.22201457921197));
#2977=CARTESIAN_POINT('Ctrl Pts',(0.489657530028535,4.37808665309458,4.25935279488642));
#2978=CARTESIAN_POINT('',(0.718751323782262,4.47026905887497,4.03025900113269));
#2979=CARTESIAN_POINT('Ctrl Pts',(0.718751323782262,4.47026905887497,4.03025900113269));
#2980=CARTESIAN_POINT('Ctrl Pts',(0.680436432273371,4.45734056028616,4.06923394004145));
#2981=CARTESIAN_POINT('Ctrl Pts',(0.642164224625971,4.44318529226492,4.10783577537403));
#2982=CARTESIAN_POINT('Ctrl Pts',(0.603967369270185,4.42781570078779,4.14603263072981));
#2983=CARTESIAN_POINT('Ctrl Pts',(0.621612556566208,4.00450720652032,3.36606675073816));
#2984=CARTESIAN_POINT('Ctrl Pts',(0.621840341441785,4.00487741195311,3.36636723149331));
#2985=CARTESIAN_POINT('Ctrl Pts',(0.622770393107842,4.00640843935953,3.3676268307373));
#2986=CARTESIAN_POINT('Ctrl Pts',(0.626075342053548,4.01217670807189,3.37265382646177));
#2987=CARTESIAN_POINT('Ctrl Pts',(0.627907643458186,4.01551523849749,3.3756771221741));
#2988=CARTESIAN_POINT('Ctrl Pts',(0.635455816479032,4.02964008936615,3.38875697880826));
#2989=CARTESIAN_POINT('Ctrl Pts',(0.641005957508505,4.04106827005821,3.40012785271229));
#2990=CARTESIAN_POINT('Ctrl Pts',(0.659712214317125,4.08203699396462,3.44259342918456));
#2991=CARTESIAN_POINT('Ctrl Pts',(0.673961301761704,4.11880973393336,3.48430056796428));
#2992=CARTESIAN_POINT('Ctrl Pts',(0.709462764199043,4.23926443937848,3.63781185863897));
#2993=CARTESIAN_POINT('Ctrl Pts',(0.730174335888634,4.35072096407622,3.79612724312615));
#2994=CARTESIAN_POINT('Ctrl Pts',(0.718751323782262,4.47026905887497,4.03025900113269));
#2995=CARTESIAN_POINT('Origin',(2.46354617995717,0.,4.22395382004283));
#2996=CARTESIAN_POINT('',(0.906337227693312,-3.80788129942901,2.71866277230669));
#2997=CARTESIAN_POINT('',(1.07680983718532,-4.06393754264524,2.91052562639774));
#2998=CARTESIAN_POINT('Ctrl Pts',(0.906337227693163,-3.80788129942879,2.71866277230652));
#2999=CARTESIAN_POINT('Ctrl Pts',(0.964659332801515,-3.89549034620227,2.78430328703871));
#3000=CARTESIAN_POINT('Ctrl Pts',(1.02170824698666,-3.98117909028075,2.84851043277464));
#3001=CARTESIAN_POINT('Ctrl Pts',(1.07680982172606,-4.06393751972402,2.91052560942483));
#3002=CARTESIAN_POINT('',(1.45257316747497,-3.73629916327177,2.17242683252503));
#3003=CARTESIAN_POINT('Origin',(0.932296179957173,0.,2.69270382004283));
#3004=CARTESIAN_POINT('',(1.67773480088843,-3.98545307767686,2.30994446958745));
#3005=CARTESIAN_POINT('Ctrl Pts',(1.67752342025996,-3.9852162942057,2.30981201089093));
#3006=CARTESIAN_POINT('Ctrl Pts',(1.60481483506628,-3.90476591340897,2.26540477806074));
#3007=CARTESIAN_POINT('Ctrl Pts',(1.52953500661505,-3.82146621166586,2.21942848209523));
#3008=CARTESIAN_POINT('Ctrl Pts',(1.45257316747477,-3.73629916327155,2.17242683252491));
#3009=CARTESIAN_POINT('',(1.91299206514694,-4.56460921426272,2.83601825976802));
#3010=CARTESIAN_POINT('Ctrl Pts',(1.91299206514693,-4.56460921426273,2.83601825976803));
#3011=CARTESIAN_POINT('Ctrl Pts',(1.89101559072552,-4.42491556247292,2.67940006040089));
#3012=CARTESIAN_POINT('Ctrl Pts',(1.8515549414865,-4.3004616398765,2.55975281686868));
#3013=CARTESIAN_POINT('Ctrl Pts',(1.75593658415322,-4.09156848184389,2.3801408507637));
#3014=CARTESIAN_POINT('Ctrl Pts',(1.70984074999558,-4.02529818716047,2.33456205459384));
#3015=CARTESIAN_POINT('Ctrl Pts',(1.68114907923225,-3.98931022586644,2.31212168676362));
#3016=CARTESIAN_POINT('Ctrl Pts',(1.67816700177048,-3.98593713699586,2.31021520754593));
#3017=CARTESIAN_POINT('Ctrl Pts',(1.67773482352932,-3.98545310303864,2.30994448377505));
#3018=CARTESIAN_POINT('',(1.7951484961512,-4.58391544341261,2.9548515038488));
#3019=CARTESIAN_POINT('Ctrl Pts',(1.79514989807087,-4.58391525969584,2.954850101929));
#3020=CARTESIAN_POINT('Ctrl Pts',(1.83469241803028,-4.57873333285932,2.91530757417508));
#3021=CARTESIAN_POINT('Ctrl Pts',(1.87398529106887,-4.57229620515892,2.87568506564467));
#3022=CARTESIAN_POINT('Ctrl Pts',(1.91299206514694,-4.56460921426272,2.83601825976802));
#3023=CARTESIAN_POINT('',(1.67582171973467,-4.59568948328448,3.07318860518028));
#3024=CARTESIAN_POINT('Ctrl Pts',(1.67582171973467,-4.59568948328448,3.07318860518028));
#3025=CARTESIAN_POINT('Ctrl Pts',(1.71581846219933,-4.59302342558894,3.03385191011549));
#3026=CARTESIAN_POINT('Ctrl Pts',(1.75560503567609,-4.58909746305963,2.99439496432391));
#3027=CARTESIAN_POINT('Ctrl Pts',(1.7951484961512,-4.58391544341261,2.9548515038488));
#3028=CARTESIAN_POINT('Ctrl Pts',(1.07697373527726,-4.06418055190336,2.9107055720271));
#3029=CARTESIAN_POINT('Ctrl Pts',(1.07722549615156,-4.06455389929933,2.91098207678355));
#3030=CARTESIAN_POINT('Ctrl Pts',(1.07828336260617,-4.06610167634621,2.91211386123899));
#3031=CARTESIAN_POINT('Ctrl Pts',(1.08254622355974,-4.071995475773,2.9161829449556));
#3032=CARTESIAN_POINT('Ctrl Pts',(1.08512560277348,-4.07543190789559,2.91845916285883));
#3033=CARTESIAN_POINT('Ctrl Pts',(1.09632311633412,-4.09003499092067,2.92788967895317));
#3034=CARTESIAN_POINT('Ctrl Pts',(1.10615956614367,-4.10202487602718,2.93497424407712));
#3035=CARTESIAN_POINT('Ctrl Pts',(1.14309978081796,-4.14538309055391,2.95920586268362));
#3036=CARTESIAN_POINT('Ctrl Pts',(1.17979525524925,-4.18509734390998,2.97846661447661));
#3037=CARTESIAN_POINT('Ctrl Pts',(1.31665113140307,-4.3188341586314,3.03062349143489));
#3038=CARTESIAN_POINT('Ctrl Pts',(1.45931342735272,-4.44627186053244,3.06698815166203));
#3039=CARTESIAN_POINT('Ctrl Pts',(1.67582171973467,-4.59568948328448,3.07318860518028));
#3040=CARTESIAN_POINT('Origin',(2.46354617995717,0.,4.22395382004283));
#3041=CARTESIAN_POINT('',(1.45257316747497,3.73629916327176,2.17242683252503));
#3042=CARTESIAN_POINT('',(1.67752344019814,3.98521631653997,2.30981202338491));
#3043=CARTESIAN_POINT('Ctrl Pts',(1.45257316747477,3.73629916327155,2.17242683252491));
#3044=CARTESIAN_POINT('Ctrl Pts',(1.52953446717905,3.82146561469688,2.219428152661));
#3045=CARTESIAN_POINT('Ctrl Pts',(1.60481425560813,3.90476527225183,2.26540442415298));
#3046=CARTESIAN_POINT('Ctrl Pts',(1.67752342025996,3.9852162942057,2.30981201089093));
#3047=CARTESIAN_POINT('',(0.906337227693311,3.80788129942901,2.71866277230669));
#3048=CARTESIAN_POINT('Origin',(0.932296179957173,0.,2.69270382004283));
#3049=CARTESIAN_POINT('',(1.07697371772243,4.06418052587507,2.91070555275344));
#3050=CARTESIAN_POINT('Ctrl Pts',(1.07680982172606,4.06393751972402,2.91052560942483));
#3051=CARTESIAN_POINT('Ctrl Pts',(1.02170868612044,3.98117974982673,2.8485109270066));
#3052=CARTESIAN_POINT('Ctrl Pts',(0.96465974158801,3.89549096029224,2.78430374712228));
#3053=CARTESIAN_POINT('Ctrl Pts',(0.906337227693164,3.80788129942879,2.71866277230652));
#3054=CARTESIAN_POINT('',(1.67582171973466,4.59568948328448,3.07318860518029));
#3055=CARTESIAN_POINT('Ctrl Pts',(1.67582171973467,4.59568948328447,3.07318860518028));
#3056=CARTESIAN_POINT('Ctrl Pts',(1.50219931574495,4.47586845206563,3.06821633537102));
#3057=CARTESIAN_POINT('Ctrl Pts',(1.36706437266286,4.36395228071321,3.0442433856931));
#3058=CARTESIAN_POINT('Ctrl Pts',(1.16102588326546,4.16952925982801,2.97505155173319));
#3059=CARTESIAN_POINT('Ctrl Pts',(1.10683215077899,4.10432016382049,2.93757065388385));
#3060=CARTESIAN_POINT('Ctrl Pts',(1.07966262786359,4.06813273079685,2.91360813812755));
#3061=CARTESIAN_POINT('Ctrl Pts',(1.07730872436992,4.0646773221254,2.91107348494344));
#3062=CARTESIAN_POINT('Ctrl Pts',(1.07697373527727,4.06418055190336,2.9107055720271));
#3063=CARTESIAN_POINT('',(1.7951484961512,4.58391544341261,2.9548515038488));
#3064=CARTESIAN_POINT('Ctrl Pts',(1.79514709423132,4.58391562712832,2.95485290576854));
#3065=CARTESIAN_POINT('Ctrl Pts',(1.75560456258861,4.5890974946149,2.99439542961675));
#3066=CARTESIAN_POINT('Ctrl Pts',(1.71581751681153,4.59302348860553,3.033852839902));
#3067=CARTESIAN_POINT('Ctrl Pts',(1.67582171973466,4.59568948328448,3.07318860518029));
#3068=CARTESIAN_POINT('',(1.91299206514693,4.56460921426273,2.83601825976803));
#3069=CARTESIAN_POINT('Ctrl Pts',(1.91299206514693,4.56460921426273,2.83601825976803));
#3070=CARTESIAN_POINT('Ctrl Pts',(1.87398436905877,4.5722963868577,2.87568600325605));
#3071=CARTESIAN_POINT('Ctrl Pts',(1.83469195662629,4.57873342376559,2.91530804337371));
#3072=CARTESIAN_POINT('Ctrl Pts',(1.7951484961512,4.58391544341261,2.9548515038488));
#3073=CARTESIAN_POINT('Ctrl Pts',(1.67773482352932,3.98545310303864,2.30994448377504));
#3074=CARTESIAN_POINT('Ctrl Pts',(1.67805962685502,3.98581687849997,2.31014794608007));
#3075=CARTESIAN_POINT('Ctrl Pts',(1.67939188550539,3.98732869749633,2.31100533833974));
#3076=CARTESIAN_POINT('Ctrl Pts',(1.68422840341862,3.99314732136693,2.31450076509671));
#3077=CARTESIAN_POINT('Ctrl Pts',(1.68695369971786,3.9965646316121,2.31663106591445));
#3078=CARTESIAN_POINT('Ctrl Pts',(1.69829664537543,4.01114865631566,2.32591614991187));
#3079=CARTESIAN_POINT('Ctrl Pts',(1.70696249066006,4.0232919446796,2.33417131956072));
#3080=CARTESIAN_POINT('Ctrl Pts',(1.73693585906293,4.06756313783351,2.36536978443872));
#3081=CARTESIAN_POINT('Ctrl Pts',(1.76150513448871,4.1088664833109,2.39675673523723));
#3082=CARTESIAN_POINT('Ctrl Pts',(1.83175958738408,4.25133116048282,2.51551503545392));
#3083=CARTESIAN_POINT('Ctrl Pts',(1.88558725539603,4.39041030149359,2.64071432361875));
#3084=CARTESIAN_POINT('Ctrl Pts',(1.91299206514693,4.56460921426273,2.83601825976803));
#3085=CARTESIAN_POINT('Origin',(2.46354617995717,0.,4.22395382004283));
#3086=CARTESIAN_POINT('',(1.88076178974149,-3.56400528886524,1.74423821025851));
#3087=CARTESIAN_POINT('',(2.11736271010796,-3.80823447258586,1.8699727534751));
#3088=CARTESIAN_POINT('Ctrl Pts',(1.88076178974128,-3.56400528886503,1.7442382102584));
#3089=CARTESIAN_POINT('Ctrl Pts',(1.96170953509515,-3.64756768046721,1.78725308474582));
#3090=CARTESIAN_POINT('Ctrl Pts',(2.04088816602288,-3.72929852781838,1.82933051373925));
#3091=CARTESIAN_POINT('Ctrl Pts',(2.11736268874268,-3.80823445082582,1.86997274240821));
#3092=CARTESIAN_POINT('',(2.37182694884927,-3.21819981601086,1.25317305115073));
#3093=CARTESIAN_POINT('Origin',(0.932296179957173,0.,2.69270382004283));
#3094=CARTESIAN_POINT('',(2.65767236728953,-3.42814145234369,1.33000690318634));
#3095=CARTESIAN_POINT('Ctrl Pts',(2.65740316824714,-3.42794081786914,1.32993226290375));
#3096=CARTESIAN_POINT('Ctrl Pts',(2.56510018845976,-3.36015226839401,1.30511942466681));
#3097=CARTESIAN_POINT('Ctrl Pts',(2.4695319825343,-3.28996279957844,1.27943150617558));
#3098=CARTESIAN_POINT('Ctrl Pts',(2.37182694884901,-3.21819981601068,1.25317305115067));
#3099=CARTESIAN_POINT('',(3.05068630436122,-4.04247360189148,1.69832402055373));
#3100=CARTESIAN_POINT('Ctrl Pts',(3.05068630436122,-4.04247360189148,1.69832402055374));
#3101=CARTESIAN_POINT('Ctrl Pts',(2.98848095420046,-3.8778207491211,1.5819346968612));
#3102=CARTESIAN_POINT('Ctrl Pts',(2.91452282810203,-3.74128834499794,1.49678493025805));
#3103=CARTESIAN_POINT('Ctrl Pts',(2.76270959745445,-3.52504624874993,1.37336783778466));
#3104=CARTESIAN_POINT('Ctrl Pts',(2.69970337292043,-3.46338310957743,1.34469943193883));
#3105=CARTESIAN_POINT('Ctrl Pts',(2.66203013380729,-3.43142214542018,1.33124063218153));
#3106=CARTESIAN_POINT('Ctrl Pts',(2.65822276293763,-3.42855158070032,1.33015944637424));
#3107=CARTESIAN_POINT('Ctrl Pts',(2.65767239612333,-3.42814147383357,1.33000691118103));
#3108=CARTESIAN_POINT('',(2.94576537842057,-4.12093200505223,1.80423462157943));
#3109=CARTESIAN_POINT('Ctrl Pts',(2.94576663874377,-4.1209311175387,1.80423336125609));
#3110=CARTESIAN_POINT('Ctrl Pts',(2.98131528732242,-4.09589791227156,1.76868470488294));
#3111=CARTESIAN_POINT('Ctrl Pts',(3.01629939353859,-4.06973760597106,1.73337096317495));
#3112=CARTESIAN_POINT('Ctrl Pts',(3.05068630436122,-4.04247360189148,1.69832402055373));
#3113=CARTESIAN_POINT('',(2.8374705766446,-4.19261898316226,1.91153974827035));
#3114=CARTESIAN_POINT('Ctrl Pts',(2.8374705766446,-4.19261898316226,1.91153974827035));
#3115=CARTESIAN_POINT('Ctrl Pts',(2.87410770575949,-4.1698683081936,1.87556266655533));
#3116=CARTESIAN_POINT('Ctrl Pts',(2.91021587628117,-4.14596577535552,1.83978412371882));
#3117=CARTESIAN_POINT('Ctrl Pts',(2.94576537842057,-4.12093200505223,1.80423462157943));
#3118=CARTESIAN_POINT('Ctrl Pts',(2.11758922344491,-3.80846517109624,1.87009008385945));
#3119=CARTESIAN_POINT('Ctrl Pts',(2.11793718629546,-3.80881962766388,1.87027038663966));
#3120=CARTESIAN_POINT('Ctrl Pts',(2.11939290715507,-3.81028176812778,1.87100431669011));
#3121=CARTESIAN_POINT('Ctrl Pts',(2.12515471653159,-3.81572807465296,1.87357445198374));
#3122=CARTESIAN_POINT('Ctrl Pts',(2.12860164980117,-3.81885501373209,1.87498311583114));
#3123=CARTESIAN_POINT('Ctrl Pts',(2.14346966208336,-3.83202062758886,1.88074313320394));
#3124=CARTESIAN_POINT('Ctrl Pts',(2.15627585104343,-3.84249793087959,1.88485795917737));
#3125=CARTESIAN_POINT('Ctrl Pts',(2.20386224174609,-3.8796820234095,1.89844340175553));
#3126=CARTESIAN_POINT('Ctrl Pts',(2.25011351937123,-3.91226099843528,1.90814835035468));
#3127=CARTESIAN_POINT('Ctrl Pts',(2.41827088298519,-4.01533165407977,1.92900373985282));
#3128=CARTESIAN_POINT('Ctrl Pts',(2.58989638960629,-4.107011483303,1.93640518940849));
#3129=CARTESIAN_POINT('Ctrl Pts',(2.8374705766446,-4.19261898316226,1.91153974827035));
#3130=CARTESIAN_POINT('Origin',(2.46354617995717,0.,4.22395382004283));
#3131=CARTESIAN_POINT('',(2.37182694884926,3.21819981601086,1.25317305115074));
#3132=CARTESIAN_POINT('',(2.65740319363896,3.42794083679371,1.32993226994409));
#3133=CARTESIAN_POINT('Ctrl Pts',(2.37182694884901,3.21819981601068,1.25317305115067));
#3134=CARTESIAN_POINT('Ctrl Pts',(2.46953129770183,3.28996229656404,1.27943132213867));
#3135=CARTESIAN_POINT('Ctrl Pts',(2.56509945284293,3.36015172814712,1.30511922691868));
#3136=CARTESIAN_POINT('Ctrl Pts',(2.65740316824714,3.42794081786914,1.32993226290375));
#3137=CARTESIAN_POINT('',(1.88076178974149,3.56400528886524,1.74423821025851));
#3138=CARTESIAN_POINT('Origin',(0.932296179957173,0.,2.69270382004283));
#3139=CARTESIAN_POINT('',(2.11758919918347,3.80846514638654,1.87009007129241));
#3140=CARTESIAN_POINT('Ctrl Pts',(2.11736268874268,3.80823445082582,1.86997274240821));
#3141=CARTESIAN_POINT('Ctrl Pts',(2.04088877548805,3.72929915689973,1.82933083763827));
#3142=CARTESIAN_POINT('Ctrl Pts',(1.96171010247367,3.64756826619126,1.78725338623598));
#3143=CARTESIAN_POINT('Ctrl Pts',(1.88076178974128,3.56400528886502,1.7442382102584));
#3144=CARTESIAN_POINT('',(2.83747057664459,4.19261898316227,1.91153974827036));
#3145=CARTESIAN_POINT('Ctrl Pts',(2.8374705766446,4.19261898316227,1.91153974827035));
#3146=CARTESIAN_POINT('Ctrl Pts',(2.63893579973017,4.12396858753709,1.93147985134934));
#3147=CARTESIAN_POINT('Ctrl Pts',(2.47896665001379,4.0480046886929,1.93234110834469));
#3148=CARTESIAN_POINT('Ctrl Pts',(2.22788591281023,3.90166624240758,1.90819152233618));
#3149=CARTESIAN_POINT('Ctrl Pts',(2.15759969169899,3.84512963811867,1.88680311308206));
#3150=CARTESIAN_POINT('Ctrl Pts',(2.12129486095363,3.81220504816004,1.87197590503745));
#3151=CARTESIAN_POINT('Ctrl Pts',(2.11805221738669,3.80893680547669,1.87032999192663));
#3152=CARTESIAN_POINT('Ctrl Pts',(2.11758922344491,3.80846517109624,1.87009008385945));
#3153=CARTESIAN_POINT('',(2.94576537842057,4.12093200505223,1.80423462157943));
#3154=CARTESIAN_POINT('Ctrl Pts',(2.9457641180969,4.12093289256482,1.80423588190297));
#3155=CARTESIAN_POINT('Ctrl Pts',(2.91021544293745,4.14596604447644,1.83978454926792));
#3156=CARTESIAN_POINT('Ctrl Pts',(2.87410683978161,4.16986884594265,1.87556351693193));
#3157=CARTESIAN_POINT('Ctrl Pts',(2.83747057664459,4.19261898316227,1.91153974827036));
#3158=CARTESIAN_POINT('',(3.05068630436121,4.04247360189148,1.69832402055374));
#3159=CARTESIAN_POINT('Ctrl Pts',(3.05068630436122,4.04247360189148,1.69832402055374));
#3160=CARTESIAN_POINT('Ctrl Pts',(3.01629858072902,4.06973825041521,1.7333717915858));
#3161=CARTESIAN_POINT('Ctrl Pts',(2.98131488055994,4.09589823474896,1.76868511944006));
#3162=CARTESIAN_POINT('Ctrl Pts',(2.94576537842057,4.12093200505223,1.80423462157943));
#3163=CARTESIAN_POINT('Ctrl Pts',(2.65767239612333,3.42814147383357,1.33000691118103));
#3164=CARTESIAN_POINT('Ctrl Pts',(2.65808602401058,3.42844968943166,1.33012154892455));
#3165=CARTESIAN_POINT('Ctrl Pts',(2.65978842297658,3.42973812048524,1.3306088008686));
#3166=CARTESIAN_POINT('Ctrl Pts',(2.66606594896133,3.43482126211821,1.33266321955399));
#3167=CARTESIAN_POINT('Ctrl Pts',(2.66964406143678,3.43785582549834,1.33394070419551));
#3168=CARTESIAN_POINT('Ctrl Pts',(2.68464281692099,3.45092937068775,1.33956997836631));
#3169=CARTESIAN_POINT('Ctrl Pts',(2.69639663445067,3.46214774834174,1.34473717577012));
#3170=CARTESIAN_POINT('Ctrl Pts',(2.73771984248151,3.50374234079258,1.36458580102013));
#3171=CARTESIAN_POINT('Ctrl Pts',(2.77306968830705,3.54399804610217,1.38519218141887));
#3172=CARTESIAN_POINT('Ctrl Pts',(2.88135248833537,3.68923205092478,1.46592213450263));
#3173=CARTESIAN_POINT('Ctrl Pts',(2.97311581906241,3.83715039959095,1.55318575995238));
#3174=CARTESIAN_POINT('Ctrl Pts',(3.05068630436122,4.04247360189148,1.69832402055374));
#3175=CARTESIAN_POINT('Origin',(2.46354617995717,0.,4.22395382004283));
#3176=CARTESIAN_POINT('',(2.72709081555892,-2.83879061520516,0.897909184441083));
#3177=CARTESIAN_POINT('',(3.02233348751691,-3.03820823484807,0.965001976066151));
#3178=CARTESIAN_POINT('Ctrl Pts',(2.72709081555866,-2.83879061520498,0.897909184441026));
#3179=CARTESIAN_POINT('Ctrl Pts',(2.82810267895547,-2.90702078761406,0.920859940885117));
#3180=CARTESIAN_POINT('Ctrl Pts',(2.92690566517268,-2.9737555344168,0.943313014589025));
#3181=CARTESIAN_POINT('Ctrl Pts',(3.02233346094103,-3.03820821718802,0.96500197020986));
#3182=CARTESIAN_POINT('',(3.09666412316933,-2.26546475093691,0.528335876830671));
#3183=CARTESIAN_POINT('Origin',(0.932296179957173,0.,2.69270382004283));
#3184=CARTESIAN_POINT('',(3.42907924152839,-2.40784032788396,0.55860002894748));
#3185=CARTESIAN_POINT('Ctrl Pts',(3.42876536219137,-2.40770293920356,0.558570068959518));
#3186=CARTESIAN_POINT('Ctrl Pts',(3.32142544660677,-2.3617314402863,0.548794166519915));
#3187=CARTESIAN_POINT('Ctrl Pts',(3.21028772322605,-2.31413168109506,0.538675765483924));
#3188=CARTESIAN_POINT('Ctrl Pts',(3.09666412316904,-2.26546475093679,0.528335876830647));
#3189=CARTESIAN_POINT('',(3.97818213023783,-2.97437952946528,0.770828194677122));
#3190=CARTESIAN_POINT('Ctrl Pts',(3.97818213023783,-2.97437952946529,0.770828194677129));
#3191=CARTESIAN_POINT('Ctrl Pts',(3.87208898141107,-2.80700475590455,0.698326669650579));
#3192=CARTESIAN_POINT('Ctrl Pts',(3.76287763191094,-2.67683332792928,0.648430126449124));
#3193=CARTESIAN_POINT('Ctrl Pts',(3.55678705574327,-2.48244698656216,0.579290379495803));
#3194=CARTESIAN_POINT('Ctrl Pts',(3.47918919713652,-2.43371895158771,0.565213607722714));
#3195=CARTESIAN_POINT('Ctrl Pts',(3.43416953693489,-2.41010149007338,0.55910122905393));
#3196=CARTESIAN_POINT('Ctrl Pts',(3.42972096585566,-2.40812113517419,0.558661243456208));
#3197=CARTESIAN_POINT('Ctrl Pts',(3.42907927514788,-2.40784034259961,0.558600032156482));
#3198=CARTESIAN_POINT('',(3.90042083033958,-3.10139386453703,0.849579169660423));
#3199=CARTESIAN_POINT('Ctrl Pts',(3.90042177885267,-3.10139239309034,0.849578221147196));
#3200=CARTESIAN_POINT('Ctrl Pts',(3.92717551355177,-3.05988878247771,0.82282447865359));
#3201=CARTESIAN_POINT('Ctrl Pts',(3.95310379599754,-3.01753839190225,0.796566560715989));
#3202=CARTESIAN_POINT('Ctrl Pts',(3.97818213023783,-2.97437952946528,0.770828194677122));
#3203=CARTESIAN_POINT('',(3.81771698571411,-3.22331205726021,0.931293339200844));
#3204=CARTESIAN_POINT('Ctrl Pts',(3.81771698571411,-3.22331205726021,0.931293339200844));
#3205=CARTESIAN_POINT('Ctrl Pts',(3.84609102570833,-3.18354936973876,0.903579346606492));
#3206=CARTESIAN_POINT('Ctrl Pts',(3.87366644378642,-3.14289843610019,0.876333556213578));
#3207=CARTESIAN_POINT('Ctrl Pts',(3.90042083033958,-3.10139386453702,0.849579169660424));
#3208=CARTESIAN_POINT('Ctrl Pts',(3.02261524321748,-3.03839546549855,0.965064064086881));
#3209=CARTESIAN_POINT('Ctrl Pts',(3.02304808633344,-3.03868315991422,0.96515948660159));
#3210=CARTESIAN_POINT('Ctrl Pts',(3.02485292067383,-3.03986219362348,0.965544303171218));
#3211=CARTESIAN_POINT('Ctrl Pts',(3.03189815183815,-3.04412545337188,0.966831016677191));
#3212=CARTESIAN_POINT('Ctrl Pts',(3.03607499937361,-3.04652058895795,0.967509766258719));
#3213=CARTESIAN_POINT('Ctrl Pts',(3.05399846778651,-3.05647064454185,0.97021432750079));
#3214=CARTESIAN_POINT('Ctrl Pts',(3.06918748753117,-3.06402034815065,0.971946322689622));
#3215=CARTESIAN_POINT('Ctrl Pts',(3.1251240460373,-3.09000840094342,0.977181597464432));
#3216=CARTESIAN_POINT('Ctrl Pts',(3.17846323473373,-3.11105212653533,0.979798634992307));
#3217=CARTESIAN_POINT('Ctrl Pts',(3.3679751118913,-3.16953635992385,0.979299510946694));
#3218=CARTESIAN_POINT('Ctrl Pts',(3.55747414473206,-3.21307644751721,0.968827434282714));
#3219=CARTESIAN_POINT('Ctrl Pts',(3.81771698571411,-3.22331205726021,0.931293339200844));
#3220=CARTESIAN_POINT('Origin',(2.46354617995717,0.,4.22395382004283));
#3221=CARTESIAN_POINT('',(3.09666412316933,2.26546475093691,0.528335876830671));
#3222=CARTESIAN_POINT('',(3.42876539179761,2.40770295216256,0.558570071785452));
#3223=CARTESIAN_POINT('Ctrl Pts',(3.09666412316904,2.26546475093679,0.528335876830647));
#3224=CARTESIAN_POINT('Ctrl Pts',(3.21028692681403,2.31413133996947,0.538675693026407));
#3225=CARTESIAN_POINT('Ctrl Pts',(3.32142459115156,2.36173107391227,0.548794088609973));
#3226=CARTESIAN_POINT('Ctrl Pts',(3.42876536219137,2.40770293920357,0.558570068959518));
#3227=CARTESIAN_POINT('',(2.72709081555892,2.83879061520516,0.897909184441084));
#3228=CARTESIAN_POINT('Origin',(0.932296179957173,0.,2.69270382004283));
#3229=CARTESIAN_POINT('',(3.02261521303913,3.03839544544461,0.965064057436744));
#3230=CARTESIAN_POINT('Ctrl Pts',(3.02233346094103,3.03820821718803,0.965001970209861));
#3231=CARTESIAN_POINT('Ctrl Pts',(2.926906425688,2.97375604807482,0.943313187439954));
#3232=CARTESIAN_POINT('Ctrl Pts',(2.82810338697334,2.90702126586891,0.920860101737775));
#3233=CARTESIAN_POINT('Ctrl Pts',(2.72709081555866,2.83879061520498,0.897909184441026));
#3234=CARTESIAN_POINT('',(3.8177169857141,3.22331205726022,0.931293339200851));
#3235=CARTESIAN_POINT('Ctrl Pts',(3.81771698571411,3.22331205726021,0.931293339200844));
#3236=CARTESIAN_POINT('Ctrl Pts',(3.60902295751523,3.21510391358841,0.961392693587987));
#3237=CARTESIAN_POINT('Ctrl Pts',(3.43508011990819,3.18535163269432,0.976227638449692));
#3238=CARTESIAN_POINT('Ctrl Pts',(3.15428128943242,3.1068615789452,0.981796145638741));
#3239=CARTESIAN_POINT('Ctrl Pts',(3.07120453999437,3.0666330480787,0.973198264730478));
#3240=CARTESIAN_POINT('Ctrl Pts',(3.02721473750691,3.04141794961071,0.96605602848183));
#3241=CARTESIAN_POINT('Ctrl Pts',(3.0231911775154,3.03877826720014,0.965191031796404));
#3242=CARTESIAN_POINT('Ctrl Pts',(3.02261524321748,3.03839546549855,0.965064064086882));
#3243=CARTESIAN_POINT('',(3.90042083033958,3.10139386453703,0.849579169660425));
#3244=CARTESIAN_POINT('Ctrl Pts',(3.90041988182579,3.10139533598299,0.849580118174067));
#3245=CARTESIAN_POINT('Ctrl Pts',(3.87366610818552,3.14289890644053,0.876333884019845));
#3246=CARTESIAN_POINT('Ctrl Pts',(3.84609035504193,3.1835503095943,0.903580001671605));
#3247=CARTESIAN_POINT('Ctrl Pts',(3.8177169857141,3.22331205726022,0.931293339200852));
#3248=CARTESIAN_POINT('',(3.97818213023783,2.97437952946529,0.770828194677129));
#3249=CARTESIAN_POINT('Ctrl Pts',(3.97818213023783,2.97437952946529,0.77082819467713));
#3250=CARTESIAN_POINT('Ctrl Pts',(3.95310320321648,3.01753941205599,0.796567169098343));
#3251=CARTESIAN_POINT('Ctrl Pts',(3.92717521689274,3.05988929297384,0.822824783107263));
#3252=CARTESIAN_POINT('Ctrl Pts',(3.90042083033957,3.10139386453703,0.849579169660426));
#3253=CARTESIAN_POINT('Ctrl Pts',(3.42907927514788,2.40784034259961,0.558600032156483));
#3254=CARTESIAN_POINT('Ctrl Pts',(3.42956153745878,2.40805137211002,0.558646035476308));
#3255=CARTESIAN_POINT('Ctrl Pts',(3.43155202057106,2.40894240546757,0.558845203274073));
#3256=CARTESIAN_POINT('Ctrl Pts',(3.4389853776065,2.41260355841877,0.559743790908824));
#3257=CARTESIAN_POINT('Ctrl Pts',(3.44326094998957,2.4148455403343,0.560323815642721));
#3258=CARTESIAN_POINT('Ctrl Pts',(3.46128281511568,2.4246429512887,0.562929980171622));
#3259=CARTESIAN_POINT('Ctrl Pts',(3.47567982511754,2.43342131416739,0.565453985103258));
#3260=CARTESIAN_POINT('Ctrl Pts',(3.5269027420767,2.46672172572108,0.575402901424946));
#3261=CARTESIAN_POINT('Ctrl Pts',(3.57203756495088,2.50049303479626,0.586224304775052));
#3262=CARTESIAN_POINT('Ctrl Pts',(3.7164881297844,2.62888171014883,0.630786493053586));
#3263=CARTESIAN_POINT('Ctrl Pts',(3.84588326816081,2.76566207383916,0.68041831085396));
#3264=CARTESIAN_POINT('Ctrl Pts',(3.97818213023783,2.97437952946529,0.770828194677129));
#3265=CARTESIAN_POINT('Origin',(2.46354617995717,0.,4.22395382004283));
#3266=CARTESIAN_POINT('',(3.33102288053793,-1.73018153867979,0.293977119462069));
#3267=CARTESIAN_POINT('',(3.66950085130689,-1.85785513970105,0.317834612276166));
#3268=CARTESIAN_POINT('Ctrl Pts',(3.33102288053763,-1.73018153867968,0.29397711946205));
#3269=CARTESIAN_POINT('Ctrl Pts',(3.44682756945468,-1.77386462903554,0.302135050385676));
#3270=CARTESIAN_POINT('Ctrl Pts',(3.56009917158418,-1.81659037794417,0.310119508177273));
#3271=CARTESIAN_POINT('Ctrl Pts',(3.66950082091957,-1.85785512852609,0.317834610231321));
#3272=CARTESIAN_POINT('',(3.5291914135818,-1.00676611787539,0.0958085864182018));
#3273=CARTESIAN_POINT('Origin',(0.932296179957173,0.,2.69270382004283));
#3274=CARTESIAN_POINT('',(3.887772650726,-1.06234702483965,0.0999066197498711));
#3275=CARTESIAN_POINT('Ctrl Pts',(3.88743326353502,-1.06229143705599,0.0999021676158654));
#3276=CARTESIAN_POINT('Ctrl Pts',(3.77164469245174,-1.04434569436228,0.0985749206755395));
#3277=CARTESIAN_POINT('Ctrl Pts',(3.65175906124074,-1.02576425603351,0.09720442746977));
#3278=CARTESIAN_POINT('Ctrl Pts',(3.52919141358148,-1.00676611787534,0.0958085864181999));
#3279=CARTESIAN_POINT('',(4.57021609206034,-1.50457901997886,0.178794232854618));
#3280=CARTESIAN_POINT('Ctrl Pts',(4.57021609206033,-1.50457901997887,0.178794232854622));
#3281=CARTESIAN_POINT('Ctrl Pts',(4.42250351207843,-1.35708721629767,0.147912139037545));
#3282=CARTESIAN_POINT('Ctrl Pts',(4.28204433576059,-1.25085713707611,0.129263422595371));
#3283=CARTESIAN_POINT('Ctrl Pts',(4.03092439803531,-1.10457950299781,0.10515303696335));
#3284=CARTESIAN_POINT('Ctrl Pts',(3.94302434276382,-1.07536756343742,0.101378461899024));
#3285=CARTESIAN_POINT('Ctrl Pts',(3.89328558364879,-1.06328327365933,0.0999851823423101));
#3286=CARTESIAN_POINT('Ctrl Pts',(3.88846650320002,-1.06246058648317,0.0999157061133037));
#3287=CARTESIAN_POINT('Ctrl Pts',(3.88777268707763,-1.06234703079364,0.0999066202267384));
#3288=CARTESIAN_POINT('',(4.53018334319808,-1.66299529719943,0.219816656801917));
#3289=CARTESIAN_POINT('Ctrl Pts',(4.5301838517991,-1.66299344054663,0.219816148200759));
#3290=CARTESIAN_POINT('Ctrl Pts',(4.54452943197366,-1.61062471718119,0.205470560231706));
#3291=CARTESIAN_POINT('Ctrl Pts',(4.55787787288128,-1.55780389724959,0.191792483832252));
#3292=CARTESIAN_POINT('Ctrl Pts',(4.57021609206034,-1.50457901997886,0.178794232854619));
#3293=CARTESIAN_POINT('',(4.48417323766551,-1.81867897703647,0.264837087249447));
#3294=CARTESIAN_POINT('Ctrl Pts',(4.48417323766551,-1.81867897703647,0.264837087249447));
#3295=CARTESIAN_POINT('Ctrl Pts',(4.50049668874125,-1.76727444824467,0.249173683573573));
#3296=CARTESIAN_POINT('Ctrl Pts',(4.51583740038634,-1.7153652476481,0.234162599613662));
#3297=CARTESIAN_POINT('Ctrl Pts',(4.53018334319808,-1.66299529719943,0.219816656801918));
#3298=CARTESIAN_POINT('Ctrl Pts',(3.6698230157024,-1.85797361595479,0.317856291601959));
#3299=CARTESIAN_POINT('Ctrl Pts',(3.67031795382297,-1.8581556934936,0.317889619112162));
#3300=CARTESIAN_POINT('Ctrl Pts',(3.67237601100995,-1.85889238541255,0.31802121283525));
#3301=CARTESIAN_POINT('Ctrl Pts',(3.68031580410242,-1.86139682153147,0.318413364412915));
#3302=CARTESIAN_POINT('Ctrl Pts',(3.68498634714759,-1.86273667729167,0.318598418484718));
#3303=CARTESIAN_POINT('Ctrl Pts',(3.70493757281907,-1.86812736446096,0.31927522246822));
#3304=CARTESIAN_POINT('Ctrl Pts',(3.72160070048122,-1.8717298390811,0.319533109739565));
#3305=CARTESIAN_POINT('Ctrl Pts',(3.78246368213394,-1.88301202160223,0.319841961367704));
#3306=CARTESIAN_POINT('Ctrl Pts',(3.83946562811338,-1.88967842601177,0.318796241612555));
#3307=CARTESIAN_POINT('Ctrl Pts',(4.0375009995149,-1.89567761735296,0.309773623323092));
#3308=CARTESIAN_POINT('Ctrl Pts',(4.23136995536692,-1.88519763322301,0.294931623647849));
#3309=CARTESIAN_POINT('Ctrl Pts',(4.48417323766551,-1.81867897703647,0.264837087249447));
#3310=CARTESIAN_POINT('Origin',(2.46354617995717,0.,4.22395382004283));
#3311=CARTESIAN_POINT('',(3.5291914135818,1.00676611787539,0.0958085864182018));
#3312=CARTESIAN_POINT('',(3.88743329554725,1.06229144229923,0.0999021680358052));
#3313=CARTESIAN_POINT('Ctrl Pts',(3.52919141358148,1.00676611787534,0.0958085864181997));
#3314=CARTESIAN_POINT('Ctrl Pts',(3.65175820213574,1.02576412286763,0.0972044177046328));
#3315=CARTESIAN_POINT('Ctrl Pts',(3.77164376966355,1.04434555134195,0.0985749100979165));
#3316=CARTESIAN_POINT('Ctrl Pts',(3.88743326353502,1.06229143705599,0.0999021676158649));
#3317=CARTESIAN_POINT('',(3.33102288053793,1.73018153867979,0.29397711946207));
#3318=CARTESIAN_POINT('Origin',(0.932296179957173,0.,2.69270382004283));
#3319=CARTESIAN_POINT('',(3.66982298119595,1.85797360326501,0.317856289279925));
#3320=CARTESIAN_POINT('Ctrl Pts',(3.66950082091957,1.85785512852609,0.317834610231321));
#3321=CARTESIAN_POINT('Ctrl Pts',(3.56010004346404,1.81659070680489,0.310119569663021));
#3322=CARTESIAN_POINT('Ctrl Pts',(3.44682838116131,1.77386493522878,0.302135107549006));
#3323=CARTESIAN_POINT('Ctrl Pts',(3.33102288053763,1.73018153867968,0.29397711946205));
#3324=CARTESIAN_POINT('',(4.4841732376655,1.81867897703648,0.264837087249451));
#3325=CARTESIAN_POINT('Ctrl Pts',(4.48417323766551,1.81867897703647,0.264837087249447));
#3326=CARTESIAN_POINT('Ctrl Pts',(4.28144514288794,1.87202164060179,0.28897050819157));
#3327=CARTESIAN_POINT('Ctrl Pts',(4.10627636023276,1.89249918805802,0.305031398125736));
#3328=CARTESIAN_POINT('Ctrl Pts',(3.81509718453706,1.89245804357193,0.320980250629414));
#3329=CARTESIAN_POINT('Ctrl Pts',(3.72425929866431,1.8739706721526,0.320143506136858));
#3330=CARTESIAN_POINT('Ctrl Pts',(3.67507275832313,1.85987050388932,0.31819800766567));
#3331=CARTESIAN_POINT('Ctrl Pts',(3.67048157264472,1.85821588548757,0.317900636667135));
#3332=CARTESIAN_POINT('Ctrl Pts',(3.6698230157024,1.85797361595479,0.31785629160196));
#3333=CARTESIAN_POINT('',(4.53018334319808,1.66299529719943,0.219816656801916));
#3334=CARTESIAN_POINT('Ctrl Pts',(4.53018283459622,1.66299715385185,0.219817165403637));
#3335=CARTESIAN_POINT('Ctrl Pts',(4.5158372073267,1.71536585568575,0.234162784878663));
#3336=CARTESIAN_POINT('Ctrl Pts',(4.50049630291004,1.76727566327398,0.249174053803491));
#3337=CARTESIAN_POINT('Ctrl Pts',(4.4841732376655,1.81867897703648,0.264837087249451));
#3338=CARTESIAN_POINT('',(4.57021609206033,1.50457901997887,0.178794232854622));
#3339=CARTESIAN_POINT('Ctrl Pts',(4.57021609206033,1.50457901997887,0.178794232854622));
#3340=CARTESIAN_POINT('Ctrl Pts',(4.55787758124059,1.55780515533553,0.191792791074234));
#3341=CARTESIAN_POINT('Ctrl Pts',(4.54452928600983,1.61062534675076,0.205470713990175));
#3342=CARTESIAN_POINT('Ctrl Pts',(4.53018334319808,1.66299529719943,0.219816656801918));
#3343=CARTESIAN_POINT('Ctrl Pts',(3.88777268707763,1.06234703079364,0.0999066202267384));
#3344=CARTESIAN_POINT('Ctrl Pts',(3.88829412421518,1.06243237351167,0.0999134487199512));
#3345=CARTESIAN_POINT('Ctrl Pts',(3.89045172794414,1.06280567018088,0.0999454959010561));
#3346=CARTESIAN_POINT('Ctrl Pts',(3.89859963762119,1.06455037545706,0.100129530894139));
#3347=CARTESIAN_POINT('Ctrl Pts',(3.90332311781801,1.06569698382704,0.100261647814296));
#3348=CARTESIAN_POINT('Ctrl Pts',(3.9233271046925,1.0708950659077,0.100885690594797));
#3349=CARTESIAN_POINT('Ctrl Pts',(3.93956554960388,1.07604784746174,0.101568260616914));
#3350=CARTESIAN_POINT('Ctrl Pts',(3.99790103424475,1.09655667301401,0.104404609256893));
#3351=CARTESIAN_POINT('Ctrl Pts',(4.05050372544559,1.11928258343088,0.107758144280335));
#3352=CARTESIAN_POINT('Ctrl Pts',(4.22437681570718,1.21348632728088,0.122897807130835));
#3353=CARTESIAN_POINT('Ctrl Pts',(4.38601752251915,1.32065575995284,0.140284056495646));
#3354=CARTESIAN_POINT('Ctrl Pts',(4.57021609206033,1.50457901997887,0.178794232854622));
#3355=CARTESIAN_POINT('Origin',(2.46354617995717,0.,4.22395382004283));
#3356=CARTESIAN_POINT('',(3.61099361280002,-0.387901858088851,0.0140063871999835));
#3357=CARTESIAN_POINT('',(3.97146126291992,-0.42658841320669,0.0158742006631375));
#3358=CARTESIAN_POINT('Ctrl Pts',(3.6109936127997,-0.387901858088817,0.0140063871999835));
#3359=CARTESIAN_POINT('Ctrl Pts',(3.73432198165815,-0.401138222982688,0.0146406381823315));
#3360=CARTESIAN_POINT('Ctrl Pts',(3.85495239357044,-0.41408462485555,0.0152662861911428));
#3361=CARTESIAN_POINT('Ctrl Pts',(3.97146123063506,-0.426588410026046,0.0158742005158333));
#3362=CARTESIAN_POINT('',(3.61099361280002,0.387901858088853,0.0140063871999835));
#3363=CARTESIAN_POINT('Origin',(0.932296179957173,0.,2.69270382004283));
#3364=CARTESIAN_POINT('',(3.9718035082623,0.42662213057733,0.0158757622135753));
#3365=CARTESIAN_POINT('Ctrl Pts',(3.97146123063506,0.426588410026045,0.0158742005158333));
#3366=CARTESIAN_POINT('Ctrl Pts',(3.85495332209127,0.414084724504857,0.015266291035935));
#3367=CARTESIAN_POINT('Ctrl Pts',(3.73432284610137,0.401138315761533,0.0146406426090652));
#3368=CARTESIAN_POINT('Ctrl Pts',(3.6109936127997,0.387901858088817,0.0140063871999833));
#3369=CARTESIAN_POINT('',(4.74683072271118,0.168423223315863,0.00217960220377774));
#3370=CARTESIAN_POINT('Ctrl Pts',(4.74683072271118,0.168423223315848,0.00217960220377785));
#3371=CARTESIAN_POINT('Ctrl Pts',(4.56538801381017,0.276112471800991,0.00502763730580585));
#3372=CARTESIAN_POINT('Ctrl Pts',(4.40190659950059,0.344054241374974,0.00940115885535716));
#3373=CARTESIAN_POINT('Ctrl Pts',(4.12108674935143,0.422467562962919,0.0149906856472375));
#3374=CARTESIAN_POINT('Ctrl Pts',(4.02856530353678,0.42821817288176,0.0158375011260702));
#3375=CARTESIAN_POINT('Ctrl Pts',(3.97737210778634,0.427137240719472,0.0158986582047298));
#3376=CARTESIAN_POINT('Ctrl Pts',(3.97250324815289,0.426691151710337,0.0158789611604119));
#3377=CARTESIAN_POINT('Ctrl Pts',(3.97180354492352,0.426622134189124,0.0158757623808489));
#3378=CARTESIAN_POINT('',(4.75,-2.87400765299492E-16,0.));
#3379=CARTESIAN_POINT('Ctrl Pts',(4.74999999999956,1.99110767186418E-6,
3.05800551441242E-13));
#3380=CARTESIAN_POINT('Ctrl Pts',(4.74999997502904,0.0561631409503016,1.71763264883924E-8));
#3381=CARTESIAN_POINT('Ctrl Pts',(4.7489435339378,0.112320645816013,0.000726822775732928));
#3382=CARTESIAN_POINT('Ctrl Pts',(4.74683072271118,0.168423223315863,0.00217960220377822));
#3383=CARTESIAN_POINT('',(4.74683072271118,-0.168423223315848,0.00217960220377784));
#3384=CARTESIAN_POINT('Ctrl Pts',(4.74683072271118,-0.168423223315848,0.00217960220377785));
#3385=CARTESIAN_POINT('Ctrl Pts',(4.7489435838787,-0.112319319709377,0.000726788436126465));
#3386=CARTESIAN_POINT('Ctrl Pts',(4.75,-0.0561624773341998,1.6695280985733E-15));
#3387=CARTESIAN_POINT('Ctrl Pts',(4.75,1.2490009027033E-15,1.68030269039095E-15));
#3388=CARTESIAN_POINT('Ctrl Pts',(3.97180354492352,-0.426622134189124,0.0158757623808489));
#3389=CARTESIAN_POINT('Ctrl Pts',(3.97232940651316,-0.426674004270456,0.0158781664219268));
#3390=CARTESIAN_POINT('Ctrl Pts',(3.97451059676381,-0.426868860073288,0.01588662708132));
#3391=CARTESIAN_POINT('Ctrl Pts',(3.98283527637988,-0.427276234587391,0.0158938921354528));
#3392=CARTESIAN_POINT('Ctrl Pts',(3.98769661986438,-0.427379855576911,0.0158881457679353));
#3393=CARTESIAN_POINT('Ctrl Pts',(4.00837404406832,-0.427483132158538,0.015838751218975));
#3394=CARTESIAN_POINT('Ctrl Pts',(4.02540347033827,-0.426651843630576,0.0157303398825099));
#3395=CARTESIAN_POINT('Ctrl Pts',(4.08710378973676,-0.421704434613877,0.0152018537649037));
#3396=CARTESIAN_POINT('Ctrl Pts',(4.14384866354389,-0.413093182985723,0.0144132061820592));
#3397=CARTESIAN_POINT('Ctrl Pts',(4.3364253647614,-0.365797108246246,0.0108492580765951));
#3398=CARTESIAN_POINT('Ctrl Pts',(4.52057045809905,-0.302712432321337,0.00573112091573146));
#3399=CARTESIAN_POINT('Ctrl Pts',(4.74683072271118,-0.168423223315848,0.00217960220377785));
#3400=CARTESIAN_POINT('Ctrl Pts',(4.74683072271118,0.168423223315848,0.00217960220377643));
#3401=CARTESIAN_POINT('Ctrl Pts',(4.6913752961343,0.14962410066203,0.672808115258845));
#3402=CARTESIAN_POINT('Ctrl Pts',(4.63591986955743,0.130824978008212,1.34343662831391));
#3403=CARTESIAN_POINT('Ctrl Pts',(4.58046444298056,0.112025855354394,2.01406514136898));
#3404=CARTESIAN_POINT('Ctrl Pts',(4.54069441917874,0.291018356373114,0.00217960220377643));
#3405=CARTESIAN_POINT('Ctrl Pts',(4.50822022125181,0.258472185062161,0.672808115258844));
#3406=CARTESIAN_POINT('Ctrl Pts',(4.4758281209437,0.22611555951456,1.34343662831391));
#3407=CARTESIAN_POINT('Ctrl Pts',(4.44335392301676,0.193569388203606,2.01406514136898));
#3408=CARTESIAN_POINT('Ctrl Pts',(4.24447396711807,0.403303415924576,0.00217960220377643));
#3409=CARTESIAN_POINT('Ctrl Pts',(4.24510385221835,0.358318090394427,0.672808115258846));
#3410=CARTESIAN_POINT('Ctrl Pts',(4.24569450207076,0.313240553323597,1.34343662831391));
#3411=CARTESIAN_POINT('Ctrl Pts',(4.24632438717104,0.268255227793448,2.01406514136898));
#3412=CARTESIAN_POINT('Ctrl Pts',(4.01789110320372,0.430953078157314,0.00217960220377643));
#3413=CARTESIAN_POINT('Ctrl Pts',(4.0437922959334,0.382835141623972,0.672808115258844));
#3414=CARTESIAN_POINT('Ctrl Pts',(4.06971274822782,0.334764197350033,1.34343662831391));
#3415=CARTESIAN_POINT('Ctrl Pts',(4.0956139409575,0.286646260816691,2.01406514136898));
#3416=CARTESIAN_POINT('Ctrl Pts',(3.97390964353093,0.427868257695898,0.00217960220377643));
#3417=CARTESIAN_POINT('Ctrl Pts',(4.00472516319082,0.380107399516291,0.672808115258845));
#3418=CARTESIAN_POINT('Ctrl Pts',(4.03554437578906,0.33235526626482,1.34343662831391));
#3419=CARTESIAN_POINT('Ctrl Pts',(4.06635989544895,0.284594408085213,2.01406514136898));
#3420=CARTESIAN_POINT('Ctrl Pts',(3.97116792845051,0.427596870032413,0.00217960220377643));
#3421=CARTESIAN_POINT('Ctrl Pts',(4.00229070480925,0.379869212005983,0.672808115258845));
#3422=CARTESIAN_POINT('Ctrl Pts',(4.03341348116799,0.332141553979552,1.34343662831391));
#3423=CARTESIAN_POINT('Ctrl Pts',(4.06453625752673,0.284413895953121,2.01406514136898));
#3424=CARTESIAN_POINT('',(4.06453569661568,0.284414756126083,2.01405305494912));
#3425=CARTESIAN_POINT('Ctrl Pts',(3.97180354492352,0.426622134189124,0.0158757623808481));
#3426=CARTESIAN_POINT('Ctrl Pts',(4.00271426215424,0.379219674834777,0.681934859903604));
#3427=CARTESIAN_POINT('Ctrl Pts',(4.03362497938496,0.33181721548043,1.34799395742636));
#3428=CARTESIAN_POINT('Ctrl Pts',(4.06453569661568,0.284414756126083,2.01405305494912));
#3429=CARTESIAN_POINT('',(4.58122048180745,0.112282148877242,2.00492228149774));
#3430=CARTESIAN_POINT('Ctrl Pts',(4.06453569661568,0.284414756126083,2.01405305494912));
#3431=CARTESIAN_POINT('Ctrl Pts',(4.06488622790149,0.284449331928278,2.0140546574461));
#3432=CARTESIAN_POINT('Ctrl Pts',(4.0663400629772,0.284579210327999,2.01406029679861));
#3433=CARTESIAN_POINT('Ctrl Pts',(4.0718886787628,0.284850765929184,2.01406514136898));
#3434=CARTESIAN_POINT('Ctrl Pts',(4.07512886326685,0.284919859757059,2.01406131340338));
#3435=CARTESIAN_POINT('Ctrl Pts',(4.08891077952604,0.284988841587728,2.01402840174151));
#3436=CARTESIAN_POINT('Ctrl Pts',(4.10026122980574,0.284434962378326,2.01395615743303));
#3437=CARTESIAN_POINT('Ctrl Pts',(4.14138622294579,0.281138214588906,2.0136039655908));
#3438=CARTESIAN_POINT('Ctrl Pts',(4.17920863711703,0.275399583075055,2.01307837971098));
#3439=CARTESIAN_POINT('Ctrl Pts',(4.3075878502405,0.243875037603518,2.01070273397037));
#3440=CARTESIAN_POINT('Ctrl Pts',(4.43036365691581,0.201818169364552,2.00729022196376));
#3441=CARTESIAN_POINT('Ctrl Pts',(4.58122048180745,0.112282148877232,2.00492228149774));
#3442=CARTESIAN_POINT('Ctrl Pts',(4.74683072271118,0.168423223315863,0.00217960220377727));
#3443=CARTESIAN_POINT('Ctrl Pts',(4.6916273090766,0.149709531836322,0.669760495301764));
#3444=CARTESIAN_POINT('Ctrl Pts',(4.63642389544203,0.130995840356782,1.33734138839975));
#3445=CARTESIAN_POINT('Ctrl Pts',(4.58122048180745,0.112282148877242,2.00492228149774));
#3446=CARTESIAN_POINT('Ctrl Pts',(3.97137444182528,0.42672132904646,0.0140063871999832));
#3447=CARTESIAN_POINT('Ctrl Pts',(4.00235214204996,0.379278282194344,0.680688660196388));
#3448=CARTESIAN_POINT('Ctrl Pts',(4.03332984227465,0.331835235342229,1.34737093319279));
#3449=CARTESIAN_POINT('Ctrl Pts',(4.06430754249933,0.284392188490113,2.0140532061892));
#3450=CARTESIAN_POINT('Ctrl Pts',(3.85069200439338,0.413721668693682,0.0140063871999832));
#3451=CARTESIAN_POINT('Ctrl Pts',(3.8950872259454,0.367723929242901,0.680688660196388));
#3452=CARTESIAN_POINT('Ctrl Pts',(3.93948244749741,0.321726189792121,1.34737093319279));
#3453=CARTESIAN_POINT('Ctrl Pts',(3.98387766904943,0.27572845034134,2.0140532061892));
#3454=CARTESIAN_POINT('Ctrl Pts',(3.73000956696148,0.400722008340903,0.0140063871999832));
#3455=CARTESIAN_POINT('Ctrl Pts',(3.78782230984083,0.356169576291458,0.680688660196388));
#3456=CARTESIAN_POINT('Ctrl Pts',(3.84563505272018,0.311617144242012,1.34737093319279));
#3457=CARTESIAN_POINT('Ctrl Pts',(3.90344779559953,0.267064712192567,2.0140532061892));
#3458=CARTESIAN_POINT('Ctrl Pts',(3.60932712952958,0.387722347988124,0.0140063871999832));
#3459=CARTESIAN_POINT('Ctrl Pts',(3.68055739373626,0.344615223340014,0.680688660196388));
#3460=CARTESIAN_POINT('Ctrl Pts',(3.75178765794295,0.301508098691904,1.34737093319279));
#3461=CARTESIAN_POINT('Ctrl Pts',(3.82301792214964,0.258400974043794,2.0140532061892));
#3462=CARTESIAN_POINT('',(3.82288414221484,0.25848193497241,2.01280108797584));
#3463=CARTESIAN_POINT('Ctrl Pts',(3.61099361280002,0.387901858088853,0.0140063871999835));
#3464=CARTESIAN_POINT('Ctrl Pts',(3.66053223622665,0.357644324424742,0.481311547810271));
#3465=CARTESIAN_POINT('Ctrl Pts',(3.71007085963035,0.327386790757989,0.948616708422817));
#3466=CARTESIAN_POINT('Ctrl Pts',(3.78070103607072,0.284246816382243,1.61488160868451));
#3467=CARTESIAN_POINT('Ctrl Pts',(3.80179258914953,0.271364375678104,1.81384134832951));
#3468=CARTESIAN_POINT('Ctrl Pts',(3.82288414221484,0.25848193497241,2.01280108797584));
#3469=CARTESIAN_POINT('Ctrl Pts',(3.82288414221462,0.258481934972386,2.01280108797584));
#3470=CARTESIAN_POINT('Ctrl Pts',(3.90549018208763,0.267347729551777,2.01322588116135));
#3471=CARTESIAN_POINT('Ctrl Pts',(3.98628531525739,0.276018895848096,2.01364491329094));
#3472=CARTESIAN_POINT('Ctrl Pts',(4.06430748709004,0.284392273350697,2.01405201370577));
#3473=CARTESIAN_POINT('Ctrl Pts',(4.57033225670913,1.50512483543844,0.17667870106158));
#3474=CARTESIAN_POINT('Ctrl Pts',(4.53471396937505,1.3377674502876,0.825340923573819));
#3475=CARTESIAN_POINT('Ctrl Pts',(4.49909568204097,1.17041006513676,1.47400314608606));
#3476=CARTESIAN_POINT('Ctrl Pts',(4.46347739470689,1.00305267998592,2.1226653685983));
#3477=CARTESIAN_POINT('Ctrl Pts',(4.54550336286652,1.61083676260494,0.205492566508246));
#3478=CARTESIAN_POINT('Ctrl Pts',(4.51264580377593,1.43172507886155,0.850950925124759));
#3479=CARTESIAN_POINT('Ctrl Pts',(4.47978836050266,1.25261342506577,1.49640928761121));
#3480=CARTESIAN_POINT('Ctrl Pts',(4.44693080141207,1.07350174132238,2.14186764622772));
#3481=CARTESIAN_POINT('Ctrl Pts',(4.51678792938882,1.71566262508558,0.234207999985939));
#3482=CARTESIAN_POINT('Ctrl Pts',(4.4871232882004,1.52489517535196,0.876473440700294));
#3483=CARTESIAN_POINT('Ctrl Pts',(4.45745876248694,1.33412775681569,1.51873888562693));
#3484=CARTESIAN_POINT('Ctrl Pts',(4.42779412129852,1.14336030708208,2.16100432634128));
#3485=CARTESIAN_POINT('Ctrl Pts',(4.48425818858642,1.81933873839729,0.262752769184296));
#3486=CARTESIAN_POINT('Ctrl Pts',(4.45821062298328,1.61704337605074,0.901844269965593));
#3487=CARTESIAN_POINT('Ctrl Pts',(4.43216305738014,1.4147480137042,1.54093577074689));
#3488=CARTESIAN_POINT('Ctrl Pts',(4.406115491777,1.21245265135765,2.18002727152818));
#3489=CARTESIAN_POINT('',(4.406115491777,1.21245265135765,2.18002727152818));
#3490=CARTESIAN_POINT('Ctrl Pts',(4.4841732376655,1.81867897703648,0.264837087249451));
#3491=CARTESIAN_POINT('Ctrl Pts',(4.458153989036,1.61660353514354,0.903233815342362));
#3492=CARTESIAN_POINT('Ctrl Pts',(4.4321347404065,1.4145280932506,1.54163054343527));
#3493=CARTESIAN_POINT('Ctrl Pts',(4.406115491777,1.21245265135765,2.18002727152818));
#3494=CARTESIAN_POINT('',(4.46347739470689,1.00305267998592,2.1226653685983));
#3495=CARTESIAN_POINT('Ctrl Pts',(4.406115491777,1.21245265135765,2.18002727152818));
#3496=CARTESIAN_POINT('Ctrl Pts',(4.4169976893252,1.17818329038804,2.16958510140821));
#3497=CARTESIAN_POINT('Ctrl Pts',(4.4272248926686,1.14357620350396,2.15957744610132));
#3498=CARTESIAN_POINT('Ctrl Pts',(4.43678876064149,1.10866323323942,2.15001357710114));
#3499=CARTESIAN_POINT('Ctrl Pts',(4.44635258389571,1.0737504262207,2.14044975281963));
#3500=CARTESIAN_POINT('Ctrl Pts',(4.45525183727121,1.0385362679044,2.13133095140472));
#3501=CARTESIAN_POINT('Ctrl Pts',(4.46347739470689,1.00305267998592,2.1226653685983));
#3502=CARTESIAN_POINT('Ctrl Pts',(4.57021609206033,1.50457901997887,0.178794232854622));
#3503=CARTESIAN_POINT('Ctrl Pts',(4.53463652627585,1.33740357331455,0.826751278102514));
#3504=CARTESIAN_POINT('Ctrl Pts',(4.49905696049137,1.17022812665024,1.47470832335041));
#3505=CARTESIAN_POINT('Ctrl Pts',(4.46347739470689,1.00305267998592,2.1226653685983));
#3506=CARTESIAN_POINT('Ctrl Pts',(4.57021609206033,-1.50457901997888,0.17879423285462));
#3507=CARTESIAN_POINT('Ctrl Pts',(4.53447409952597,-1.336640389058,0.829709311867178));
#3508=CARTESIAN_POINT('Ctrl Pts',(4.49873210699161,-1.16870175813713,1.48062439087974));
#3509=CARTESIAN_POINT('Ctrl Pts',(4.46299011445724,-1.00076312721626,2.13153946989229));
#3510=CARTESIAN_POINT('Ctrl Pts',(4.40235501438127,-1.33760774110241,0.140519007001252));
#3511=CARTESIAN_POINT('Ctrl Pts',(4.38530681787184,-1.1883580943355,0.795721518638819));
#3512=CARTESIAN_POINT('Ctrl Pts',(4.36838636394009,-1.03895267213086,1.45087838531752));
#3513=CARTESIAN_POINT('Ctrl Pts',(4.35133816743066,-0.889703025363945,2.10608089695509));
#3514=CARTESIAN_POINT('Ctrl Pts',(4.14481322573935,-1.15724504120865,0.101837371620079));
#3515=CARTESIAN_POINT('Ctrl Pts',(4.15657397662645,-1.02805054915516,0.761335018888329));
#3516=CARTESIAN_POINT('Ctrl Pts',(4.16827479809167,-0.898930179589353,1.42085435550722));
#3517=CARTESIAN_POINT('Ctrl Pts',(4.18003554897877,-0.769735687535862,2.08035200277547));
#3518=CARTESIAN_POINT('Ctrl Pts',(3.93294705673906,-1.07358087819781,0.0871231107631837));
#3519=CARTESIAN_POINT('Ctrl Pts',(3.96832567474653,-0.953762671558305,0.748274198540458));
#3520=CARTESIAN_POINT('Ctrl Pts',(4.00373521996469,-0.833905099197601,1.40941379879208));
#3521=CARTESIAN_POINT('Ctrl Pts',(4.03911383797217,-0.714086892558094,2.07056488656935));
#3522=CARTESIAN_POINT('Ctrl Pts',(3.88966354537415,-1.06522152782758,0.0864257003605493));
#3523=CARTESIAN_POINT('Ctrl Pts',(3.92988177436161,-0.946325653675283,0.747651504088055));
#3524=CARTESIAN_POINT('Ctrl Pts',(3.97010580026397,-0.82742258708079,1.408875203839));
#3525=CARTESIAN_POINT('Ctrl Pts',(4.01032402925142,-0.708526712928493,2.07010100756651));
#3526=CARTESIAN_POINT('Ctrl Pts',(3.88694507895084,-1.06477425537001,0.0864024517034521));
#3527=CARTESIAN_POINT('Ctrl Pts',(3.92746867098586,-0.945925907551663,0.747630149082233));
#3528=CARTESIAN_POINT('Ctrl Pts',(3.96799226302089,-0.82707755973332,1.40885784646101));
#3529=CARTESIAN_POINT('Ctrl Pts',(4.00851585505591,-0.708229211914977,2.07008554383979));
#3530=CARTESIAN_POINT('',(4.00851512471842,-0.708231353862425,2.07007362684638));
#3531=CARTESIAN_POINT('Ctrl Pts',(3.88777268707763,-1.06234703079364,0.0999066202267374));
#3532=CARTESIAN_POINT('Ctrl Pts',(3.92802016629122,-0.944308471816567,0.756628955766617));
#3533=CARTESIAN_POINT('Ctrl Pts',(3.96826764550482,-0.826269912839496,1.4133512913065));
#3534=CARTESIAN_POINT('Ctrl Pts',(4.00851512471842,-0.708231353862425,2.07007362684638));
#3535=CARTESIAN_POINT('',(4.46347739470689,-1.00305267998591,2.1226653685983));
#3536=CARTESIAN_POINT('Ctrl Pts',(4.00851512471842,-0.708231353862425,2.07007362684638));
#3537=CARTESIAN_POINT('Ctrl Pts',(4.00886270673214,-0.708288242011838,2.07007817861542));
#3538=CARTESIAN_POINT('Ctrl Pts',(4.01030082076856,-0.708537055958992,2.07009953900722));
#3539=CARTESIAN_POINT('Ctrl Pts',(4.01573162249256,-0.709699919040132,2.07022219763922));
#3540=CARTESIAN_POINT('Ctrl Pts',(4.01887992561255,-0.710464129934409,2.0703102510577));
#3541=CARTESIAN_POINT('Ctrl Pts',(4.03221302007906,-0.713928616643166,2.07072616118848));
#3542=CARTESIAN_POINT('Ctrl Pts',(4.04303631487999,-0.717362865971614,2.07118107235877));
#3543=CARTESIAN_POINT('Ctrl Pts',(4.08191876761196,-0.731031775865929,2.07307142092466));
#3544=CARTESIAN_POINT('Ctrl Pts',(4.11698054875072,-0.746178366687406,2.07530646807732));
#3545=CARTESIAN_POINT('Ctrl Pts',(4.23289245240771,-0.808973684473994,2.08539813180315));
#3546=CARTESIAN_POINT('Ctrl Pts',(4.34066479480914,-0.880423640022517,2.09698908407043));
#3547=CARTESIAN_POINT('Ctrl Pts',(4.46347739470689,-1.00305267998592,2.1226653685983));
#3548=CARTESIAN_POINT('Ctrl Pts',(4.57021609206034,-1.50457901997886,0.178794232854617));
#3549=CARTESIAN_POINT('Ctrl Pts',(4.53463652627585,-1.33740357331454,0.82675127810251));
#3550=CARTESIAN_POINT('Ctrl Pts',(4.49905696049137,-1.17022812665023,1.4747083233504));
#3551=CARTESIAN_POINT('Ctrl Pts',(4.46347739470689,-1.00305267998591,2.1226653685983));
#3552=CARTESIAN_POINT('Ctrl Pts',(4.48417323766551,1.81867897703647,0.264837087249446));
#3553=CARTESIAN_POINT('Ctrl Pts',(4.45803520675477,1.61568102649189,0.906148204638377));
#3554=CARTESIAN_POINT('Ctrl Pts',(4.43189717584403,1.41268307594732,1.54745932202731));
#3555=CARTESIAN_POINT('Ctrl Pts',(4.4057591449333,1.20968512540274,2.18877043941624));
#3556=CARTESIAN_POINT('Ctrl Pts',(4.25368163329608,1.88034081223207,0.289192388086443));
#3557=CARTESIAN_POINT('Ctrl Pts',(4.25326039252401,1.67039436362335,0.927767943986642));
#3558=CARTESIAN_POINT('Ctrl Pts',(4.25287006054273,1.46064563189797,1.56639468871488));
#3559=CARTESIAN_POINT('Ctrl Pts',(4.25244881977066,1.25069918328925,2.20497024461508));
#3560=CARTESIAN_POINT('Ctrl Pts',(3.93877962480166,1.90936944236974,0.307870312377302));
#3561=CARTESIAN_POINT('Ctrl Pts',(3.97352215776305,1.69627981674109,0.944386177571264));
#3562=CARTESIAN_POINT('Ctrl Pts',(4.00825080816517,1.48309705547034,1.58087790631803));
#3563=CARTESIAN_POINT('Ctrl Pts',(4.04299334112656,1.27000742984169,2.21739377151199));
#3564=CARTESIAN_POINT('Ctrl Pts',(3.71278563584152,1.87728098602346,0.30728440416971));
#3565=CARTESIAN_POINT('Ctrl Pts',(3.77274640187709,1.66772550027678,0.943853343918893));
#3566=CARTESIAN_POINT('Ctrl Pts',(3.8327138160756,1.45821944110532,1.58043511788118));
#3567=CARTESIAN_POINT('Ctrl Pts',(3.89267458211116,1.24866395535864,2.21700405763036));
#3568=CARTESIAN_POINT('Ctrl Pts',(3.67107726331461,1.86317206411768,0.305011982420096));
#3569=CARTESIAN_POINT('Ctrl Pts',(3.73569521868904,1.65520484215538,0.941838059760626));
#3570=CARTESIAN_POINT('Ctrl Pts',(3.80031451364936,1.44724669925726,1.5786664904536));
#3571=CARTESIAN_POINT('Ctrl Pts',(3.86493246902379,1.23927947729496,2.21549256779414));
#3572=CARTESIAN_POINT('Ctrl Pts',(3.66849744148408,1.8622186687409,0.304850089170204));
#3573=CARTESIAN_POINT('Ctrl Pts',(3.73340379884876,1.65436088955425,0.941695021219331));
#3574=CARTESIAN_POINT('Ctrl Pts',(3.79831015621344,1.4465031103676,1.57853995326846));
#3575=CARTESIAN_POINT('Ctrl Pts',(3.86321651357812,1.23864533118095,2.21538488531758));
#3576=CARTESIAN_POINT('',(3.8632153438016,1.2386490773032,2.21537340776319));
#3577=CARTESIAN_POINT('Ctrl Pts',(3.66982301570241,1.85797361595479,0.317856291601959));
#3578=CARTESIAN_POINT('Ctrl Pts',(3.73428712506881,1.65153210307093,0.950361996989036));
#3579=CARTESIAN_POINT('Ctrl Pts',(3.7987512344352,1.44509059018706,1.58286770237611));
#3580=CARTESIAN_POINT('Ctrl Pts',(3.8632153438016,1.2386490773032,2.21537340776319));
#3581=CARTESIAN_POINT('Ctrl Pts',(3.8632153438016,1.2386490773032,2.21537340776319));
#3582=CARTESIAN_POINT('Ctrl Pts',(3.86354526197626,1.23877044740332,2.21539562337132));
#3583=CARTESIAN_POINT('Ctrl Pts',(3.8649170246627,1.23926147735236,2.2154833351131));
#3584=CARTESIAN_POINT('Ctrl Pts',(3.87020909599907,1.24093077654718,2.21574472413271));
#3585=CARTESIAN_POINT('Ctrl Pts',(3.87332210095735,1.24182384359289,2.21586807571289));
#3586=CARTESIAN_POINT('Ctrl Pts',(3.8866199544785,1.24541697758451,2.21631922678904));
#3587=CARTESIAN_POINT('Ctrl Pts',(3.89772621113723,1.24781827295054,2.21649117610153));
#3588=CARTESIAN_POINT('Ctrl Pts',(3.93829288285299,1.25533893132288,2.21669730568361));
#3589=CARTESIAN_POINT('Ctrl Pts',(3.97628637510647,1.25978329310144,2.21600064172156));
#3590=CARTESIAN_POINT('Ctrl Pts',(4.1083033135827,1.26378708449444,2.20998727062815));
#3591=CARTESIAN_POINT('Ctrl Pts',(4.2375613686961,1.25680331666586,2.20009251018346));
#3592=CARTESIAN_POINT('Ctrl Pts',(4.406115491777,1.21245265135765,2.18002727152818));
#3593=CARTESIAN_POINT('Ctrl Pts',(3.8873202927784,-1.06262243230549,0.0980605362468563));
#3594=CARTESIAN_POINT('Ctrl Pts',(3.92764316667945,-0.944479648220541,0.755397635566903));
#3595=CARTESIAN_POINT('Ctrl Pts',(3.96796604058049,-0.826336864135591,1.41273473488695));
#3596=CARTESIAN_POINT('Ctrl Pts',(4.00828891448153,-0.708194080050642,2.070071834207));
#3597=CARTESIAN_POINT('Ctrl Pts',(3.76739197646619,-1.04391756337664,0.0973064151271745));
#3598=CARTESIAN_POINT('Ctrl Pts',(3.82104852820895,-0.927854394048557,0.754727357932837));
#3599=CARTESIAN_POINT('Ctrl Pts',(3.87470507995171,-0.811791224720472,1.4121483007385));
#3600=CARTESIAN_POINT('Ctrl Pts',(3.92836163169447,-0.695728055392387,2.06956924354416));
#3601=CARTESIAN_POINT('Ctrl Pts',(3.64746366015397,-1.02521269444779,0.0965522940074927));
#3602=CARTESIAN_POINT('Ctrl Pts',(3.71445388973845,-0.911229139876572,0.754057080298768));
#3603=CARTESIAN_POINT('Ctrl Pts',(3.78144411932293,-0.797245585305352,1.41156186659004));
#3604=CARTESIAN_POINT('Ctrl Pts',(3.84843434890741,-0.683262030734133,2.06906665288132));
#3605=CARTESIAN_POINT('Ctrl Pts',(3.52753534384175,-1.00650782551894,0.095798172887811));
#3606=CARTESIAN_POINT('Ctrl Pts',(3.60785925126795,-0.894603885704587,0.753386802664701));
#3607=CARTESIAN_POINT('Ctrl Pts',(3.68818315869415,-0.782699945890233,1.41097543244159));
#3608=CARTESIAN_POINT('Ctrl Pts',(3.76850706612035,-0.670796006075879,2.06856406221848));
#3609=CARTESIAN_POINT('',(3.76835620711092,-0.671006176597709,2.06732902307976));
#3610=CARTESIAN_POINT('Ctrl Pts',(3.76835620711092,-0.671006176597709,2.06732902307976));
#3611=CARTESIAN_POINT('Ctrl Pts',(3.6886346093879,-0.782926157044547,1.41015554418158));
#3612=CARTESIAN_POINT('Ctrl Pts',(3.60891301150131,-0.894846137462838,0.752982065298385));
#3613=CARTESIAN_POINT('Ctrl Pts',(3.5291914135818,-1.00676611787539,0.0958085864182018));
#3614=CARTESIAN_POINT('Ctrl Pts',(3.7683562071107,-0.671006176597675,2.06732902307976));
#3615=CARTESIAN_POINT('Ctrl Pts',(3.85045213572885,-0.683731153776093,2.06826392751955));
#3616=CARTESIAN_POINT('Ctrl Pts',(3.93074839122067,-0.696176516460561,2.069181837327));
#3617=CARTESIAN_POINT('Ctrl Pts',(4.00828884235668,-0.708194291370663,2.07007065843913));
#3618=CARTESIAN_POINT('Ctrl Pts',(3.66931994544236,1.85843401036618,0.316060883582901));
#3619=CARTESIAN_POINT('Ctrl Pts',(3.73388018454742,1.65181257894537,0.949160617698934));
#3620=CARTESIAN_POINT('Ctrl Pts',(3.79844042365248,1.44519114752457,1.58226035181497));
#3621=CARTESIAN_POINT('Ctrl Pts',(3.86300066275753,1.23856971610376,2.215360085931));
#3622=CARTESIAN_POINT('Ctrl Pts',(3.5560328028406,1.81548549689602,0.308665588752758));
#3623=CARTESIAN_POINT('Ctrl Pts',(3.63318835145645,1.61363909826147,0.942587534685331));
#3624=CARTESIAN_POINT('Ctrl Pts',(3.7103439000723,1.41179269962693,1.5765094806179));
#3625=CARTESIAN_POINT('Ctrl Pts',(3.78749944868816,1.20994630099238,2.21043142655047));
#3626=CARTESIAN_POINT('Ctrl Pts',(3.44274566023884,1.77253698342586,0.301270293922616));
#3627=CARTESIAN_POINT('Ctrl Pts',(3.53249651836549,1.57546561757757,0.936014451671728));
#3628=CARTESIAN_POINT('Ctrl Pts',(3.62224737649214,1.37839425172929,1.57075860942084));
#3629=CARTESIAN_POINT('Ctrl Pts',(3.71199823461878,1.18132288588101,2.20550276716995));
#3630=CARTESIAN_POINT('Ctrl Pts',(3.32945851763709,1.7295884699557,0.293874999092473));
#3631=CARTESIAN_POINT('Ctrl Pts',(3.43180468527452,1.53729213689368,0.929441368658125));
#3632=CARTESIAN_POINT('Ctrl Pts',(3.53415085291196,1.34499580383165,1.56500773822378));
#3633=CARTESIAN_POINT('Ctrl Pts',(3.6364970205494,1.15269947076963,2.20057410778943));
#3634=CARTESIAN_POINT('',(3.63630480079852,1.15306062892666,2.19938042939215));
#3635=CARTESIAN_POINT('Ctrl Pts',(3.63630480079852,1.15306062892666,2.19938042939215));
#3636=CARTESIAN_POINT('Ctrl Pts',(3.6103302024055,1.20216436838456,2.03726114712144));
#3637=CARTESIAN_POINT('Ctrl Pts',(3.58435560400408,1.25126810783898,1.875141864851));
#3638=CARTESIAN_POINT('Ctrl Pts',(3.48259496395586,1.44364174443943,1.24000742820632));
#3639=CARTESIAN_POINT('Ctrl Pts',(3.40680892225875,1.58691164156454,0.766992273833787));
#3640=CARTESIAN_POINT('Ctrl Pts',(3.33102288053793,1.73018153867979,0.29397711946207));
#3641=CARTESIAN_POINT('Ctrl Pts',(3.63630480079832,1.15306062892658,2.19938042939214));
#3642=CARTESIAN_POINT('Ctrl Pts',(3.71387143555245,1.18231982057902,2.20484462769697));
#3643=CARTESIAN_POINT('Ctrl Pts',(3.78973782748771,1.21093642679924,2.21019240106112));
#3644=CARTESIAN_POINT('Ctrl Pts',(3.86300054727971,1.23857008568406,2.2153589535161));
#3645=CARTESIAN_POINT('Ctrl Pts',(3.97808352299053,2.9754585437997,0.768927434780189));
#3646=CARTESIAN_POINT('Ctrl Pts',(4.00831837760209,2.64461225796987,1.35173651534678));
#3647=CARTESIAN_POINT('Ctrl Pts',(4.03855323221365,2.31376597214003,1.93454559591338));
#3648=CARTESIAN_POINT('Ctrl Pts',(4.06878808682522,1.98291968631019,2.51735467647997));
#3649=CARTESIAN_POINT('Ctrl Pts',(3.92806313964465,3.06032966517409,0.822932789730117));
#3650=CARTESIAN_POINT('Ctrl Pts',(3.96385981078576,2.7200463964638,1.39973691811493));
#3651=CARTESIAN_POINT('Ctrl Pts',(3.99965658631469,2.37976318427428,1.97654106179918));
#3652=CARTESIAN_POINT('Ctrl Pts',(4.0354532574558,2.03947991556399,2.553345190184));
#3653=CARTESIAN_POINT('Ctrl Pts',(3.87451045109813,3.14340693512991,0.87648547827663));
#3654=CARTESIAN_POINT('Ctrl Pts',(3.91626173678831,2.79388616343328,1.44733499211238));
#3655=CARTESIAN_POINT('Ctrl Pts',(3.95801312622786,2.44436544924785,2.01818452188602));
#3656=CARTESIAN_POINT('Ctrl Pts',(3.99976441191803,2.09484467755121,2.58903403572177));
#3657=CARTESIAN_POINT('Ctrl Pts',(3.81756016659794,3.22448137673664,0.929450791172772));
#3658=CARTESIAN_POINT('Ctrl Pts',(3.86564388566843,2.86594581943781,1.49441100728044));
#3659=CARTESIAN_POINT('Ctrl Pts',(3.91372760473892,2.50741026213898,2.05937122338811));
#3660=CARTESIAN_POINT('Ctrl Pts',(3.9618113238094,2.14887470484015,2.62433143949579));
#3661=CARTESIAN_POINT('',(3.9618113238094,2.14887470484015,2.62433143949579));
#3662=CARTESIAN_POINT('Ctrl Pts',(3.8177169857141,3.22331205726022,0.931293339200851));
#3663=CARTESIAN_POINT('Ctrl Pts',(3.86574843174587,2.86516627312019,1.4956393726325));
#3664=CARTESIAN_POINT('Ctrl Pts',(3.91377987777764,2.50702048898017,2.05998540606414));
#3665=CARTESIAN_POINT('Ctrl Pts',(3.9618113238094,2.14887470484015,2.62433143949579));
#3666=CARTESIAN_POINT('',(4.06878808682522,1.98291968631019,2.51735467647997));
#3667=CARTESIAN_POINT('Ctrl Pts',(3.9618113238094,2.14887470484015,2.62433143949579));
#3668=CARTESIAN_POINT('Ctrl Pts',(3.98072717114002,2.12236649780428,2.60585561959339));
#3669=CARTESIAN_POINT('Ctrl Pts',(3.99911107782588,2.09526507043607,2.58769126094405));
#3670=CARTESIAN_POINT('Ctrl Pts',(4.0169471636298,2.06759561609932,2.56985517411283));
#3671=CARTESIAN_POINT('Ctrl Pts',(4.03478316603589,2.03992629113919,2.55201917067945));
#3672=CARTESIAN_POINT('Ctrl Pts',(4.05206903882558,2.01169253405118,2.53451374985035));
#3673=CARTESIAN_POINT('Ctrl Pts',(4.06878808682522,1.98291968631019,2.51735467647997));
#3674=CARTESIAN_POINT('Ctrl Pts',(3.97818213023783,2.97437952946529,0.770828194677129));
#3675=CARTESIAN_POINT('Ctrl Pts',(4.00838411576696,2.64389291508026,1.35300368861141));
#3676=CARTESIAN_POINT('Ctrl Pts',(4.03858610129609,2.31340630069523,1.93517918254569));
#3677=CARTESIAN_POINT('Ctrl Pts',(4.06878808682522,1.98291968631019,2.51735467647997));
#3678=CARTESIAN_POINT('Ctrl Pts',(3.97818213023783,-2.97437952946529,0.770828194677128));
#3679=CARTESIAN_POINT('Ctrl Pts',(4.00852199295127,-2.64238418765567,1.35566141844188));
#3680=CARTESIAN_POINT('Ctrl Pts',(4.03886185566471,-2.31038884584605,1.94049464220663));
#3681=CARTESIAN_POINT('Ctrl Pts',(4.06920171837816,-1.97839350403643,2.52532786597138));
#3682=CARTESIAN_POINT('Ctrl Pts',(3.85734692208666,-2.7855825012017,0.685527099295864));
#3683=CARTESIAN_POINT('Ctrl Pts',(3.90112031859723,-2.47469402817362,1.27990801791342));
#3684=CARTESIAN_POINT('Ctrl Pts',(3.94505539417058,-2.16370458836952,1.87420935508703));
#3685=CARTESIAN_POINT('Ctrl Pts',(3.98882879068116,-1.85281611534144,2.46859027370459));
#3686=CARTESIAN_POINT('Ctrl Pts',(3.65326010957002,-2.56149799789213,0.593387512005662));
#3687=CARTESIAN_POINT('Ctrl Pts',(3.7198919547891,-2.27557212029821,1.19801406494193));
#3688=CARTESIAN_POINT('Ctrl Pts',(3.78644963408417,-1.98969331864509,1.80267754018722));
#3689=CARTESIAN_POINT('Ctrl Pts',(3.85308147930325,-1.70376744105118,2.40730409312349));
#3690=CARTESIAN_POINT('Ctrl Pts',(3.46942587190544,-2.43312116165627,0.550643699059472));
#3691=CARTESIAN_POINT('Ctrl Pts',(3.5565389349744,-2.16154892458618,1.16006034177527));
#3692=CARTESIAN_POINT('Ctrl Pts',(3.64369200261182,-1.88995047463808,1.76945661936116));
#3693=CARTESIAN_POINT('Ctrl Pts',(3.73080506568077,-1.61837823756799,2.37887326207696));
#3694=CARTESIAN_POINT('Ctrl Pts',(3.42971687122411,-2.41444724342169,0.546372374510596));
#3695=CARTESIAN_POINT('Ctrl Pts',(3.52127306658433,-2.14495218356654,1.15626021186534));
#3696=CARTESIAN_POINT('Ctrl Pts',(3.61283662930643,-1.87545243513431,1.76614437479654));
#3697=CARTESIAN_POINT('Ctrl Pts',(3.70439282466665,-1.60595737527916,2.37603221215128));
#3698=CARTESIAN_POINT('Ctrl Pts',(3.42720365550491,-2.41334171746688,0.546143875149379));
#3699=CARTESIAN_POINT('Ctrl Pts',(3.51904282764965,-2.14396849173806,1.15605599241845));
#3700=CARTESIAN_POINT('Ctrl Pts',(3.61088199979439,-1.87459526600924,1.76596810968751));
#3701=CARTESIAN_POINT('Ctrl Pts',(3.70272117193913,-1.60522204028042,2.37588022695658));
#3702=CARTESIAN_POINT('',(3.70271951676525,-1.6052268950664,2.37586923479954));
#3703=CARTESIAN_POINT('Ctrl Pts',(3.42907927514788,-2.4078403425996,0.558600032156482));
#3704=CARTESIAN_POINT('Ctrl Pts',(3.52029268902034,-2.1403025267552,1.1643564330375));
#3705=CARTESIAN_POINT('Ctrl Pts',(3.6115061028928,-1.8727647109108,1.77011283391852));
#3706=CARTESIAN_POINT('Ctrl Pts',(3.70271951676525,-1.6052268950664,2.37586923479954));
#3707=CARTESIAN_POINT('',(4.06878808682522,-1.98291968631019,2.51735467647997));
#3708=CARTESIAN_POINT('Ctrl Pts',(3.70271951676525,-1.6052268950664,2.37586923479954));
#3709=CARTESIAN_POINT('Ctrl Pts',(3.70304098543921,-1.6053675641076,2.37589989990831));
#3710=CARTESIAN_POINT('Ctrl Pts',(3.70436770822122,-1.60596146669933,2.37603265155451));
#3711=CARTESIAN_POINT('Ctrl Pts',(3.70932224881464,-1.60840169736007,2.37663157131714));
#3712=CARTESIAN_POINT('Ctrl Pts',(3.71217201871074,-1.60989600206059,2.37701815795951));
#3713=CARTESIAN_POINT('Ctrl Pts',(3.72418402272404,-1.61642605918137,2.37875515854351));
#3714=CARTESIAN_POINT('Ctrl Pts',(3.73378000821494,-1.62227686422723,2.38043737902382));
#3715=CARTESIAN_POINT('Ctrl Pts',(3.76792192621484,-1.64447187420318,2.38706826232181));
#3716=CARTESIAN_POINT('Ctrl Pts',(3.79800635815911,-1.66698079331169,2.39428065866899));
#3717=CARTESIAN_POINT('Ctrl Pts',(3.89430514746322,-1.7525660277854,2.4239854367477));
#3718=CARTESIAN_POINT('Ctrl Pts',(3.9805791107422,-1.84375935822878,2.45707476813741));
#3719=CARTESIAN_POINT('Ctrl Pts',(4.06878808682522,-1.98291968631019,2.51735467647997));
#3720=CARTESIAN_POINT('Ctrl Pts',(3.97818213023783,-2.97437952946528,0.770828194677122));
#3721=CARTESIAN_POINT('Ctrl Pts',(4.00838411576696,-2.64389291508025,1.3530036886114));
#3722=CARTESIAN_POINT('Ctrl Pts',(4.03858610129609,-2.31340630069522,1.93517918254569));
#3723=CARTESIAN_POINT('Ctrl Pts',(4.06878808682522,-1.98291968631019,2.51735467647997));
#3724=CARTESIAN_POINT('Ctrl Pts',(3.81771698571411,3.22331205726021,0.931293339200844));
#3725=CARTESIAN_POINT('Ctrl Pts',(3.86596770344015,2.86353127689639,1.498215707953));
#3726=CARTESIAN_POINT('Ctrl Pts',(3.91421842116619,2.50375049653258,2.06513807670515));
#3727=CARTESIAN_POINT('Ctrl Pts',(3.96246913889223,2.14396971616877,2.63206044545731));
#3728=CARTESIAN_POINT('Ctrl Pts',(3.58007932385947,3.21571282207096,0.962794697523047));
#3729=CARTESIAN_POINT('Ctrl Pts',(3.65486106933931,2.85672052740252,1.52616726717134));
#3730=CARTESIAN_POINT('Ctrl Pts',(3.72962390424759,2.49790741797671,2.08964084501001));
#3731=CARTESIAN_POINT('Ctrl Pts',(3.80440564972743,2.13891512330827,2.65301341465831));
#3732=CARTESIAN_POINT('Ctrl Pts',(3.26902588629326,3.1575667397829,0.977621258474499));
#3733=CARTESIAN_POINT('Ctrl Pts',(3.37851747864533,2.80515174876728,1.53938806427777));
#3734=CARTESIAN_POINT('Ctrl Pts',(3.4880184362238,2.45265454170638,2.10110842090121));
#3735=CARTESIAN_POINT('Ctrl Pts',(3.59751002857587,2.10023955069076,2.66287522670448));
#3736=CARTESIAN_POINT('Ctrl Pts',(3.05883882418485,3.07007221095047,0.961230646095625));
#3737=CARTESIAN_POINT('Ctrl Pts',(3.19179622800441,2.72738080552759,1.52480294806082));
#3738=CARTESIAN_POINT('Ctrl Pts',(3.32474776320843,2.38473441267793,2.08840079179481));
#3739=CARTESIAN_POINT('Ctrl Pts',(3.45770516702799,2.04204300725505,2.65197309376001));
#3740=CARTESIAN_POINT('Ctrl Pts',(3.02206559572556,3.04684415908756,0.954023650009146));
#3741=CARTESIAN_POINT('Ctrl Pts',(3.15912592560762,2.70675769905473,1.51840735284204));
#3742=CARTESIAN_POINT('Ctrl Pts',(3.29618531018051,2.36667944604421,2.08279569392245));
#3743=CARTESIAN_POINT('Ctrl Pts',(3.43324564006258,2.02659298601137,2.64717939675535));
#3744=CARTESIAN_POINT('Ctrl Pts',(3.01981094447144,3.04533751732607,0.953536586182853));
#3745=CARTESIAN_POINT('Ctrl Pts',(3.15712261970815,2.70542196183807,1.51797620035995));
#3746=CARTESIAN_POINT('Ctrl Pts',(3.29443429494486,2.36550640635007,2.08241581453704));
#3747=CARTESIAN_POINT('Ctrl Pts',(3.43174597018157,2.02559085086207,2.64685542871414));
#3748=CARTESIAN_POINT('',(3.43174349547832,2.02559697699903,2.64684525608647));
#3749=CARTESIAN_POINT('Ctrl Pts',(3.02261524321748,3.03839546549855,0.965064064086881));
#3750=CARTESIAN_POINT('Ctrl Pts',(3.15899132730443,2.70079596933205,1.52565779475341));
#3751=CARTESIAN_POINT('Ctrl Pts',(3.29536741139138,2.36319647316554,2.08625152541994));
#3752=CARTESIAN_POINT('Ctrl Pts',(3.43174349547832,2.02559697699903,2.64684525608647));
#3753=CARTESIAN_POINT('Ctrl Pts',(3.43174349547832,2.02559697699903,2.64684525608647));
#3754=CARTESIAN_POINT('Ctrl Pts',(3.43203202207351,2.02578874969253,2.64690886327406));
#3755=CARTESIAN_POINT('Ctrl Pts',(3.43323500327304,2.02657461487537,2.64716535650275));
#3756=CARTESIAN_POINT('Ctrl Pts',(3.43793081939876,2.02941620955768,2.64802300073302));
#3757=CARTESIAN_POINT('Ctrl Pts',(3.44071476018379,2.03101263616804,2.64847541648647));
#3758=CARTESIAN_POINT('Ctrl Pts',(3.45266104179129,2.0376446496648,2.65027813947625));
#3759=CARTESIAN_POINT('Ctrl Pts',(3.46278473543095,2.04267681136104,2.6514326518078));
#3760=CARTESIAN_POINT('Ctrl Pts',(3.50006762829211,2.05999916930856,2.65492256024453));
#3761=CARTESIAN_POINT('Ctrl Pts',(3.5356195386346,2.07402628869429,2.65666747819347));
#3762=CARTESIAN_POINT('Ctrl Pts',(3.66195332338376,2.11301768273842,2.65633726082712));
#3763=CARTESIAN_POINT('Ctrl Pts',(3.78829694752849,2.14205021186386,2.64935693135109));
#3764=CARTESIAN_POINT('Ctrl Pts',(3.96181132380941,2.14887470484014,2.62433143949578));
#3765=CARTESIAN_POINT('Ctrl Pts',(3.42850947689064,-2.40845314598042,0.556871352134622));
#3766=CARTESIAN_POINT('Ctrl Pts',(3.51984311953638,-2.14068036860084,1.16319768270997));
#3767=CARTESIAN_POINT('Ctrl Pts',(3.61117676218213,-1.87290759122127,1.76952401328531));
#3768=CARTESIAN_POINT('Ctrl Pts',(3.70251040482787,-1.60513481384169,2.37585034386066));
#3769=CARTESIAN_POINT('Ctrl Pts',(3.31738284941198,-2.36056994396604,0.547315542181376));
#3770=CARTESIAN_POINT('Ctrl Pts',(3.421071594639,-2.09812084000507,1.15470429150278));
#3771=CARTESIAN_POINT('Ctrl Pts',(3.52476033986602,-1.8356717360441,1.76209304082418));
#3772=CARTESIAN_POINT('Ctrl Pts',(3.62844908509304,-1.57322263208313,2.36948179014558));
#3773=CARTESIAN_POINT('Ctrl Pts',(3.20625622193333,-2.31268674195166,0.53775973222813));
#3774=CARTESIAN_POINT('Ctrl Pts',(3.32230006974163,-2.0555613114093,1.14621090029559));
#3775=CARTESIAN_POINT('Ctrl Pts',(3.43834391754992,-1.79843588086694,1.75466206836305));
#3776=CARTESIAN_POINT('Ctrl Pts',(3.55438776535822,-1.54131045032458,2.36311323643051));
#3777=CARTESIAN_POINT('Ctrl Pts',(3.09512959445467,-2.26480353993728,0.528203922274884));
#3778=CARTESIAN_POINT('Ctrl Pts',(3.22352854484425,-2.01300178281353,1.1377175090884));
#3779=CARTESIAN_POINT('Ctrl Pts',(3.35192749523382,-1.76120002568977,1.74723109590192));
#3780=CARTESIAN_POINT('Ctrl Pts',(3.48032644562339,-1.50939826856602,2.35674468271544));
#3781=CARTESIAN_POINT('',(3.48008529527226,-1.50987118584473,2.35559993491842));
#3782=CARTESIAN_POINT('Ctrl Pts',(3.48008529527226,-1.50987118584473,2.35559993491842));
#3783=CARTESIAN_POINT('Ctrl Pts',(3.35227823802038,-1.76173570759777,1.74651191555455));
#3784=CARTESIAN_POINT('Ctrl Pts',(3.22447118060729,-2.01360022927332,1.13742389619248));
#3785=CARTESIAN_POINT('Ctrl Pts',(3.09666412316933,-2.26546475093691,0.528335876830671));
#3786=CARTESIAN_POINT('Ctrl Pts',(3.48008529527206,-1.50987118584464,2.3555999349184));
#3787=CARTESIAN_POINT('Ctrl Pts',(3.55619048961405,-1.54246835610139,2.36252557363451));
#3788=CARTESIAN_POINT('Ctrl Pts',(3.63062762471039,-1.57434943257397,2.36930260383746));
#3789=CARTESIAN_POINT('Ctrl Pts',(3.70251024146091,-1.60513529280238,2.3758492593349));
#3790=CARTESIAN_POINT('Ctrl Pts',(3.02195093710791,3.03915488064759,0.963429891917351));
#3791=CARTESIAN_POINT('Ctrl Pts',(3.158485919687,2.70126043390035,1.52455488255935));
#3792=CARTESIAN_POINT('Ctrl Pts',(3.2950209022661,2.36336598715312,2.08567987320134));
#3793=CARTESIAN_POINT('Ctrl Pts',(3.43155588484519,2.02547154040588,2.64680486384334));
#3794=CARTESIAN_POINT('Ctrl Pts',(2.92320972974056,2.97205794879013,0.941488661852795));
#3795=CARTESIAN_POINT('Ctrl Pts',(3.07072279897361,2.64162336557692,1.50505308716817));
#3796=CARTESIAN_POINT('Ctrl Pts',(3.21823586820666,2.31118878236371,2.06861751248354));
#3797=CARTESIAN_POINT('Ctrl Pts',(3.36574893743971,1.9807541991505,2.63218193779891));
#3798=CARTESIAN_POINT('Ctrl Pts',(2.82446852237322,2.90496101693266,0.919547431788239));
#3799=CARTESIAN_POINT('Ctrl Pts',(2.98295967826022,2.58198629725348,1.48555129177699));
#3800=CARTESIAN_POINT('Ctrl Pts',(3.14145083414723,2.25901157757431,2.05155515176574));
#3801=CARTESIAN_POINT('Ctrl Pts',(3.29994199003424,1.93603685789513,2.61755901175449));
#3802=CARTESIAN_POINT('Ctrl Pts',(2.72572731500587,2.8378640850752,0.897606201723683));
#3803=CARTESIAN_POINT('Ctrl Pts',(2.89519655754684,2.52234922893005,1.46604949638581));
#3804=CARTESIAN_POINT('Ctrl Pts',(3.0646658000878,2.2068343727849,2.03449279104794));
#3805=CARTESIAN_POINT('Ctrl Pts',(3.23413504262876,1.89131951663976,2.60293608571007));
#3806=CARTESIAN_POINT('',(3.23381675679206,1.89191209561485,2.60186847339861));
#3807=CARTESIAN_POINT('Ctrl Pts',(3.23381675679206,1.89191209561485,2.60186847339861));
#3808=CARTESIAN_POINT('Ctrl Pts',(3.19070250091313,1.97247628127861,2.45688884861381));
#3809=CARTESIAN_POINT('Ctrl Pts',(3.14758824502698,2.0530404669369,2.31190922382811));
#3810=CARTESIAN_POINT('Ctrl Pts',(2.97867959798245,2.36866664015886,1.74392279417973));
#3811=CARTESIAN_POINT('Ctrl Pts',(2.85288520678087,2.60372862768974,1.32091598931167));
#3812=CARTESIAN_POINT('Ctrl Pts',(2.72709081555892,2.83879061520516,0.897909184441084));
#3813=CARTESIAN_POINT('Ctrl Pts',(3.23381675679189,1.89191209561473,2.60186847339857));
#3814=CARTESIAN_POINT('Ctrl Pts',(3.30147506963839,1.93761306837646,2.61724099361057));
#3815=CARTESIAN_POINT('Ctrl Pts',(3.36765075524145,1.98231028328043,2.63227947330685));
#3816=CARTESIAN_POINT('Ctrl Pts',(3.43155564062735,2.02547214479202,2.64680386016846));
#3817=CARTESIAN_POINT('Ctrl Pts',(3.05025122986711,4.04394008823585,1.6967597279036));
#3818=CARTESIAN_POINT('Ctrl Pts',(3.18365333199168,3.5942875259109,2.1764015609572));
#3819=CARTESIAN_POINT('Ctrl Pts',(3.31705543411624,3.14463496358594,2.65604339401079));
#3820=CARTESIAN_POINT('Ctrl Pts',(3.45045753624081,2.69498240126099,3.13568522706438));
#3821=CARTESIAN_POINT('Ctrl Pts',(2.98206398320965,4.09650808858939,1.76893194616511));
#3822=CARTESIAN_POINT('Ctrl Pts',(3.12304791204575,3.64101037592622,2.24054881685495));
#3823=CARTESIAN_POINT('Ctrl Pts',(3.26403192782423,3.18551273872352,2.71216572028964));
#3824=CARTESIAN_POINT('Ctrl Pts',(3.40501585666032,2.73001502606035,3.18378259097948));
#3825=CARTESIAN_POINT('Ctrl Pts',(2.91090662692822,4.14661672036582,1.84008930244655));
#3826=CARTESIAN_POINT('Ctrl Pts',(3.05980266326977,3.68554734368526,2.30379406563092));
#3827=CARTESIAN_POINT('Ctrl Pts',(3.20869878570538,3.22447804306255,2.76749886240849));
#3828=CARTESIAN_POINT('Ctrl Pts',(3.35759482204693,2.76340866638198,3.23120362559287));
#3829=CARTESIAN_POINT('Ctrl Pts',(2.8369581539761,4.19413993767959,1.91005280379461));
#3830=CARTESIAN_POINT('Ctrl Pts',(2.99407667523842,3.72778639915579,2.36597821771045));
#3831=CARTESIAN_POINT('Ctrl Pts',(3.15119519650074,3.26143286063198,2.82190363162629));
#3832=CARTESIAN_POINT('Ctrl Pts',(3.30831371776306,2.79507932210818,3.27782904554213));
#3833=CARTESIAN_POINT('',(3.30831371776306,2.79507932210818,3.27782904554213));
#3834=CARTESIAN_POINT('Ctrl Pts',(2.83747057664459,4.19261898316227,1.91153974827036));
#3835=CARTESIAN_POINT('Ctrl Pts',(2.99441829035075,3.72677242947758,2.36696951402762));
#3836=CARTESIAN_POINT('Ctrl Pts',(3.1513660040569,3.26092587579288,2.82239927978487));
#3837=CARTESIAN_POINT('Ctrl Pts',(3.30831371776306,2.79507932210818,3.27782904554213));
#3838=CARTESIAN_POINT('',(3.45045753624081,2.69498240126099,3.13568522706438));
#3839=CARTESIAN_POINT('Ctrl Pts',(3.30831371776306,2.79507932210818,3.27782904554213));
#3840=CARTESIAN_POINT('Ctrl Pts',(3.332738238949,2.77991234925329,3.25384455178441));
#3841=CARTESIAN_POINT('Ctrl Pts',(3.35681082610009,2.76397677934121,3.22999151266984));
#3842=CARTESIAN_POINT('Ctrl Pts',(3.38051026744469,2.74728775406218,3.20629207029794));
#3843=CARTESIAN_POINT('Ctrl Pts',(3.40420959797561,2.73059880681758,3.18259273873974));
#3844=CARTESIAN_POINT('Ctrl Pts',(3.4275327116853,2.71315857630123,3.15905007699063));
#3845=CARTESIAN_POINT('Ctrl Pts',(3.45045753624081,2.69498240126099,3.13568522706438));
#3846=CARTESIAN_POINT('Ctrl Pts',(3.05068630436121,4.04247360189148,1.69832402055374));
#3847=CARTESIAN_POINT('Ctrl Pts',(3.18394338165441,3.59330986834799,2.17744442272395));
#3848=CARTESIAN_POINT('Ctrl Pts',(3.31720045894761,3.14414613480449,2.65656482489417));
#3849=CARTESIAN_POINT('Ctrl Pts',(3.45045753624081,2.69498240126099,3.13568522706438));
#3850=CARTESIAN_POINT('Ctrl Pts',(3.05068630436122,-4.04247360189148,1.69832402055374));
#3851=CARTESIAN_POINT('Ctrl Pts',(3.18455172280435,-3.5912593597542,2.1796316885888));
#3852=CARTESIAN_POINT('Ctrl Pts',(3.31841714124748,-3.14004511761692,2.66093935662386));
#3853=CARTESIAN_POINT('Ctrl Pts',(3.45228255969061,-2.68883087547963,3.14224702465893));
#3854=CARTESIAN_POINT('Ctrl Pts',(2.97927650515339,-3.8573489090682,1.56359751622913));
#3855=CARTESIAN_POINT('Ctrl Pts',(3.12105279312505,-3.42680882075391,2.0599755433856));
#3856=CARTESIAN_POINT('Ctrl Pts',(3.26300840486041,-2.99623621044785,2.5562563443972));
#3857=CARTESIAN_POINT('Ctrl Pts',(3.40478469283207,-2.56569612213356,3.05263437155367));
#3858=CARTESIAN_POINT('Ctrl Pts',(2.83620450285397,-3.61980168902013,1.41044112375362));
#3859=CARTESIAN_POINT('Ctrl Pts',(2.99403702560942,-3.21576030002483,1.92386699915352));
#3860=CARTESIAN_POINT('Ctrl Pts',(3.15178855119253,-2.81173417887437,2.43733729613591));
#3861=CARTESIAN_POINT('Ctrl Pts',(3.30962107394799,-2.40769278987908,2.95076317153581));
#3862=CARTESIAN_POINT('Ctrl Pts',(2.68992936146712,-3.46405374305074,1.33013977923999));
#3863=CARTESIAN_POINT('Ctrl Pts',(2.86404686590523,-3.0774048110001,1.85255198058663));
#3864=CARTESIAN_POINT('Ctrl Pts',(3.0382093988585,-2.69074676320962,2.37493893693068));
#3865=CARTESIAN_POINT('Ctrl Pts',(3.21232690329661,-2.30409783115898,2.89735113827732));
#3866=CARTESIAN_POINT('Ctrl Pts',(2.65618796807725,-3.43758847987767,1.31990127765745));
#3867=CARTESIAN_POINT('Ctrl Pts',(2.83408391002331,-3.05389103547678,1.84344936842636));
#3868=CARTESIAN_POINT('Ctrl Pts',(3.01198804415107,-2.67019203958224,2.3669929599519));
#3869=CARTESIAN_POINT('Ctrl Pts',(3.18988398609712,-2.28649459518135,2.89054105072081));
#3870=CARTESIAN_POINT('Ctrl Pts',(2.65403428486427,-3.43597400783175,1.31931324579001));
#3871=CARTESIAN_POINT('Ctrl Pts',(2.83217334810889,-3.0524562509757,1.8429254719592));
#3872=CARTESIAN_POINT('Ctrl Pts',(3.01031241135351,-2.66893849411965,2.36653769812839));
#3873=CARTESIAN_POINT('Ctrl Pts',(3.18845147459813,-2.28542073726361,2.89014992429757));
#3874=CARTESIAN_POINT('',(3.18844826408222,-2.28542764922238,2.89014048748257));
#3875=CARTESIAN_POINT('Ctrl Pts',(2.65767239612333,-3.42814147383357,1.33000691118103));
#3876=CARTESIAN_POINT('Ctrl Pts',(2.83459768544296,-3.04723686562984,1.85005143661488));
#3877=CARTESIAN_POINT('Ctrl Pts',(3.01152297476259,-2.66633225742611,2.37009596204872));
#3878=CARTESIAN_POINT('Ctrl Pts',(3.18844826408222,-2.28542764922238,2.89014048748257));
#3879=CARTESIAN_POINT('',(3.45045753624082,-2.69498240126098,3.13568522706437));
#3880=CARTESIAN_POINT('Ctrl Pts',(3.18844826408222,-2.28542764922238,2.89014048748257));
#3881=CARTESIAN_POINT('Ctrl Pts',(3.18872398210008,-2.28563310102193,2.89021690324753));
#3882=CARTESIAN_POINT('Ctrl Pts',(3.18985868741875,-2.28649188242233,2.89054167235709));
#3883=CARTESIAN_POINT('Ctrl Pts',(3.19404284151717,-2.28987991399004,2.89191097861459));
#3884=CARTESIAN_POINT('Ctrl Pts',(3.19642774491566,-2.29190249836673,2.89276243175453));
#3885=CARTESIAN_POINT('Ctrl Pts',(3.20642481040136,-2.30061620550114,2.8965143708662));
#3886=CARTESIAN_POINT('Ctrl Pts',(3.21425908767407,-2.30809338262255,2.89995829956473));
#3887=CARTESIAN_POINT('Ctrl Pts',(3.24180271210163,-2.33581693359605,2.91318747643501));
#3888=CARTESIAN_POINT('Ctrl Pts',(3.26536529727853,-2.36264822673975,2.92692171954954));
#3889=CARTESIAN_POINT('Ctrl Pts',(3.33755402711669,-2.45946461774075,2.98073655709422));
#3890=CARTESIAN_POINT('Ctrl Pts',(3.3987381716518,-2.55808515848292,3.0389157072278));
#3891=CARTESIAN_POINT('Ctrl Pts',(3.45045753624081,-2.69498240126099,3.13568522706438));
#3892=CARTESIAN_POINT('Ctrl Pts',(3.05068630436122,-4.04247360189148,1.69832402055373));
#3893=CARTESIAN_POINT('Ctrl Pts',(3.18394338165442,-3.59330986834798,2.17744442272394));
#3894=CARTESIAN_POINT('Ctrl Pts',(3.31720045894762,-3.14414613480448,2.65656482489416));
#3895=CARTESIAN_POINT('Ctrl Pts',(3.45045753624082,-2.69498240126098,3.13568522706437));
#3896=CARTESIAN_POINT('Ctrl Pts',(2.8374705766446,4.19261898316227,1.91153974827035));
#3897=CARTESIAN_POINT('Ctrl Pts',(2.99513478327237,3.72464576098147,2.36904862812078));
#3898=CARTESIAN_POINT('Ctrl Pts',(3.15279898990014,3.25667253880068,2.8265575079712));
#3899=CARTESIAN_POINT('Ctrl Pts',(3.31046319652791,2.78869931661989,3.28406638782163));
#3900=CARTESIAN_POINT('Ctrl Pts',(2.61086121531759,4.11678499640929,1.93201280606493));
#3901=CARTESIAN_POINT('Ctrl Pts',(2.79383939613892,3.65723075432107,2.38718894037173));
#3902=CARTESIAN_POINT('Ctrl Pts',(2.976756944873,3.19781296587488,2.84250780438461));
#3903=CARTESIAN_POINT('Ctrl Pts',(3.15973512569433,2.73825872378665,3.29768393869142));
#3904=CARTESIAN_POINT('Ctrl Pts',(2.32566465859709,3.97932082305335,1.92098069786661));
#3905=CARTESIAN_POINT('Ctrl Pts',(2.54044644719988,3.5351760639863,2.37745730741917));
#3906=CARTESIAN_POINT('Ctrl Pts',(2.75525628948886,3.09096988303532,2.83386937815474));
#3907=CARTESIAN_POINT('Ctrl Pts',(2.97003807809165,2.64682512396827,3.2903459877073));
#3908=CARTESIAN_POINT('Ctrl Pts',(2.14436935535852,3.84823412870134,1.87569972529697));
#3909=CARTESIAN_POINT('Ctrl Pts',(2.37940186101911,3.41868917682323,2.33719692542114));
#3910=CARTESIAN_POINT('Ctrl Pts',(2.6144179182039,2.98917842393964,2.79873037764225));
#3911=CARTESIAN_POINT('Ctrl Pts',(2.84945042386449,2.55963347206154,3.26022757776641));
#3912=CARTESIAN_POINT('Ctrl Pts',(2.11452726276948,3.81902306722636,1.86156198296523));
#3913=CARTESIAN_POINT('Ctrl Pts',(2.35288616185795,3.39274793003456,2.32464711659171));
#3914=CARTESIAN_POINT('Ctrl Pts',(2.59124220778733,2.96647901941935,2.78773879631564));
#3915=CARTESIAN_POINT('Ctrl Pts',(2.82960110687581,2.54020388222755,3.25082392994212));
#3916=CARTESIAN_POINT('Ctrl Pts',(2.11271714333009,3.81716665939863,1.8606303873242));
#3917=CARTESIAN_POINT('Ctrl Pts',(2.35127713391459,3.39110080691505,2.3238216861535));
#3918=CARTESIAN_POINT('Ctrl Pts',(2.58983712449909,2.96503495443147,2.78701298498281));
#3919=CARTESIAN_POINT('Ctrl Pts',(2.82839711508359,2.53896910194789,3.25020428381212));
#3920=CARTESIAN_POINT('',(2.82839281562994,2.53897678073083,3.25019593593485));
#3921=CARTESIAN_POINT('Ctrl Pts',(2.11758922344491,3.80846517109624,1.87009008385945));
#3922=CARTESIAN_POINT('Ctrl Pts',(2.35452375417325,3.38530237430777,2.33012536788459));
#3923=CARTESIAN_POINT('Ctrl Pts',(2.5914582849016,2.9621395775193,2.79016065190972));
#3924=CARTESIAN_POINT('Ctrl Pts',(2.82839281562994,2.53897678073083,3.25019593593485));
#3925=CARTESIAN_POINT('Ctrl Pts',(2.82839281562994,2.53897678073083,3.25019593593485));
#3926=CARTESIAN_POINT('Ctrl Pts',(2.82862476233952,2.53921305605281,3.25031612300808));
#3927=CARTESIAN_POINT('Ctrl Pts',(2.82959504782959,2.54018762102189,3.25080531194624));
#3928=CARTESIAN_POINT('Ctrl Pts',(2.83343542555337,2.54381773808398,3.25251839457842));
#3929=CARTESIAN_POINT('Ctrl Pts',(2.83573285947767,2.54590191799917,3.2534573171926));
#3930=CARTESIAN_POINT('Ctrl Pts',(2.84564259727216,2.55467712082908,3.25729658399538));
#3931=CARTESIAN_POINT('Ctrl Pts',(2.85417805907495,2.56166052753427,3.2600393281638));
#3932=CARTESIAN_POINT('Ctrl Pts',(2.88589520818149,2.58644510462964,3.26909498035511));
#3933=CARTESIAN_POINT('Ctrl Pts',(2.91672262578609,2.60816054142254,3.27556439104193));
#3934=CARTESIAN_POINT('Ctrl Pts',(3.02881991913062,2.67687353429338,3.28947066508023));
#3935=CARTESIAN_POINT('Ctrl Pts',(3.14324604295169,2.73800135643966,3.29440783592788));
#3936=CARTESIAN_POINT('Ctrl Pts',(3.30831371776307,2.79507932210818,3.27782904554212));
#3937=CARTESIAN_POINT('Ctrl Pts',(2.65690693720612,-3.42900891659111,1.32847389181914));
#3938=CARTESIAN_POINT('Ctrl Pts',(2.83402765668551,-3.04777034328219,1.84901314556084));
#3939=CARTESIAN_POINT('Ctrl Pts',(3.0111483761649,-2.66653176997328,2.36955239930254));
#3940=CARTESIAN_POINT('Ctrl Pts',(3.18826909564429,-2.28529319666437,2.89009165304424));
#3941=CARTESIAN_POINT('Ctrl Pts',(2.5614408494261,-3.35841427325322,1.30325754216726));
#3942=CARTESIAN_POINT('Ctrl Pts',(2.74917552646289,-2.98502444042998,1.8266003596789));
#3943=CARTESIAN_POINT('Ctrl Pts',(2.93691020349967,-2.61163460760675,2.34994317719053));
#3944=CARTESIAN_POINT('Ctrl Pts',(3.12464488053646,-2.23824477478351,2.87328599470217));
#3945=CARTESIAN_POINT('Ctrl Pts',(2.46597476164607,-3.28781962991533,1.27804119251538));
#3946=CARTESIAN_POINT('Ctrl Pts',(2.66432339624026,-2.92227853757777,1.80418757379695));
#3947=CARTESIAN_POINT('Ctrl Pts',(2.86267203083445,-2.55673744524021,2.33033395507852));
#3948=CARTESIAN_POINT('Ctrl Pts',(3.06102066542864,-2.19119635290265,2.85648033636009));
#3949=CARTESIAN_POINT('Ctrl Pts',(2.37050867386605,-3.21722498657745,1.25282484286351));
#3950=CARTESIAN_POINT('Ctrl Pts',(2.57947126601764,-2.85953263472556,1.78177478791501));
#3951=CARTESIAN_POINT('Ctrl Pts',(2.78843385816922,-2.50184028287367,2.31072473296652));
#3952=CARTESIAN_POINT('Ctrl Pts',(2.99739645032081,-2.14414793102178,2.83967467801802));
#3953=CARTESIAN_POINT('',(2.99700399070694,-2.14481972495835,2.83868123948373));
#3954=CARTESIAN_POINT('Ctrl Pts',(2.99700399070694,-2.14481972495835,2.83868123948373));
#3955=CARTESIAN_POINT('Ctrl Pts',(2.94094869895266,-2.24106227734834,2.69651971057381));
#3956=CARTESIAN_POINT('Ctrl Pts',(2.88489340719044,-2.33730482973168,2.55435818166252));
#3957=CARTESIAN_POINT('Ctrl Pts',(2.67650105993384,-2.6950981934404,2.02585545222326));
#3958=CARTESIAN_POINT('Ctrl Pts',(2.52416400440101,-2.95664900473356,1.63951425168863));
#3959=CARTESIAN_POINT('Ctrl Pts',(2.37182694884927,-3.21819981601086,1.25317305115073));
#3960=CARTESIAN_POINT('Ctrl Pts',(2.99700399070678,-2.14481972495823,2.83868123948369));
#3961=CARTESIAN_POINT('Ctrl Pts',(3.0624469096099,-2.1928866598227,2.85626915363824));
#3962=CARTESIAN_POINT('Ctrl Pts',(3.12645598826899,-2.2398977340466,2.87347424027839));
#3963=CARTESIAN_POINT('Ctrl Pts',(3.18826877883142,-2.28529387857943,2.89009072196439));
#3964=CARTESIAN_POINT('Ctrl Pts',(2.116698188593,3.809421043759,1.86868264043226));
#3965=CARTESIAN_POINT('Ctrl Pts',(2.3538795313078,3.38588809905631,2.32916127093854));
#3966=CARTESIAN_POINT('Ctrl Pts',(2.59106087402261,2.96235515435361,2.78963990144483));
#3967=CARTESIAN_POINT('Ctrl Pts',(2.82824221673742,2.53882220965092,3.25011853195111));
#3968=CARTESIAN_POINT('Ctrl Pts',(2.03768904770912,3.72723750595851,1.82700934388424));
#3969=CARTESIAN_POINT('Ctrl Pts',(2.2836546580889,3.31284175963082,2.29212122805288));
#3970=CARTESIAN_POINT('Ctrl Pts',(2.52962026846869,2.89844601330313,2.75723311222152));
#3971=CARTESIAN_POINT('Ctrl Pts',(2.77558587884847,2.48405026697543,3.22234499639016));
#3972=CARTESIAN_POINT('Ctrl Pts',(1.95867990682524,3.64505396815802,1.78533604733622));
#3973=CARTESIAN_POINT('Ctrl Pts',(2.21342978487,3.23979542020533,2.25508118516721));
#3974=CARTESIAN_POINT('Ctrl Pts',(2.46817966291477,2.83453687225264,2.72482632299821));
#3975=CARTESIAN_POINT('Ctrl Pts',(2.72292954095953,2.42927832429994,3.1945714608292));
#3976=CARTESIAN_POINT('Ctrl Pts',(1.87967076594137,3.56287043035753,1.74366275078819));
#3977=CARTESIAN_POINT('Ctrl Pts',(2.1432049116511,3.16674908077984,2.21804114228154));
#3978=CARTESIAN_POINT('Ctrl Pts',(2.40673905736084,2.77062773120215,2.6924195337749));
#3979=CARTESIAN_POINT('Ctrl Pts',(2.67027320307058,2.37450638162446,3.16679792526825));
#3980=CARTESIAN_POINT('',(2.66977825080178,2.37525035034343,3.1659069793889));
#3981=CARTESIAN_POINT('Ctrl Pts',(2.66977825080178,2.37525035034343,3.1659069793889));
#3982=CARTESIAN_POINT('Ctrl Pts',(2.60264559617381,2.47639434251759,3.04494575335312));
#3983=CARTESIAN_POINT('Ctrl Pts',(2.53551294154024,2.57753833468503,2.92398452731485));
#3984=CARTESIAN_POINT('Ctrl Pts',(2.27250745454592,2.97378998088988,2.45009493761626));
#3985=CARTESIAN_POINT('Ctrl Pts',(2.07663462215161,3.26889763488705,2.09716657394093));
#3986=CARTESIAN_POINT('Ctrl Pts',(1.88076178974149,3.56400528886524,1.74423821025851));
#3987=CARTESIAN_POINT('Ctrl Pts',(2.66977825080164,2.37525035034328,3.16590697938882));
#3988=CARTESIAN_POINT('Ctrl Pts',(2.72399749873039,2.43122093460506,3.19471856451839));
#3989=CARTESIAN_POINT('Ctrl Pts',(2.77702929649192,2.48596215164418,3.22290093205618));
#3990=CARTESIAN_POINT('Ctrl Pts',(2.82824179249512,2.53882296721721,3.25011770830069));
#3991=CARTESIAN_POINT('Ctrl Pts',(1.91214426982143,4.56626511551016,2.83486668794929));
#3992=CARTESIAN_POINT('Ctrl Pts',(2.17209441658027,4.05853434684293,3.1879604763686));
#3993=CARTESIAN_POINT('Ctrl Pts',(2.43204456333911,3.55080357817571,3.54105426478792));
#3994=CARTESIAN_POINT('Ctrl Pts',(2.69199471009795,3.04307280950848,3.89414805320724));
#3995=CARTESIAN_POINT('Ctrl Pts',(1.83526832160036,4.57943039510576,2.9157276077744));
#3996=CARTESIAN_POINT('Ctrl Pts',(2.1037664135803,4.07023572858483,3.25983031532039));
#3997=CARTESIAN_POINT('Ctrl Pts',(2.37226457139736,3.56104114627271,3.60393307671651));
#3998=CARTESIAN_POINT('Ctrl Pts',(2.6407626633773,3.05184647975178,3.9480357842625));
#3999=CARTESIAN_POINT('Ctrl Pts',(1.75611649284634,4.58980294031989,2.99487943652843));
#4000=CARTESIAN_POINT('Ctrl Pts',(2.03341561132701,4.07945493284971,3.33018111757368));
#4001=CARTESIAN_POINT('Ctrl Pts',(2.31071479470117,3.56910700971201,3.6654828534127));
#4002=CARTESIAN_POINT('Ctrl Pts',(2.58801391318185,3.05875900224183,4.00078453445795));
#4003=CARTESIAN_POINT('Ctrl Pts',(1.67488788622881,4.59735665950723,3.0721230715419));
#4004=CARTESIAN_POINT('Ctrl Pts',(1.96121897298246,4.08616876929026,3.39883591996641));
#4005=CARTESIAN_POINT('Ctrl Pts',(2.24755005973612,3.57498087907329,3.72554876839091));
#4006=CARTESIAN_POINT('Ctrl Pts',(2.53388114648978,3.06379298885632,4.05226161681541));
#4007=CARTESIAN_POINT('',(2.53388114648978,3.06379298885632,4.05226161681541));
#4008=CARTESIAN_POINT('Ctrl Pts',(1.67582171973466,4.59568948328448,3.07318860518029));
#4009=CARTESIAN_POINT('Ctrl Pts',(1.96184152865303,4.08505731847509,3.39954627572533));
#4010=CARTESIAN_POINT('Ctrl Pts',(2.2478613375714,3.5744251536657,3.72590394627037));
#4011=CARTESIAN_POINT('Ctrl Pts',(2.53388114648978,3.06379298885632,4.05226161681541));
#4012=CARTESIAN_POINT('',(2.69199471009795,3.04307280950848,3.89414805320724));
#4013=CARTESIAN_POINT('Ctrl Pts',(2.53388114648978,3.06379298885632,4.05226161681541));
#4014=CARTESIAN_POINT('Ctrl Pts',(2.56054538867518,3.06201563390955,4.02603740205823));
#4015=CARTESIAN_POINT('Ctrl Pts',(2.58707034559539,3.05939810847227,3.99973199317454));
#4016=CARTESIAN_POINT('Ctrl Pts',(2.61343240153454,3.05594345759198,3.97336993620809));
#4017=CARTESIAN_POINT('Ctrl Pts',(2.63979433421021,3.05248882286491,3.94700800250514));
#4018=CARTESIAN_POINT('Ctrl Pts',(2.66598994750592,3.04819751869112,3.92059284117001));
#4019=CARTESIAN_POINT('Ctrl Pts',(2.69199471009795,3.04307280950848,3.89414805320724));
#4020=CARTESIAN_POINT('Ctrl Pts',(1.91299206514693,4.56460921426273,2.83601825976803));
#4021=CARTESIAN_POINT('Ctrl Pts',(2.17265961346394,4.05743041267798,3.18872819091443));
#4022=CARTESIAN_POINT('Ctrl Pts',(2.43232716178094,3.55025161109323,3.54143812206083));
#4023=CARTESIAN_POINT('Ctrl Pts',(2.69199471009795,3.04307280950848,3.89414805320724));
#4024=CARTESIAN_POINT('Ctrl Pts',(1.91299206514693,-4.56460921426273,2.83601825976803));
#4025=CARTESIAN_POINT('Ctrl Pts',(2.17384503984543,-4.05511505546285,3.19033837154772));
#4026=CARTESIAN_POINT('Ctrl Pts',(2.43469801454392,-3.54562089666297,3.54465848332742));
#4027=CARTESIAN_POINT('Ctrl Pts',(2.69555098924242,-3.03612673786309,3.89897859510711));
#4028=CARTESIAN_POINT('Ctrl Pts',(1.88673203894444,-4.40815897245688,2.65614198243808));
#4029=CARTESIAN_POINT('Ctrl Pts',(2.15045668327368,-3.9161140934882,3.03057165323697));
#4030=CARTESIAN_POINT('Ctrl Pts',(2.41435962126876,-3.42410952958722,3.40490512798886));
#4031=CARTESIAN_POINT('Ctrl Pts',(2.67808426559799,-2.93206465061854,3.77933479878775));
#4032=CARTESIAN_POINT('Ctrl Pts',(1.80399576804065,-4.18922824799108,2.44264892950128));
#4033=CARTESIAN_POINT('Ctrl Pts',(2.0770413946752,-3.72163937604885,2.84086170102209));
#4034=CARTESIAN_POINT('Ctrl Pts',(2.35000702672879,-3.2540328582083,3.23911820263633));
#4035=CARTESIAN_POINT('Ctrl Pts',(2.62305265336333,-2.78644398626607,3.63733097415714));
#4036=CARTESIAN_POINT('Ctrl Pts',(1.69973332198791,-4.02714586955462,2.32033561044725));
#4037=CARTESIAN_POINT('Ctrl Pts',(1.98437483218769,-3.57763932329256,2.73222380603222));
#4038=CARTESIAN_POINT('Ctrl Pts',(2.26906150437593,-3.1281422580827,3.14408669288222));
#4039=CARTESIAN_POINT('Ctrl Pts',(2.55370301457571,-2.67863571182064,3.55597488846719));
#4040=CARTESIAN_POINT('Ctrl Pts',(1.67354620057519,-3.99646434379084,2.30254304515951));
#4041=CARTESIAN_POINT('Ctrl Pts',(1.96112300811868,-3.55038498085149,2.71641027033098));
#4042=CARTESIAN_POINT('Ctrl Pts',(2.24870797564006,-3.10430741303973,3.1302730284629));
#4043=CARTESIAN_POINT('Ctrl Pts',(2.53628478318355,-2.65822805010038,3.54414025363437));
#4044=CARTESIAN_POINT('Ctrl Pts',(1.67185777481333,-3.9945589690497,2.30148975584096));
#4045=CARTESIAN_POINT('Ctrl Pts',(1.95962576165075,-3.54869287927509,2.71547305841735));
#4046=CARTESIAN_POINT('Ctrl Pts',(2.24739374848817,-3.10282678950048,3.12945636099373));
#4047=CARTESIAN_POINT('Ctrl Pts',(2.53516173532559,-2.65696069972586,3.54343966357011));
#4048=CARTESIAN_POINT('',(2.53515654901955,-2.65696873535909,3.54343220254525));
#4049=CARTESIAN_POINT('Ctrl Pts',(1.67773482352932,-3.98545310303864,2.30994448377505));
#4050=CARTESIAN_POINT('Ctrl Pts',(1.96354206535939,-3.54262498047879,2.72110705669845));
#4051=CARTESIAN_POINT('Ctrl Pts',(2.24934930718947,-3.09979685791894,3.13226962962185));
#4052=CARTESIAN_POINT('Ctrl Pts',(2.53515654901955,-2.65696873535909,3.54343220254525));
#4053=CARTESIAN_POINT('',(2.69199471009796,-3.04307280950848,3.89414805320723));
#4054=CARTESIAN_POINT('Ctrl Pts',(2.53515654901955,-2.65696873535909,3.54343220254525));
#4055=CARTESIAN_POINT('Ctrl Pts',(2.53537305794438,-2.65721122251296,3.54356782740319));
#4056=CARTESIAN_POINT('Ctrl Pts',(2.53626105261317,-2.65821889953519,3.54413930716262));
#4057=CARTESIAN_POINT('Ctrl Pts',(2.53948473981748,-2.66209715957305,3.54646908031429));
#4058=CARTESIAN_POINT('Ctrl Pts',(2.54130122624113,-2.66437486239836,3.54788895042909));
#4059=CARTESIAN_POINT('Ctrl Pts',(2.54886163373801,-2.67409538511349,3.55407754752953));
#4060=CARTESIAN_POINT('Ctrl Pts',(2.55463773234114,-2.68218910010771,3.55957965489762));
#4061=CARTESIAN_POINT('Ctrl Pts',(2.57461644046559,-2.71169697289836,3.58037374807108));
#4062=CARTESIAN_POINT('Ctrl Pts',(2.59099349284701,-2.73922692526087,3.60129352398111));
#4063=CARTESIAN_POINT('Ctrl Pts',(2.63783141523544,-2.83419888270628,3.68045916897544));
#4064=CARTESIAN_POINT('Ctrl Pts',(2.67372282045411,-2.92692738324473,3.76393105842548));
#4065=CARTESIAN_POINT('Ctrl Pts',(2.69199471009795,-3.04307280950848,3.89414805320724));
#4066=CARTESIAN_POINT('Ctrl Pts',(1.91299206514694,-4.56460921426272,2.83601825976802));
#4067=CARTESIAN_POINT('Ctrl Pts',(2.17265961346394,-4.05743041267798,3.18872819091442));
#4068=CARTESIAN_POINT('Ctrl Pts',(2.43232716178095,-3.55025161109323,3.54143812206083));
#4069=CARTESIAN_POINT('Ctrl Pts',(2.69199471009796,-3.04307280950848,3.89414805320723));
#4070=CARTESIAN_POINT('Ctrl Pts',(1.67582171973467,4.59568948328448,3.07318860518028));
#4071=CARTESIAN_POINT('Ctrl Pts',(1.96314725757188,4.08272619607136,3.40103615382127));
#4072=CARTESIAN_POINT('Ctrl Pts',(2.25047279540908,3.56976290885825,3.72888370246226));
#4073=CARTESIAN_POINT('Ctrl Pts',(2.53779833324629,3.05679962164514,4.05673125110325));
#4074=CARTESIAN_POINT('Ctrl Pts',(1.47692558385196,4.46186254508939,3.06594843753056));
#4075=CARTESIAN_POINT('Ctrl Pts',(1.78648112097434,3.96381170245336,3.39454721553631));
#4076=CARTESIAN_POINT('Ctrl Pts',(2.09594803706232,3.46583615303829,3.72331671219529));
#4077=CARTESIAN_POINT('Ctrl Pts',(2.40550357418471,2.96778531040226,4.05191549020104));
#4078=CARTESIAN_POINT('Ctrl Pts',(1.23609999459403,4.26364878052991,3.01054464855099));
#4079=CARTESIAN_POINT('Ctrl Pts',(1.57249309187079,3.7877584642145,3.34540994942958));
#4080=CARTESIAN_POINT('Ctrl Pts',(1.90892655395066,3.31183474349133,3.68019863923264));
#4081=CARTESIAN_POINT('Ctrl Pts',(2.24531965122741,2.83594442717591,4.01506394011123));
#4082=CARTESIAN_POINT('Ctrl Pts',(1.09288086186237,4.10667155989009,2.92718805822686));
#4083=CARTESIAN_POINT('Ctrl Pts',(1.44528112529974,3.64828548749865,3.27131750057424));
#4084=CARTESIAN_POINT('Ctrl Pts',(1.79765790584292,3.18991789501607,3.6154902832034));
#4085=CARTESIAN_POINT('Ctrl Pts',(2.15005816928029,2.73153182262463,3.95961972555078));
#4086=CARTESIAN_POINT('Ctrl Pts',(1.07103034515559,4.07542174819888,2.90505890057911));
#4087=CARTESIAN_POINT('Ctrl Pts',(1.42586307506318,3.62052875319795,3.25167020338648));
#4088=CARTESIAN_POINT('Ctrl Pts',(1.78069167867259,3.16563916339421,3.59828932543038));
#4089=CARTESIAN_POINT('Ctrl Pts',(2.13552440858019,2.71074616839328,3.94490062823774));
#4090=CARTESIAN_POINT('Ctrl Pts',(1.06972408228446,4.07346629246877,2.90362344836983));
#4091=CARTESIAN_POINT('Ctrl Pts',(1.4247012396685,3.6187926972799,3.25039758039959));
#4092=CARTESIAN_POINT('Ctrl Pts',(1.77967839705254,3.16411910209104,3.59717171242936));
#4093=CARTESIAN_POINT('Ctrl Pts',(2.13465555443659,2.70944550690218,3.94394584445912));
#4094=CARTESIAN_POINT('',(2.13464915685151,2.70945370126891,3.94393959471328));
#4095=CARTESIAN_POINT('Ctrl Pts',(1.07697373527727,4.06418055190336,2.9107055720271));
#4096=CARTESIAN_POINT('Ctrl Pts',(1.42953220913535,3.61260493502521,3.25511691292249));
#4097=CARTESIAN_POINT('Ctrl Pts',(1.78209068299343,3.16102931814706,3.59952825381789));
#4098=CARTESIAN_POINT('Ctrl Pts',(2.13464915685151,2.70945370126891,3.94393959471328));
#4099=CARTESIAN_POINT('Ctrl Pts',(2.13464915685151,2.70945370126891,3.94393959471328));
#4100=CARTESIAN_POINT('Ctrl Pts',(2.13481697679639,2.7097025689279,3.94412390855123));
#4101=CARTESIAN_POINT('Ctrl Pts',(2.1355220791994,2.7107342132839,3.94487828057647));
#4102=CARTESIAN_POINT('Ctrl Pts',(2.1383633670263,2.71466258530135,3.94759045310547));
#4103=CARTESIAN_POINT('Ctrl Pts',(2.14008255684974,2.71695303847494,3.94910761982046));
#4104=CARTESIAN_POINT('Ctrl Pts',(2.14754582545874,2.72668629087078,3.95539335580881));
#4105=CARTESIAN_POINT('Ctrl Pts',(2.15410188611713,2.73467779481302,3.96011550112164));
#4106=CARTESIAN_POINT('Ctrl Pts',(2.17872301110404,2.76357729658344,3.97626717743259));
#4107=CARTESIAN_POINT('Ctrl Pts',(2.20318109406746,2.79004826071525,3.98910592276059));
#4108=CARTESIAN_POINT('Ctrl Pts',(2.29441127538106,2.87920278197372,4.0238793088298));
#4109=CARTESIAN_POINT('Ctrl Pts',(2.38952635397931,2.96417024603903,4.04812752490026));
#4110=CARTESIAN_POINT('Ctrl Pts',(2.53388114648978,3.06379298885632,4.0522616168154));
#4111=CARTESIAN_POINT('Ctrl Pts',(1.67672187230651,-3.98645803222182,2.30865895671875));
#4112=CARTESIAN_POINT('Ctrl Pts',(1.9628199566195,-3.54324204482481,2.72022084562685));
#4113=CARTESIAN_POINT('Ctrl Pts',(2.2489180409325,-3.10002605742779,3.13178273453494));
#4114=CARTESIAN_POINT('Ctrl Pts',(2.53501612524549,-2.65681007003078,3.54334462344304));
#4115=CARTESIAN_POINT('Ctrl Pts',(1.60166013242584,-3.90268614532164,2.26303825916752));
#4116=CARTESIAN_POINT('Ctrl Pts',(1.89610361079241,-3.4687839495834,2.67967227534937));
#4117=CARTESIAN_POINT('Ctrl Pts',(2.19054708915899,-3.03488175384516,3.09630629153122));
#4118=CARTESIAN_POINT('Ctrl Pts',(2.48499056752556,-2.60097955810692,3.51294030771307));
#4119=CARTESIAN_POINT('Ctrl Pts',(1.52659839254517,-3.81891425842145,2.21741756161629));
#4120=CARTESIAN_POINT('Ctrl Pts',(1.82938726496532,-3.39432585434199,2.63912370507189));
#4121=CARTESIAN_POINT('Ctrl Pts',(2.13217613738548,-2.96973745026253,3.0608298485275));
#4122=CARTESIAN_POINT('Ctrl Pts',(2.43496500980563,-2.54514904618307,3.4825359919831));
#4123=CARTESIAN_POINT('Ctrl Pts',(1.4515366526645,-3.73514237152126,2.17179686406506));
#4124=CARTESIAN_POINT('Ctrl Pts',(1.76267091913823,-3.31986775910058,2.59857513479442));
#4125=CARTESIAN_POINT('Ctrl Pts',(2.07380518561197,-2.9045931466799,3.02535340552377));
#4126=CARTESIAN_POINT('Ctrl Pts',(2.3849394520857,-2.48931853425922,3.45213167625313));
#4127=CARTESIAN_POINT('',(2.38435510044243,-2.49009847535998,3.45133012974824));
#4128=CARTESIAN_POINT('Ctrl Pts',(2.38435510044243,-2.49009847535998,3.45133012974824));
#4129=CARTESIAN_POINT('Ctrl Pts',(2.30507539236911,-2.59613018007924,3.34251595715782));
#4130=CARTESIAN_POINT('Ctrl Pts',(2.22579568429055,-2.70216188479164,3.23370178456453));
#4131=CARTESIAN_POINT('Ctrl Pts',(1.91520170665885,-3.11756211412715,2.80740068550333));
#4132=CARTESIAN_POINT('Ctrl Pts',(1.68388743707431,-3.42693063870915,2.48991375901823));
#4133=CARTESIAN_POINT('Ctrl Pts',(1.45257316747497,-3.73629916327177,2.17242683252503));
#4134=CARTESIAN_POINT('Ctrl Pts',(2.3843551004423,-2.49009847535983,3.45133012974816));
#4135=CARTESIAN_POINT('Ctrl Pts',(2.43590420212516,-2.54714346893148,3.48281186112415));
#4136=CARTESIAN_POINT('Ctrl Pts',(2.48632465511111,-2.60293543483552,3.51360557343758));
#4137=CARTESIAN_POINT('Ctrl Pts',(2.53501561350664,-2.6568108628038,3.54334388728917));
#4138=CARTESIAN_POINT('Ctrl Pts',(1.07582109976322,4.06520378618006,2.90955972926204));
#4139=CARTESIAN_POINT('Ctrl Pts',(1.42872757063835,3.61323281458107,3.254313231608));
#4140=CARTESIAN_POINT('Ctrl Pts',(1.78163404151348,3.16126184298208,3.59906673395396));
#4141=CARTESIAN_POINT('Ctrl Pts',(2.1345405123886,2.7092908713831,3.94382023629992));
#4142=CARTESIAN_POINT('Ctrl Pts',(1.01906523169411,3.97903298461121,2.84563315989925));
#4143=CARTESIAN_POINT('Ctrl Pts',(1.37828184252393,3.53664251695668,3.19749404361785));
#4144=CARTESIAN_POINT('Ctrl Pts',(1.73749845335375,3.09425204930216,3.54935492733645));
#4145=CARTESIAN_POINT('Ctrl Pts',(2.09671506418357,2.65186158164763,3.90121581105506));
#4146=CARTESIAN_POINT('Ctrl Pts',(0.962309363625006,3.89286218304235,2.78170659053645));
#4147=CARTESIAN_POINT('Ctrl Pts',(1.32783611440952,3.46005221933229,3.1406748556277));
#4148=CARTESIAN_POINT('Ctrl Pts',(1.69336286519403,3.02724225562223,3.49964312071894));
#4149=CARTESIAN_POINT('Ctrl Pts',(2.05888961597854,2.59443229191216,3.85861138581019));
#4150=CARTESIAN_POINT('Ctrl Pts',(0.9055534955559,3.8066913814735,2.71778002117366));
#4151=CARTESIAN_POINT('Ctrl Pts',(1.2773903862951,3.3834619217079,3.08385566763754));
#4152=CARTESIAN_POINT('Ctrl Pts',(1.64922727703431,2.9602324619423,3.44993131410143));
#4153=CARTESIAN_POINT('Ctrl Pts',(2.02106416777351,2.5370030021767,3.81600696056532));
#4154=CARTESIAN_POINT('',(2.02036580850691,2.53779788354158,3.81531942168377));
#4155=CARTESIAN_POINT('Ctrl Pts',(2.02036580850691,2.53779788354158,3.81531942168377));
#4156=CARTESIAN_POINT('Ctrl Pts',(1.92557983170839,2.64586162562481,3.72201151781854));
#4157=CARTESIAN_POINT('Ctrl Pts',(1.83079385490609,2.75392536770099,3.62870361394899));
#4158=CARTESIAN_POINT('Ctrl Pts',(1.45945099465229,3.17728650636259,3.26315139750988));
#4159=CARTESIAN_POINT('Ctrl Pts',(1.18289411117814,3.49258390290577,2.9909070849144));
#4160=CARTESIAN_POINT('Ctrl Pts',(0.906337227693311,3.80788129942901,2.71866277230669));
#4161=CARTESIAN_POINT('Ctrl Pts',(2.02036580850681,2.53779788354143,3.81531942168365));
#4162=CARTESIAN_POINT('Ctrl Pts',(2.05943026869315,2.59647894175518,3.85928579455578));
#4163=CARTESIAN_POINT('Ctrl Pts',(2.0976401519896,2.65387105623678,3.90229007655867));
#4164=CARTESIAN_POINT('Ctrl Pts',(2.13453988115071,2.70929167981601,3.9438196196451));
#4165=CARTESIAN_POINT('Ctrl Pts',(0.717470294276018,4.47189073638634,4.0295406634947));
#4166=CARTESIAN_POINT('Ctrl Pts',(1.11025826813563,3.97465361511867,4.24979662481325));
#4167=CARTESIAN_POINT('Ctrl Pts',(1.50304624199523,3.47741649385099,4.4700525861318));
#4168=CARTESIAN_POINT('Ctrl Pts',(1.89583421585484,2.98017937258332,4.69030854745035));
#4169=CARTESIAN_POINT('Ctrl Pts',(0.642557263531246,4.44387525126329,4.10843866584352));
#4170=CARTESIAN_POINT('Ctrl Pts',(1.04367492979095,3.94975319214329,4.31992179910974));
#4171=CARTESIAN_POINT('Ctrl Pts',(1.44479263997304,3.4556312146076,4.53140500814083));
#4172=CARTESIAN_POINT('Ctrl Pts',(1.84591030623274,2.9615091554876,4.74288814140706));
#4173=CARTESIAN_POINT('Ctrl Pts',(0.566100855373282,4.41311084020768,4.18489507400148));
#4174=CARTESIAN_POINT('Ctrl Pts',(0.975719839731905,3.92240952829267,4.38787688916879));
#4175=CARTESIAN_POINT('Ctrl Pts',(1.38533886710142,3.43170829759519,4.59085878101246));
#4176=CARTESIAN_POINT('Ctrl Pts',(1.79495785146004,2.94100698568019,4.79384059617976));
#4177=CARTESIAN_POINT('Ctrl Pts',(0.488293392268978,4.37967488963575,4.25871756550174));
#4178=CARTESIAN_POINT('Ctrl Pts',(0.906563934852327,3.89269140488929,4.45349095809655));
#4179=CARTESIAN_POINT('Ctrl Pts',(1.32483447743567,3.40570792014284,4.64826435069136));
#4180=CARTESIAN_POINT('Ctrl Pts',(1.74310502001902,2.91872443539639,4.84303774328616));
#4181=CARTESIAN_POINT('',(1.74310502001902,2.91872443539639,4.84303774328616));
#4182=CARTESIAN_POINT('Ctrl Pts',(0.489657530028535,4.37808665309458,4.25935279488642));
#4183=CARTESIAN_POINT('Ctrl Pts',(0.907473360025365,3.89163258052852,4.453914444353));
#4184=CARTESIAN_POINT('Ctrl Pts',(1.32528919002219,3.40517850796245,4.64847609381958));
#4185=CARTESIAN_POINT('Ctrl Pts',(1.74310502001902,2.91872443539639,4.84303774328616));
#4186=CARTESIAN_POINT('',(1.89583421585484,2.98017937258332,4.69030854745035));
#4187=CARTESIAN_POINT('Ctrl Pts',(1.74310502001902,2.91872443539639,4.84303774328616));
#4188=CARTESIAN_POINT('Ctrl Pts',(1.76843754361628,2.93057673999197,4.81814524711713));
#4189=CARTESIAN_POINT('Ctrl Pts',(1.79384735348309,2.94163077034401,4.79295498528683));
#4190=CARTESIAN_POINT('Ctrl Pts',(1.81931168221571,2.95187706360671,4.76749065552692));
#4191=CARTESIAN_POINT('Ctrl Pts',(1.84477589188239,2.96212330895987,4.74202644483295));
#4192=CARTESIAN_POINT('Ctrl Pts',(1.870291316444,2.97156049553624,4.71629147223193));
#4193=CARTESIAN_POINT('Ctrl Pts',(1.89583421585484,2.98017937258332,4.69030854745035));
#4194=CARTESIAN_POINT('Ctrl Pts',(0.718751323782262,4.47026905887497,4.03025900113269));
#4195=CARTESIAN_POINT('Ctrl Pts',(1.11111228780645,3.97357249677775,4.25027551657191));
#4196=CARTESIAN_POINT('Ctrl Pts',(1.50347325183065,3.47687593468053,4.47029203201113));
#4197=CARTESIAN_POINT('Ctrl Pts',(1.89583421585484,2.98017937258332,4.69030854745034));
#4198=CARTESIAN_POINT('Ctrl Pts',(0.71875132378226,-4.47026905887497,4.03025900113269));
#4199=CARTESIAN_POINT('Ctrl Pts',(1.11290348212718,-3.97130499276302,4.25127992926597));
#4200=CARTESIAN_POINT('Ctrl Pts',(1.50705564047209,-3.47234092665106,4.47230085739925));
#4201=CARTESIAN_POINT('Ctrl Pts',(1.90120779881701,-2.9733768605391,4.69332178553253));
#4202=CARTESIAN_POINT('Ctrl Pts',(0.727267707619221,-4.36362274016316,3.8156063137633));
#4203=CARTESIAN_POINT('Ctrl Pts',(1.12041637193726,-3.87652645795961,4.06061196457339));
#4204=CARTESIAN_POINT('Ctrl Pts',(1.51372376414492,-3.38953788310993,4.30554098511269));
#4205=CARTESIAN_POINT('Ctrl Pts',(1.90687242846296,-2.90244160090639,4.55054663592278));
#4206=CARTESIAN_POINT('Ctrl Pts',(0.696039779351394,-4.19287618114454,3.55060508392019));
#4207=CARTESIAN_POINT('Ctrl Pts',(1.09275076811101,-3.72489029441055,3.82515249331592));
#4208=CARTESIAN_POINT('Ctrl Pts',(1.48939034112041,-3.25685627729127,4.09973499847895));
#4209=CARTESIAN_POINT('Ctrl Pts',(1.88610132988003,-2.78887039055727,4.37428240787468));
#4210=CARTESIAN_POINT('Ctrl Pts',(0.632569379484087,-4.04634955370607,3.38749959046242));
#4211=CARTESIAN_POINT('Ctrl Pts',(1.03632758042529,-3.59469374310704,3.68027109530597));
#4212=CARTESIAN_POINT('Ctrl Pts',(1.44012611340596,-3.14306475582934,3.97302210880268));
#4213=CARTESIAN_POINT('Ctrl Pts',(1.84388431434716,-2.69140894523031,4.26579361364623));
#4214=CARTESIAN_POINT('Ctrl Pts',(0.614502784425085,-4.01559555290164,3.36158646130962));
#4215=CARTESIAN_POINT('Ctrl Pts',(1.02028856791602,-3.56737976119987,3.65724471053364));
#4216=CARTESIAN_POINT('Ctrl Pts',(1.42608162650669,-3.119168868805,3.95289937759627));
#4217=CARTESIAN_POINT('Ctrl Pts',(1.83186740999763,-2.67095307710323,4.2485576268203));
#4218=CARTESIAN_POINT('Ctrl Pts',(0.613322505462371,-4.01365660688213,3.36002502519192));
#4219=CARTESIAN_POINT('Ctrl Pts',(1.01924245477947,-3.56565887024231,3.65585636528862));
#4220=CARTESIAN_POINT('Ctrl Pts',(1.42516240409657,-3.11766113360248,3.95168770538533));
#4221=CARTESIAN_POINT('Ctrl Pts',(1.83108235341368,-2.66966339696266,4.24751904548203));
#4222=CARTESIAN_POINT('',(1.8310750377108,-2.66967147101355,4.24751371385399));
#4223=CARTESIAN_POINT('Ctrl Pts',(0.621612556566207,-4.00450720652032,3.36606675073816));
#4224=CARTESIAN_POINT('Ctrl Pts',(1.02476671694774,-3.5595619613514,3.6598824051101));
#4225=CARTESIAN_POINT('Ctrl Pts',(1.42792087732927,-3.11461671618247,3.95369805948204));
#4226=CARTESIAN_POINT('Ctrl Pts',(1.8310750377108,-2.66967147101355,4.24751371385399));
#4227=CARTESIAN_POINT('',(1.89583421585485,-2.98017937258332,4.69030854745034));
#4228=CARTESIAN_POINT('Ctrl Pts',(1.8310750377108,-2.66967147101355,4.24751371385399));
#4229=CARTESIAN_POINT('Ctrl Pts',(1.83122687562196,-2.66991824428797,4.24771400972564));
#4230=CARTESIAN_POINT('Ctrl Pts',(1.83184678609467,-2.67093872456649,4.24855357368116));
#4231=CARTESIAN_POINT('Ctrl Pts',(1.83404964238174,-2.67478343256612,4.25190417775004));
#4232=CARTESIAN_POINT('Ctrl Pts',(1.83527092921542,-2.6770086374523,4.25391924745483));
#4233=CARTESIAN_POINT('Ctrl Pts',(1.84030204342575,-2.68642316529222,4.26263713784179));
#4234=CARTESIAN_POINT('Ctrl Pts',(1.84400146134205,-2.69404031710046,4.2702159258967));
#4235=CARTESIAN_POINT('Ctrl Pts',(1.85647031429784,-2.72134730997896,4.29851987423867));
#4236=CARTESIAN_POINT('Ctrl Pts',(1.8659685938761,-2.74585784894497,4.32631842295181));
#4237=CARTESIAN_POINT('Ctrl Pts',(1.88963872785088,-2.82615888372415,4.42865185635994));
#4238=CARTESIAN_POINT('Ctrl Pts',(1.90345039777711,-2.90047184623482,4.53420348110243));
#4239=CARTESIAN_POINT('Ctrl Pts',(1.89583421585484,-2.98017937258332,4.69030854745035));
#4240=CARTESIAN_POINT('Ctrl Pts',(0.71875132378227,-4.47026905887498,4.03025900113268));
#4241=CARTESIAN_POINT('Ctrl Pts',(1.11111228780646,-3.97357249677776,4.2502755165719));
#4242=CARTESIAN_POINT('Ctrl Pts',(1.50347325183065,-3.47687593468054,4.47029203201112));
#4243=CARTESIAN_POINT('Ctrl Pts',(1.89583421585485,-2.98017937258332,4.69030854745034));
#4244=CARTESIAN_POINT('Ctrl Pts',(0.489657530028545,4.37808665309459,4.25935279488641));
#4245=CARTESIAN_POINT('Ctrl Pts',(0.909380760124818,3.88941183521498,4.45480265126833));
#4246=CARTESIAN_POINT('Ctrl Pts',(1.32910399022109,3.40073701733538,4.65025250765025));
#4247=CARTESIAN_POINT('Ctrl Pts',(1.74882722031737,2.91206219945577,4.84570236403217));
#4248=CARTESIAN_POINT('Ctrl Pts',(0.331416719846243,4.2043408330213,4.21145730153628));
#4249=CARTESIAN_POINT('Ctrl Pts',(0.768835560871458,3.73505791593046,4.4121927756392));
#4250=CARTESIAN_POINT('Ctrl Pts',(1.20615530454603,3.26577896287278,4.61310944471158));
#4251=CARTESIAN_POINT('Ctrl Pts',(1.64357414557125,2.79649604578194,4.81384491881449));
#4252=CARTESIAN_POINT('Ctrl Pts',(0.147482254440037,3.97214854114037,4.09916277167039));
#4253=CARTESIAN_POINT('Ctrl Pts',(0.605383491706069,3.52878429179427,4.31251993255971));
#4254=CARTESIAN_POINT('Ctrl Pts',(1.06332982870721,3.08541876626669,4.52579561920358));
#4255=CARTESIAN_POINT('Ctrl Pts',(1.52123106597324,2.64205451692059,4.7391527800929));
#4256=CARTESIAN_POINT('Ctrl Pts',(0.0463823326237691,3.81048053760927,3.97368667402868));
#4257=CARTESIAN_POINT('Ctrl Pts',(0.515591843728721,3.38516092378587,4.20100686870848));
#4258=CARTESIAN_POINT('Ctrl Pts',(0.984775453085224,2.95984147567156,4.42837279353818));
#4259=CARTESIAN_POINT('Ctrl Pts',(1.45398496419018,2.53452186184816,4.65569298821798));
#4260=CARTESIAN_POINT('Ctrl Pts',(0.0325048838236771,3.78141213938566,3.94358436191103));
#4261=CARTESIAN_POINT('Ctrl Pts',(0.503256269907197,3.35933710619957,4.17427700854247));
#4262=CARTESIAN_POINT('Ctrl Pts',(0.974003063208771,2.93726219694053,4.4049779408942));
#4263=CARTESIAN_POINT('Ctrl Pts',(1.44475444929229,2.51518716375444,4.63567058752564));
#4264=CARTESIAN_POINT('Ctrl Pts',(0.0316937536528083,3.77962173088506,3.94165377700148));
#4265=CARTESIAN_POINT('Ctrl Pts',(0.502534145822081,3.35774658145454,4.17256467424601));
#4266=CARTESIAN_POINT('Ctrl Pts',(0.973374537991354,2.93587143202402,4.40347557149055));
#4267=CARTESIAN_POINT('Ctrl Pts',(1.44421493016063,2.51399628259349,4.63438646873508));
#4268=CARTESIAN_POINT('',(1.44420644442738,2.51400388584938,4.63438230713741));
#4269=CARTESIAN_POINT('Ctrl Pts',(0.041309666641071,3.77100582877407,3.94636964066329));
#4270=CARTESIAN_POINT('Ctrl Pts',(0.508941925903174,3.3520051811325,4.17570719615467));
#4271=CARTESIAN_POINT('Ctrl Pts',(0.976574185165278,2.93300453349094,4.40504475164604));
#4272=CARTESIAN_POINT('Ctrl Pts',(1.44420644442738,2.51400388584938,4.63438230713741));
#4273=CARTESIAN_POINT('Ctrl Pts',(1.44420644442738,2.51400388584938,4.63438230713741));
#4274=CARTESIAN_POINT('Ctrl Pts',(1.44431125140335,2.51423173488894,4.63462963394421));
#4275=CARTESIAN_POINT('Ctrl Pts',(1.44475449778702,2.51518112934502,4.63564586198874));
#4276=CARTESIAN_POINT('Ctrl Pts',(1.4465879768489,2.51887720790911,4.63936584328288));
#4277=CARTESIAN_POINT('Ctrl Pts',(1.4477152804014,2.52106459594821,4.64147489626882));
#4278=CARTESIAN_POINT('Ctrl Pts',(1.45265256367218,2.53044136824007,4.65028661759538));
#4279=CARTESIAN_POINT('Ctrl Pts',(1.45710538297142,2.5383616725295,4.65711200426738));
#4280=CARTESIAN_POINT('Ctrl Pts',(1.47405856085138,2.56747306112314,4.68093162768517));
#4281=CARTESIAN_POINT('Ctrl Pts',(1.49136268120728,2.59512450220715,4.70092433562068));
#4282=CARTESIAN_POINT('Ctrl Pts',(1.55791334897219,2.69267973973513,4.76037723523866));
#4283=CARTESIAN_POINT('Ctrl Pts',(1.62893190111201,2.79001151887647,4.80872197776755));
#4284=CARTESIAN_POINT('Ctrl Pts',(1.74310502001903,2.91872443539639,4.84303774328616));
#4285=CARTESIAN_POINT('Ctrl Pts',(0.62033370659945,-4.00551390087446,3.36504712242581));
#4286=CARTESIAN_POINT('Ctrl Pts',(1.0238814467608,-3.56017927443188,3.65915935548555));
#4287=CARTESIAN_POINT('Ctrl Pts',(1.42742918692215,-3.1148446479893,3.95327158854529));
#4288=CARTESIAN_POINT('Ctrl Pts',(1.83097692708351,-2.66951002154671,4.24738382160502));
#4289=CARTESIAN_POINT('Ctrl Pts',(0.567664402570652,-3.91987862793389,3.29703398902271));
#4290=CARTESIAN_POINT('Ctrl Pts',(0.977067936873559,-3.48406496515017,3.59870794926823));
#4291=CARTESIAN_POINT('Ctrl Pts',(1.38647147117647,-3.04825130236645,3.90038190951374));
#4292=CARTESIAN_POINT('Ctrl Pts',(1.79587500547937,-2.61243763958273,4.20205586975926));
#4293=CARTESIAN_POINT('Ctrl Pts',(0.514995098541855,-3.83424335499332,3.22902085561961));
#4294=CARTESIAN_POINT('Ctrl Pts',(0.930254426986316,-3.40795065586847,3.5382565430509));
#4295=CARTESIAN_POINT('Ctrl Pts',(1.34551375543078,-2.98165795674361,3.8474922304822));
#4296=CARTESIAN_POINT('Ctrl Pts',(1.76077308387524,-2.55536525761875,4.15672791791349));
#4297=CARTESIAN_POINT('Ctrl Pts',(0.462325794513057,-3.74860808205275,3.1610077222165));
#4298=CARTESIAN_POINT('Ctrl Pts',(0.883440917099073,-3.33183634658676,3.47780513683358));
#4299=CARTESIAN_POINT('Ctrl Pts',(1.30455603968509,-2.91506461112077,3.79460255145065));
#4300=CARTESIAN_POINT('Ctrl Pts',(1.7256711622711,-2.49829287565477,4.11139996606773));
#4301=CARTESIAN_POINT('',(1.72488025191364,-2.49907562855226,4.11080497827703));
#4302=CARTESIAN_POINT('Ctrl Pts',(1.72488025191364,-2.49907562855226,4.11080497827703));
#4303=CARTESIAN_POINT('Ctrl Pts',(1.61751898525602,-2.60549142687098,4.03007236427091));
#4304=CARTESIAN_POINT('Ctrl Pts',(1.51015771859499,-2.7119072251827,3.94933975026009));
#4305=CARTESIAN_POINT('Ctrl Pts',(1.08954866663349,-3.128812217359,3.63305372552869));
#4306=CARTESIAN_POINT('Ctrl Pts',(0.776300881312596,-3.43930141118161,3.39750031477995));
#4307=CARTESIAN_POINT('Ctrl Pts',(0.463053095982082,-3.74979060498444,3.16194690401792));
#4308=CARTESIAN_POINT('Ctrl Pts',(1.72488025191355,-2.49907562855211,4.11080497827691));
#4309=CARTESIAN_POINT('Ctrl Pts',(1.76118043159648,-2.55739443835086,4.15753563165237));
#4310=CARTESIAN_POINT('Ctrl Pts',(1.79668690886749,-2.61443228178562,4.20324331968069));
#4311=CARTESIAN_POINT('Ctrl Pts',(1.83097620526442,-2.66951081810931,4.24738329553139));
#4312=CARTESIAN_POINT('Ctrl Pts',(0.039895889164076,3.77195823120569,3.94548493986118));
#4313=CARTESIAN_POINT('Ctrl Pts',(0.507976936411018,3.35259041688246,4.17506386583533));
#4314=CARTESIAN_POINT('Ctrl Pts',(0.976057983657961,2.93322260255924,4.40464279180948));
#4315=CARTESIAN_POINT('Ctrl Pts',(1.4441390309049,2.51385478823602,4.63422171778363));
#4316=CARTESIAN_POINT('Ctrl Pts',(0.00490907243777373,3.69343801010924,
3.85978931915558));
#4317=CARTESIAN_POINT('Ctrl Pts',(0.476879967864702,3.28280010515484,4.09889591827708));
#4318=CARTESIAN_POINT('Ctrl Pts',(0.948850863291629,2.87216220020043,4.33800251739858));
#4319=CARTESIAN_POINT('Ctrl Pts',(1.42082175871856,2.46152429524603,4.57710911652007));
#4320=CARTESIAN_POINT('Ctrl Pts',(-0.0300777442885287,3.6149177890128,3.77409369844999));
#4321=CARTESIAN_POINT('Ctrl Pts',(0.445782999318384,3.21300979342721,4.02272797071883));
#4322=CARTESIAN_POINT('Ctrl Pts',(0.921643742925299,2.81110179784162,4.27136224298768));
#4323=CARTESIAN_POINT('Ctrl Pts',(1.39750448653221,2.40919380225603,4.51999651525652));
#4324=CARTESIAN_POINT('Ctrl Pts',(-0.065064561014831,3.53639756791635,3.68839807774439));
#4325=CARTESIAN_POINT('Ctrl Pts',(0.414686030772068,3.14321948169958,3.94656002316058));
#4326=CARTESIAN_POINT('Ctrl Pts',(0.894436622558967,2.75004139548281,4.20472196857677));
#4327=CARTESIAN_POINT('Ctrl Pts',(1.37418721434587,2.35686330926604,4.46288391399297));
#4328=CARTESIAN_POINT('',(1.37328617875795,2.35760175014392,4.46239905143273));
#4329=CARTESIAN_POINT('Ctrl Pts',(1.37328617875795,2.35760175014392,4.46239905143273));
#4330=CARTESIAN_POINT('Ctrl Pts',(1.25094669075884,2.45799063496602,4.39664465876809));
#4331=CARTESIAN_POINT('Ctrl Pts',(1.12860720275774,2.55837951978167,4.33089026609734));
#4332=CARTESIAN_POINT('Ctrl Pts',(0.649317998511584,2.95167288319873,4.0732843936506));
#4333=CARTESIAN_POINT('Ctrl Pts',(0.292368282254558,3.24457736176156,3.88143291383798));
#4334=CARTESIAN_POINT('Ctrl Pts',(-0.0645814340081087,3.53748184030621,
3.68958143400811));
#4335=CARTESIAN_POINT('Ctrl Pts',(1.37328617875789,2.35760175014378,4.46239905143258));
#4336=CARTESIAN_POINT('Ctrl Pts',(1.39752686643692,2.41106808023439,4.52118919681157));
#4337=CARTESIAN_POINT('Ctrl Pts',(1.42123859032424,2.46335996907701,4.57869163822353));
#4338=CARTESIAN_POINT('Ctrl Pts',(1.44413819365617,2.51385553835221,4.63422130713964));
#4339=CARTESIAN_POINT('Ctrl Pts',(-0.372423356454687,3.77356273371156,5.1194343142254));
#4340=CARTESIAN_POINT('Ctrl Pts',(0.14155174234241,3.35397388835663,5.21850315060646));
#4341=CARTESIAN_POINT('Ctrl Pts',(0.655526841139507,2.93438504300171,5.31757198698752));
#4342=CARTESIAN_POINT('Ctrl Pts',(1.1695019399366,2.51479619764679,5.41664082336858));
#4343=CARTESIAN_POINT('Ctrl Pts',(-0.434986953565343,3.70815013037488,5.18598288294011));
#4344=CARTESIAN_POINT('Ctrl Pts',(0.0859446897331221,3.29583460076483,5.27765203916757));
#4345=CARTESIAN_POINT('Ctrl Pts',(0.606876357189507,2.88351913909614,5.36932129092436));
#4346=CARTESIAN_POINT('Ctrl Pts',(1.12780800048797,2.47120360948609,5.46099044715183));
#4347=CARTESIAN_POINT('Ctrl Pts',(-0.498422079545927,3.64040366723408,5.24941800892069));
#4348=CARTESIAN_POINT('Ctrl Pts',(0.0295630233329585,3.2356209821182,5.33403370556773));
#4349=CARTESIAN_POINT('Ctrl Pts',(0.557548149613494,2.83083836413602,5.41864949850038));
#4350=CARTESIAN_POINT('Ctrl Pts',(1.08553325249238,2.42605567902015,5.50326519514742));
#4351=CARTESIAN_POINT('Ctrl Pts',(-0.562569166347044,3.57049375730261,5.30958012411776));
#4352=CARTESIAN_POINT('Ctrl Pts',(-0.0274514322072084,3.17348449611033,
5.38750632515608));
#4353=CARTESIAN_POINT('Ctrl Pts',(0.507666301932627,2.77647523491805,5.4654325261944));
#4354=CARTESIAN_POINT('Ctrl Pts',(1.04278403607246,2.37946597372576,5.54335872723272));
#4355=CARTESIAN_POINT('',(1.04278403607246,2.37946597372576,5.54335872723273));
#4356=CARTESIAN_POINT('Ctrl Pts',(-0.560823945891306,3.56919896058864,5.30983427080626));
#4357=CARTESIAN_POINT('Ctrl Pts',(-0.0262879519033835,3.17262129830102,
5.38767575628175));
#4358=CARTESIAN_POINT('Ctrl Pts',(0.50824804208454,2.77604363601339,5.46551724175724));
#4359=CARTESIAN_POINT('Ctrl Pts',(1.04278403607246,2.37946597372576,5.54335872723272));
#4360=CARTESIAN_POINT('',(1.1695019399366,2.51479619764679,5.41664082336858));
#4361=CARTESIAN_POINT('Ctrl Pts',(1.04278403607246,2.37946597372576,5.54335872723272));
#4362=CARTESIAN_POINT('Ctrl Pts',(1.06339325746865,2.40334721845218,5.52318953326475));
#4363=CARTESIAN_POINT('Ctrl Pts',(1.08427101024841,2.426579896542,5.50253132852151));
#4364=CARTESIAN_POINT('Ctrl Pts',(1.10539851300702,2.44914331526589,5.48140382473561));
#4365=CARTESIAN_POINT('Ctrl Pts',(1.1265259169778,2.47170662848792,5.46027641973754));
#4366=CARTESIAN_POINT('Ctrl Pts',(1.14790032774277,2.49359776147406,5.43868246093317));
#4367=CARTESIAN_POINT('Ctrl Pts',(1.1695019399366,2.51479619764679,5.41664082336858));
#4368=CARTESIAN_POINT('Ctrl Pts',(-0.370747090095095,3.77219429647019,5.11975741501005));
#4369=CARTESIAN_POINT('Ctrl Pts',(0.142669253248805,3.35306159686239,5.21871855112956));
#4370=CARTESIAN_POINT('Ctrl Pts',(0.656085596592705,2.93392889725459,5.31767968724907));
#4371=CARTESIAN_POINT('Ctrl Pts',(1.1695019399366,2.51479619764679,5.41664082336858));
#4372=CARTESIAN_POINT('Ctrl Pts',(-0.370747090095096,-3.77219429647019,
5.11975741501005));
#4373=CARTESIAN_POINT('Ctrl Pts',(0.145013085899564,-3.35114818502991,5.21917032549358));
#4374=CARTESIAN_POINT('Ctrl Pts',(0.660773261894224,-2.93010207358964,5.31858323597712));
#4375=CARTESIAN_POINT('Ctrl Pts',(1.17653343788888,-2.50905596214936,5.41799614646065));
#4376=CARTESIAN_POINT('Ctrl Pts',(-0.342524406063155,-3.72975507714208,
4.88539842744567));
#4377=CARTESIAN_POINT('Ctrl Pts',(0.170044510812177,-3.31339244370894,5.01098382569848));
#4378=CARTESIAN_POINT('Ctrl Pts',(0.682736696589042,-2.89719036344086,5.13652805266857));
#4379=CARTESIAN_POINT('Ctrl Pts',(1.19530561346437,-2.48082773000771,5.26211345092137));
#4380=CARTESIAN_POINT('Ctrl Pts',(-0.338029323338919,-3.63025445582442,
4.58467500614221));
#4381=CARTESIAN_POINT('Ctrl Pts',(0.174097593383349,-3.22507564150141,4.74380648757529));
#4382=CARTESIAN_POINT('Ctrl Pts',(0.686168578286686,-2.81982420918742,4.90295730642004));
#4383=CARTESIAN_POINT('Ctrl Pts',(1.19829549500896,-2.41464539486441,5.06208878785312));
#4384=CARTESIAN_POINT('Ctrl Pts',(-0.367436435804963,-3.51907170995001,
4.38750558895136));
#4385=CARTESIAN_POINT('Ctrl Pts',(0.147943771724411,-3.12626525494665,4.56865508720674));
#4386=CARTESIAN_POINT('Ctrl Pts',(0.663355295320227,-2.73349920864635,4.74979304874288));
#4387=CARTESIAN_POINT('Ctrl Pts',(1.1787355028496,-2.34069275364299,4.93094254699826));
#4388=CARTESIAN_POINT('Ctrl Pts',(-0.377912598659849,-3.49239833140998,
4.35400184439455));
#4389=CARTESIAN_POINT('Ctrl Pts',(0.138645493908291,-3.10258013726456,4.53888778454137));
#4390=CARTESIAN_POINT('Ctrl Pts',(0.65520924353138,-2.7127692849268,4.72377176057159));
#4391=CARTESIAN_POINT('Ctrl Pts',(1.17176733609952,-2.32295109078137,4.9086577007184));
#4392=CARTESIAN_POINT('Ctrl Pts',(-0.378610469516332,-3.4906876795161,4.35195800017062));
#4393=CARTESIAN_POINT('Ctrl Pts',(0.13802740393182,-3.10106287278543,4.53707141613627));
#4394=CARTESIAN_POINT('Ctrl Pts',(0.654665277379973,-2.71143806605476,4.72218483210193));
#4395=CARTESIAN_POINT('Ctrl Pts',(1.17130315082812,-2.32181325932409,4.90729824806758));
#4396=CARTESIAN_POINT('',(1.17129383970858,-2.32182028134733,4.90729491185621));
#4397=CARTESIAN_POINT('Ctrl Pts',(-0.368059240437131,-3.48273042202099,
4.3557385477415));
#4398=CARTESIAN_POINT('Ctrl Pts',(0.145058452944773,-3.09576037512977,4.53959066911307));
#4399=CARTESIAN_POINT('Ctrl Pts',(0.658176146326677,-2.70879032823855,4.72344279048464));
#4400=CARTESIAN_POINT('Ctrl Pts',(1.17129383970858,-2.32182028134733,4.90729491185622));
#4401=CARTESIAN_POINT('',(1.16950193993661,-2.5147961976468,5.41664082336858));
#4402=CARTESIAN_POINT('Ctrl Pts',(1.17129383970858,-2.32182028134733,4.90729491185622));
#4403=CARTESIAN_POINT('Ctrl Pts',(1.17138427886406,-2.32203801264416,4.90755660648353));
#4404=CARTESIAN_POINT('Ctrl Pts',(1.17175093785071,-2.32293347466265,4.90864942192512));
#4405=CARTESIAN_POINT('Ctrl Pts',(1.17301046806946,-2.32622538150447,4.9129433520623));
#4406=CARTESIAN_POINT('Ctrl Pts',(1.17369015770077,-2.32809756220131,4.91550001896941));
#4407=CARTESIAN_POINT('Ctrl Pts',(1.17644093840048,-2.33593461101359,4.92649824286707));
#4408=CARTESIAN_POINT('Ctrl Pts',(1.17832564084673,-2.34204646107608,4.93589174639204));
#4409=CARTESIAN_POINT('Ctrl Pts',(1.18435394732254,-2.36346461334112,4.97063624121414));
#4410=CARTESIAN_POINT('Ctrl Pts',(1.18820923047361,-2.38164545480572,5.00407778635453));
#4411=CARTESIAN_POINT('Ctrl Pts',(1.19402353327311,-2.43643046720817,5.1242670509378));
#4412=CARTESIAN_POINT('Ctrl Pts',(1.19195046253016,-2.48229151432162,5.24570341634944));
#4413=CARTESIAN_POINT('Ctrl Pts',(1.1695019399366,-2.51479619764679,5.41664082336858));
#4414=CARTESIAN_POINT('Ctrl Pts',(-0.370747090095087,-3.7721942964702,5.11975741501004));
#4415=CARTESIAN_POINT('Ctrl Pts',(0.142669253248812,-3.3530615968624,5.21871855112955));
#4416=CARTESIAN_POINT('Ctrl Pts',(0.656085596592711,-2.9339288972546,5.31767968724906));
#4417=CARTESIAN_POINT('Ctrl Pts',(1.16950193993661,-2.5147961976468,5.41664082336858));
#4418=CARTESIAN_POINT('Ctrl Pts',(-0.560823945891299,3.56919896058865,5.30983427080625));
#4419=CARTESIAN_POINT('Ctrl Pts',(-0.0238477044668509,3.17081085403784,
5.38803111586));
#4420=CARTESIAN_POINT('Ctrl Pts',(0.513128536957597,2.77242274748703,5.46622796091374));
#4421=CARTESIAN_POINT('Ctrl Pts',(1.05010477838205,2.37403464093622,5.54442480596749));
#4422=CARTESIAN_POINT('Ctrl Pts',(-0.670958057131841,3.37899959439688,5.21383207851436));
#4423=CARTESIAN_POINT('Ctrl Pts',(-0.121658612309131,3.00186386119076,5.30268694881978));
#4424=CARTESIAN_POINT('Ctrl Pts',(0.427550186362204,2.62466022746536,5.39171456289541));
#4425=CARTESIAN_POINT('Ctrl Pts',(0.976849631184914,2.24752449425924,5.48056943320083));
#4426=CARTESIAN_POINT('Ctrl Pts',(-0.793163502729779,3.14418713716301,5.03980870709346));
#4427=CARTESIAN_POINT('Ctrl Pts',(-0.230267641764561,2.79322775342653,5.1481712442836));
#4428=CARTESIAN_POINT('Ctrl Pts',(0.332669436013599,2.44229955939875,5.25645613046144));
#4429=CARTESIAN_POINT('Ctrl Pts',(0.895565296978815,2.09134017566227,5.36481866765158));
#4430=CARTESIAN_POINT('Ctrl Pts',(-0.853790423911274,2.99966287458162,4.8738594705718));
#4431=CARTESIAN_POINT('Ctrl Pts',(-0.284105911407837,2.66485148995044,5.00070466385311));
#4432=CARTESIAN_POINT('Ctrl Pts',(0.285555094412294,2.33002197782618,5.12759317882228));
#4433=CARTESIAN_POINT('Ctrl Pts',(0.855239606915731,1.995210593195,5.25443837210359));
#4434=CARTESIAN_POINT('Ctrl Pts',(-0.860790503005144,2.9767018676204,4.83687974873985));
#4435=CARTESIAN_POINT('Ctrl Pts',(-0.290331092232897,2.64444836827943,4.96786437068256));
#4436=CARTESIAN_POINT('Ctrl Pts',(0.280124128930185,2.31219169485834,5.09885687517278));
#4437=CARTESIAN_POINT('Ctrl Pts',(0.850583539702431,1.97993819551737,5.2298414971155));
#4438=CARTESIAN_POINT('Ctrl Pts',(-0.861182094758534,2.97531831093832,4.83452962541282));
#4439=CARTESIAN_POINT('Ctrl Pts',(-0.290680371696439,2.64321818388763,4.96577919176453));
#4440=CARTESIAN_POINT('Ctrl Pts',(0.279821351365656,2.31111805683694,5.09702875811624));
#4441=CARTESIAN_POINT('Ctrl Pts',(0.850323074427752,1.97901792978626,5.22827832446796));
#4442=CARTESIAN_POINT('',(0.850312792545572,1.97902391506946,5.22827595901922));
#4443=CARTESIAN_POINT('Ctrl Pts',(-0.849530811181642,2.96853587260418,4.83721011848601));
#4444=CARTESIAN_POINT('Ctrl Pts',(-0.282916276605904,2.63869855342594,4.96756539866375));
#4445=CARTESIAN_POINT('Ctrl Pts',(0.283698257969833,2.3088612342477,5.09792067884148));
#4446=CARTESIAN_POINT('Ctrl Pts',(0.850312792545571,1.97902391506946,5.22827595901922));
#4447=CARTESIAN_POINT('Ctrl Pts',(0.850312792545572,1.97902391506946,5.22827595901922));
#4448=CARTESIAN_POINT('Ctrl Pts',(0.850364210599097,1.9791999732143,5.22857667474845));
#4449=CARTESIAN_POINT('Ctrl Pts',(0.850584293137613,1.97993889678839,5.22981606663814));
#4450=CARTESIAN_POINT('Ctrl Pts',(0.851537354724383,1.98290350600831,5.23441646540741));
#4451=CARTESIAN_POINT('Ctrl Pts',(0.852139067356463,1.98469241003752,5.23705110931381));
#4452=CARTESIAN_POINT('Ctrl Pts',(0.854811997453229,1.99244631716886,5.24812718381431));
#4453=CARTESIAN_POINT('Ctrl Pts',(0.857321789578572,1.99922574082325,5.25689559766019));
#4454=CARTESIAN_POINT('Ctrl Pts',(0.867070696110763,2.02461736189888,5.28791949242583));
#4455=CARTESIAN_POINT('Ctrl Pts',(0.877402408184471,2.0497147995948,5.31488460864355));
#4456=CARTESIAN_POINT('Ctrl Pts',(0.918794265941443,2.1424953779918,5.39949631826941));
#4457=CARTESIAN_POINT('Ctrl Pts',(0.964185179808901,2.23904627610213,5.47346869907066));
#4458=CARTESIAN_POINT('Ctrl Pts',(1.04278403607247,2.37946597372577,5.54335872723272));
#4459=CARTESIAN_POINT('Ctrl Pts',(-0.369586484487426,-3.48360292189528,
4.35496731351269));
#4460=CARTESIAN_POINT('Ctrl Pts',(0.144020975703709,-3.09629456539255,4.53901982654264));
#4461=CARTESIAN_POINT('Ctrl Pts',(0.657628435894845,-2.70898620888982,4.72307233957259));
#4462=CARTESIAN_POINT('Ctrl Pts',(1.17123589608598,-2.32167785238709,4.90712485260255));
#4463=CARTESIAN_POINT('Ctrl Pts',(-0.400899487254398,-3.40766978104638,
4.26559787884776));
#4464=CARTESIAN_POINT('Ctrl Pts',(0.116189365021529,-3.02880370130298,4.45958652112026));
#4465=CARTESIAN_POINT('Ctrl Pts',(0.633278217297455,-2.64993762155959,4.65357516339275));
#4466=CARTESIAN_POINT('Ctrl Pts',(1.15036706957338,-2.2710715418162,4.84756380566525));
#4467=CARTESIAN_POINT('Ctrl Pts',(-0.43221249002137,-3.33173664019748,4.17622844418283));
#4468=CARTESIAN_POINT('Ctrl Pts',(0.0883577543393457,-2.96131283721342,
4.38015321569787));
#4469=CARTESIAN_POINT('Ctrl Pts',(0.608927998700064,-2.59088903422937,4.58407798721291));
#4470=CARTESIAN_POINT('Ctrl Pts',(1.12949824306078,-2.22046523124531,4.78800275872795));
#4471=CARTESIAN_POINT('Ctrl Pts',(-0.463525492788343,-3.25580349934857,
4.0868590095179));
#4472=CARTESIAN_POINT('Ctrl Pts',(0.0605261436571658,-2.89382197312386,
4.30071991027548));
#4473=CARTESIAN_POINT('Ctrl Pts',(0.584577780102674,-2.53184044689914,4.51458081103307));
#4474=CARTESIAN_POINT('Ctrl Pts',(1.10862941654818,-2.16985892067443,4.72844171179065));
#4475=CARTESIAN_POINT('',(1.10764517769067,-2.17053877025245,4.72804005250001));
#4476=CARTESIAN_POINT('Ctrl Pts',(1.10764517769067,-2.17053877025245,4.72804005250001));
#4477=CARTESIAN_POINT('Ctrl Pts',(0.974000525996269,-2.2629666189374,4.67359082353067));
#4478=CARTESIAN_POINT('Ctrl Pts',(0.840355874300206,-2.35539446761615,4.61914159455488));
#4479=CARTESIAN_POINT('Ctrl Pts',(0.316776449459537,-2.71749889328952,4.40582594270264));
#4480=CARTESIAN_POINT('Ctrl Pts',(-0.0731583236950231,-2.98717547024698,
4.24695951978756));
#4481=CARTESIAN_POINT('Ctrl Pts',(-0.463093096854277,-3.25685204718693,
4.08809309685428));
#4482=CARTESIAN_POINT('Ctrl Pts',(1.10764517769062,-2.17053877025232,4.72804005249984));
#4483=CARTESIAN_POINT('Ctrl Pts',(1.12940078200842,-2.22225511785901,4.78931528123967));
#4484=CARTESIAN_POINT('Ctrl Pts',(1.15068214858431,-2.27283556201102,4.84924807996302));
#4485=CARTESIAN_POINT('Ctrl Pts',(1.17123497740491,-2.32167854515906,4.9071245233909));
#4486=CARTESIAN_POINT('Ctrl Pts',(-0.851170003253252,2.9692888159649,4.83655083227851));
#4487=CARTESIAN_POINT('Ctrl Pts',(-0.284019896166381,2.63916210603907,4.96706069841273));
#4488=CARTESIAN_POINT('Ctrl Pts',(0.28313021092049,2.30903539611324,5.09757056454695));
#4489=CARTESIAN_POINT('Ctrl Pts',(0.85028031800736,1.97890868618741,5.22808043068117));
#4490=CARTESIAN_POINT('Ctrl Pts',(-0.867812021119045,2.9090237662955,4.7325104127124));
#4491=CARTESIAN_POINT('Ctrl Pts',(-0.298811647875841,2.58559734852849,4.87458753401762));
#4492=CARTESIAN_POINT('Ctrl Pts',(0.270188725367365,2.26217093076148,5.01666465532284));
#4493=CARTESIAN_POINT('Ctrl Pts',(0.83918909861057,1.93874451299446,5.15874177662806));
#4494=CARTESIAN_POINT('Ctrl Pts',(-0.884454038984838,2.84875871662611,4.62846999314629));
#4495=CARTESIAN_POINT('Ctrl Pts',(-0.313603399585297,2.53203259101791,4.78211436962251));
#4496=CARTESIAN_POINT('Ctrl Pts',(0.257247239814239,2.21530646540971,4.93575874609873));
#4497=CARTESIAN_POINT('Ctrl Pts',(0.828097879213779,1.89858033980152,5.08940312257495));
#4498=CARTESIAN_POINT('Ctrl Pts',(-0.901096056850631,2.78849366695671,4.52442957358019));
#4499=CARTESIAN_POINT('Ctrl Pts',(-0.328395151294758,2.47846783350733,4.6896412052274));
#4500=CARTESIAN_POINT('Ctrl Pts',(0.244305754261115,2.16844200005795,4.85485283687462));
#4501=CARTESIAN_POINT('Ctrl Pts',(0.817006659816988,1.85841616660857,5.02006446852184));
#4502=CARTESIAN_POINT('',(0.815931051144495,1.85899843646705,5.01975417904618));
#4503=CARTESIAN_POINT('Ctrl Pts',(0.815931051144495,1.85899843646705,5.01975417904618));
#4504=CARTESIAN_POINT('Ctrl Pts',(0.669859117281685,1.93815438885877,4.97773223224525));
#4505=CARTESIAN_POINT('Ctrl Pts',(0.523787183418382,2.01731034124553,4.9357102854367));
#4506=CARTESIAN_POINT('Ctrl Pts',(-0.0484785836455072,2.32741948137481,
4.77108097580769));
#4507=CARTESIAN_POINT('Ctrl Pts',(-0.474672416849042,2.55837266908765,4.64847361294158));
#4508=CARTESIAN_POINT('Ctrl Pts',(-0.900866250053966,2.78932585678651,4.52586625005397));
#4509=CARTESIAN_POINT('Ctrl Pts',(0.815931051144465,1.85899843646694,5.019754179046));
#4510=CARTESIAN_POINT('Ctrl Pts',(0.82768101417014,1.90002911428873,5.09103504907818));
#4511=CARTESIAN_POINT('Ctrl Pts',(0.839176390469637,1.94015846814483,5.16075383807795));
#4512=CARTESIAN_POINT('Ctrl Pts',(0.850279303555456,1.97890927667953,5.22808019724035));
#4513=CARTESIAN_POINT('Ctrl Pts',(-1.2103405055303,2.56559417381608,5.95735146330102));
#4514=CARTESIAN_POINT('Ctrl Pts',(-0.603195976702841,2.28032140296115,5.96325086965171));
#4515=CARTESIAN_POINT('Ctrl Pts',(0.00394855212461867,1.99504863210622,
5.96915027600241));
#4516=CARTESIAN_POINT('Ctrl Pts',(0.611093080952079,1.70977586125129,5.97504968235311));
#4517=CARTESIAN_POINT('Ctrl Pts',(-1.25183601229188,2.47161878681014,6.00283194166664));
#4518=CARTESIAN_POINT('Ctrl Pts',(-0.640077530706894,2.1967952837031,6.00367425960759));
#4519=CARTESIAN_POINT('Ctrl Pts',(-0.0283190399089142,1.92197182571862,
6.00451668802279));
#4520=CARTESIAN_POINT('Ctrl Pts',(0.583439441676072,1.64714832261157,6.00535900596373));
#4521=CARTESIAN_POINT('Ctrl Pts',(-1.29368259082524,2.37603980682743,6.0446785202));
#4522=CARTESIAN_POINT('Ctrl Pts',(-0.677271116979243,2.11184389311387,6.04086784587993));
#4523=CARTESIAN_POINT('Ctrl Pts',(-0.0608596344191423,1.8476480233834,6.03705728253302));
#4524=CARTESIAN_POINT('Ctrl Pts',(0.555551839426853,1.58345210966984,6.03324660821295));
#4525=CARTESIAN_POINT('Ctrl Pts',(-1.33577497804771,2.27909765825685,6.08278593581842));
#4526=CARTESIAN_POINT('Ctrl Pts',(-0.714683177316935,2.02568092124702,6.07473807026581));
#4527=CARTESIAN_POINT('Ctrl Pts',(-0.0935913765861626,1.77226418423718,
6.06669020471319));
#4528=CARTESIAN_POINT('Ctrl Pts',(0.52750042414461,1.51884744722735,6.05864233916058));
#4529=CARTESIAN_POINT('',(0.527500424144609,1.51884744722735,6.05864233916058));
#4530=CARTESIAN_POINT('Ctrl Pts',(-1.33374936378309,2.27827117084102,6.08275968869804));
#4531=CARTESIAN_POINT('Ctrl Pts',(-0.713332767807187,2.02512992963646,6.07472057218555));
#4532=CARTESIAN_POINT('Ctrl Pts',(-0.0929161718312885,1.7719886884319,6.06668145567307));
#4533=CARTESIAN_POINT('Ctrl Pts',(0.52750042414461,1.51884744722735,6.05864233916058));
#4534=CARTESIAN_POINT('',(0.611093080952078,1.70977586125129,5.97504968235311));
#4535=CARTESIAN_POINT('Ctrl Pts',(0.527500424144609,1.51884744722735,6.05864233916058));
#4536=CARTESIAN_POINT('Ctrl Pts',(0.540632667861768,1.55153233765376,6.04595012287164));
#4537=CARTESIAN_POINT('Ctrl Pts',(0.554173532943377,1.58380596156861,6.03262880582655));
#4538=CARTESIAN_POINT('Ctrl Pts',(0.568110823339529,1.61563919102681,6.0186915144031));
#4539=CARTESIAN_POINT('Ctrl Pts',(0.582048048567803,1.64747227163943,6.00475428814754));
#4540=CARTESIAN_POINT('Ctrl Pts',(0.59637988733298,1.67886083222261,5.99020290134295));
#4541=CARTESIAN_POINT('Ctrl Pts',(0.611093080952078,1.70977586125129,5.97504968235311));
#4542=CARTESIAN_POINT('Ctrl Pts',(-1.20836037857188,2.56466379187693,5.95737070348684));
#4543=CARTESIAN_POINT('Ctrl Pts',(-0.601875892063896,2.27970114833505,5.96326369644226));
#4544=CARTESIAN_POINT('Ctrl Pts',(0.00460859444409147,1.99473850479317,
5.96915668939769));
#4545=CARTESIAN_POINT('Ctrl Pts',(0.611093080952079,1.70977586125129,5.97504968235311));
#4546=CARTESIAN_POINT('Ctrl Pts',(-1.20836037857188,-2.56466379187693,5.95737070348684));
#4547=CARTESIAN_POINT('Ctrl Pts',(-0.599107187561038,-2.27840024555539,
5.96329059895418));
#4548=CARTESIAN_POINT('Ctrl Pts',(0.0101460034498065,-1.99213669923384,
5.96921049442153));
#4549=CARTESIAN_POINT('Ctrl Pts',(0.619399194460652,-1.7058731529123,5.97513038988888));
#4550=CARTESIAN_POINT('Ctrl Pts',(-1.17816294922714,-2.59216332366663,5.72103697060966));
#4551=CARTESIAN_POINT('Ctrl Pts',(-0.572305914064354,-2.30276641979402,
5.75333425057501));
#4552=CARTESIAN_POINT('Ctrl Pts',(0.0336278267328413,-2.0135612313031,5.78563692252477));
#4553=CARTESIAN_POINT('Ctrl Pts',(0.639484861895627,-1.72416432743049,5.81793420249012));
#4554=CARTESIAN_POINT('Ctrl Pts',(-1.15855829408402,-2.57734280857837,5.40520273010124));
#4555=CARTESIAN_POINT('Ctrl Pts',(-0.554852444174617,-2.28969271071399,
5.47275527834718));
#4556=CARTESIAN_POINT('Ctrl Pts',(0.0488189492234904,-2.00195663462404,
5.54030610618979));
#4557=CARTESIAN_POINT('Ctrl Pts',(0.652524799132891,-1.71430653675966,5.60785865443574));
#4558=CARTESIAN_POINT('Ctrl Pts',(-1.1652287584871,-2.51652268356278,5.18529763141463));
#4559=CARTESIAN_POINT('Ctrl Pts',(-0.560796399031428,-2.235616272519,5.27739497774372));
#4560=CARTESIAN_POINT('Ctrl Pts',(0.0436556140087985,-1.95475874918703,
5.36949254366815));
#4561=CARTESIAN_POINT('Ctrl Pts',(0.648087973464467,-1.67385233814326,5.46158988999724));
#4562=CARTESIAN_POINT('Ctrl Pts',(-1.16966875203051,-2.4975333632142,5.14575799776521));
#4563=CARTESIAN_POINT('Ctrl Pts',(-0.564735431406837,-2.21875987380164,
5.2422687098565));
#4564=CARTESIAN_POINT('Ctrl Pts',(0.0402014135862717,-1.9399951771457,5.3387795905167));
#4565=CARTESIAN_POINT('Ctrl Pts',(0.645134734209948,-1.66122168773314,5.43529030260798));
#4566=CARTESIAN_POINT('Ctrl Pts',(-1.16997510536155,-2.49628203846327,5.14332263601584));
#4567=CARTESIAN_POINT('Ctrl Pts',(-0.56500641529407,-2.21765115077631,5.24010523536216));
#4568=CARTESIAN_POINT('Ctrl Pts',(0.0399622747734093,-1.93902026308935,
5.33688783470849));
#4569=CARTESIAN_POINT('Ctrl Pts',(0.644930964840889,-1.6603893754024,5.43367043405482));
#4570=CARTESIAN_POINT('',(0.644920061776897,-1.66039439703483,5.4336686897879));
#4571=CARTESIAN_POINT('Ctrl Pts',(-1.15761990733465,-2.49059159555225,5.14529921463902));
#4572=CARTESIAN_POINT('Ctrl Pts',(-0.556773250964137,-2.21385919604645,
5.24142237302198));
#4573=CARTESIAN_POINT('Ctrl Pts',(0.04407340540638,-1.93712679654064,5.33754553140494));
#4574=CARTESIAN_POINT('Ctrl Pts',(0.644920061776897,-1.66039439703483,5.4336686897879));
#4575=CARTESIAN_POINT('',(0.611093080952082,-1.7097758612513,5.9750496823531));
#4576=CARTESIAN_POINT('Ctrl Pts',(0.644920061776897,-1.66039439703484,5.4336686897879));
#4577=CARTESIAN_POINT('Ctrl Pts',(0.644960666676946,-1.660553680536,5.43398021867076));
#4578=CARTESIAN_POINT('Ctrl Pts',(0.645123109904021,-1.66120318718696,5.43527724987196));
#4579=CARTESIAN_POINT('Ctrl Pts',(0.645644220316035,-1.66349770261084,5.44030959981574));
#4580=CARTESIAN_POINT('Ctrl Pts',(0.645909060835895,-1.66476401074117,5.44328111583434));
#4581=CARTESIAN_POINT('Ctrl Pts',(0.646936439477215,-1.66996514365706,5.45600274179032));
#4582=CARTESIAN_POINT('Ctrl Pts',(0.64751347905011,-1.6737462527559,5.46670390818862));
#4583=CARTESIAN_POINT('Ctrl Pts',(0.649040379224934,-1.68638292426192,5.50594980931176));
#4584=CARTESIAN_POINT('Ctrl Pts',(0.649250560261211,-1.69577864484177,5.54303645656693));
#4585=CARTESIAN_POINT('Ctrl Pts',(0.644932518066682,-1.71764861536839,5.67335806614417));
#4586=CARTESIAN_POINT('Ctrl Pts',(0.635315023525619,-1.72886395854714,5.80233885535394));
#4587=CARTESIAN_POINT('Ctrl Pts',(0.611093080952079,-1.70977586125129,5.97504968235311));
#4588=CARTESIAN_POINT('Ctrl Pts',(-1.20836037857188,-2.56466379187695,5.95737070348683));
#4589=CARTESIAN_POINT('Ctrl Pts',(-0.60187589206389,-2.27970114833506,5.96326369644225));
#4590=CARTESIAN_POINT('Ctrl Pts',(0.00460859444409631,-1.99473850479318,
5.96915668939768));
#4591=CARTESIAN_POINT('Ctrl Pts',(0.611093080952083,-1.7097758612513,5.9750496823531));
#4592=CARTESIAN_POINT('Ctrl Pts',(-1.33374936378308,2.27827117084103,6.08275968869804));
#4593=CARTESIAN_POINT('Ctrl Pts',(-0.710500460862588,2.02397429695341,6.07468387225574));
#4594=CARTESIAN_POINT('Ctrl Pts',(-0.0872515579420938,1.76967742306578,
6.06660805581344));
#4595=CARTESIAN_POINT('Ctrl Pts',(0.5359973449784,1.51538054917815,6.05853223937114));
#4596=CARTESIAN_POINT('Ctrl Pts',(-1.39482247910102,2.09730573686605,5.93769650048354));
#4597=CARTESIAN_POINT('Ctrl Pts',(-0.76473522608083,1.86325145809537,5.94576356259148));
#4598=CARTESIAN_POINT('Ctrl Pts',(-0.134712381878546,1.62906658459436,5.95397713113616));
#4599=CARTESIAN_POINT('Ctrl Pts',(0.495374871141646,1.39501230582368,5.9620441932441));
#4600=CARTESIAN_POINT('Ctrl Pts',(-1.45879732191125,1.89158688174987,5.70544185104815));
#4601=CARTESIAN_POINT('Ctrl Pts',(-0.821600459262811,1.6804313731297,5.73950338655506));
#4602=CARTESIAN_POINT('Ctrl Pts',(-0.184374534712428,1.4693349581833,5.77349965206378));
#4603=CARTESIAN_POINT('Ctrl Pts',(0.452822327936016,1.25817944956312,5.80756118757069));
#4604=CARTESIAN_POINT('Ctrl Pts',(-1.48606394319584,1.78372443355,5.50613283735587));
#4605=CARTESIAN_POINT('Ctrl Pts',(-0.845808381253085,1.58463941085943,5.56240698119786));
#4606=CARTESIAN_POINT('Ctrl Pts',(-0.205569489280173,1.38552031024138,5.61871766107982));
#4607=CARTESIAN_POINT('Ctrl Pts',(0.434686072662584,1.18643528755081,5.67499180492181));
#4608=CARTESIAN_POINT('Ctrl Pts',(-1.48821132341903,1.76997151415855,5.46430056915373));
#4609=CARTESIAN_POINT('Ctrl Pts',(-0.847720640680702,1.57241222482889,5.52525391913037));
#4610=CARTESIAN_POINT('Ctrl Pts',(-0.207232929172936,1.37484689208905,5.5862139332759));
#4611=CARTESIAN_POINT('Ctrl Pts',(0.433257753565388,1.17728760275939,5.64716728325254));
#4612=CARTESIAN_POINT('Ctrl Pts',(-1.48831563202575,1.76918166629145,5.46166316268003));
#4613=CARTESIAN_POINT('Ctrl Pts',(-0.84781429694281,1.57170852400913,5.5229131170109));
#4614=CARTESIAN_POINT('Ctrl Pts',(-0.207312961859872,1.3742353817268,5.58416307134177));
#4615=CARTESIAN_POINT('Ctrl Pts',(0.433188373223065,1.17676223944447,5.64541302567264));
#4616=CARTESIAN_POINT('',(0.433176829771051,1.17676579840932,5.64541192179374));
#4617=CARTESIAN_POINT('Ctrl Pts',(-1.47523475534342,1.76514869761399,5.46291406264779));
#4618=CARTESIAN_POINT('Ctrl Pts',(-0.839097560305264,1.56902106454576,5.52374668236311));
#4619=CARTESIAN_POINT('Ctrl Pts',(-0.202960365267106,1.37289343147754,5.58457930207842));
#4620=CARTESIAN_POINT('Ctrl Pts',(0.433176829771052,1.17676579840932,5.64541192179374));
#4621=CARTESIAN_POINT('Ctrl Pts',(0.433176829771051,1.17676579840932,5.64541192179374));
#4622=CARTESIAN_POINT('Ctrl Pts',(0.433191693418397,1.17686628803143,5.6457491919292));
#4623=CARTESIAN_POINT('Ctrl Pts',(0.433257443799786,1.17729494500036,5.64714291597604));
#4624=CARTESIAN_POINT('Ctrl Pts',(0.433576384459981,1.17912769797344,5.6523774356718));
#4625=CARTESIAN_POINT('Ctrl Pts',(0.433789785488356,1.18027651659091,5.65540039118187));
#4626=CARTESIAN_POINT('Ctrl Pts',(0.434765808018713,1.18536035043783,5.66817337324884));
#4627=CARTESIAN_POINT('Ctrl Pts',(0.435755203741961,1.19008329472659,5.67846218349682));
#4628=CARTESIAN_POINT('Ctrl Pts',(0.439736491451187,1.20832586915801,5.71525369708532));
#4629=CARTESIAN_POINT('Ctrl Pts',(0.444219011941943,1.22747975543528,5.74806800488597));
#4630=CARTESIAN_POINT('Ctrl Pts',(0.463370599933197,1.30295514347392,5.85491998427761));
#4631=CARTESIAN_POINT('Ctrl Pts',(0.485063918270681,1.38568542675645,5.95258996060884));
#4632=CARTESIAN_POINT('Ctrl Pts',(0.527500424144613,1.51884744722736,6.05864233916058));
#4633=CARTESIAN_POINT('Ctrl Pts',(-1.15934449381069,-2.49121206500397,5.14472532283595));
#4634=CARTESIAN_POINT('Ctrl Pts',(-0.557931424460335,-2.21423811813648,
5.24097222670668));
#4635=CARTESIAN_POINT('Ctrl Pts',(0.0434816448900222,-1.93726417126899,
5.33721913057741));
#4636=CARTESIAN_POINT('Ctrl Pts',(0.644894714240379,-1.6602902244015,5.43346603444815));
#4637=CARTESIAN_POINT('Ctrl Pts',(-1.17322161673065,-2.43523624767844,5.037920008324));
#4638=CARTESIAN_POINT('Ctrl Pts',(-0.570265683342217,-2.16448571441414,
5.146041569484));
#4639=CARTESIAN_POINT('Ctrl Pts',(0.0326902500462113,-1.89373518114985,
5.25416313064399));
#4640=CARTESIAN_POINT('Ctrl Pts',(0.635646183434641,-1.62298464788555,5.36228469180399));
#4641=CARTESIAN_POINT('Ctrl Pts',(-1.1870987396506,-2.37926043035292,4.93111469381206));
#4642=CARTESIAN_POINT('Ctrl Pts',(-0.582599942224098,-2.11473331069181,
5.05111091226131));
#4643=CARTESIAN_POINT('Ctrl Pts',(0.0218988552024025,-1.85020619103071,
5.17110713071057));
#4644=CARTESIAN_POINT('Ctrl Pts',(0.626397652628902,-1.5856790713696,5.29110334915983));
#4645=CARTESIAN_POINT('Ctrl Pts',(-1.20097586257055,-2.32328461302739,4.82430937930011));
#4646=CARTESIAN_POINT('Ctrl Pts',(-0.59493420110598,-2.06498090696948,4.95618025503863));
#4647=CARTESIAN_POINT('Ctrl Pts',(0.0111074603585919,-1.80667720091157,
5.08805113077715));
#4648=CARTESIAN_POINT('Ctrl Pts',(0.617149121823164,-1.54837349485366,5.21992200651567));
#4649=CARTESIAN_POINT('',(0.616010894764949,-1.54885862365953,5.21967433542573));
#4650=CARTESIAN_POINT('Ctrl Pts',(0.616010894764949,-1.54885862365953,5.21967433542573));
#4651=CARTESIAN_POINT('Ctrl Pts',(0.461430748371768,-1.61481562958542,5.18616060115517));
#4652=CARTESIAN_POINT('Ctrl Pts',(0.306850601978349,-1.68077263550674,5.15264686687674));
#4653=CARTESIAN_POINT('Ctrl Pts',(-0.298747774854981,-1.93917228550009,
5.02135016701716));
#4654=CARTESIAN_POINT('Ctrl Pts',(-0.749766005296326,-2.13161492954481,
4.92356720138887));
#4655=CARTESIAN_POINT('Ctrl Pts',(-1.20078423573835,-2.32405757357664,4.82578423573835));
#4656=CARTESIAN_POINT('Ctrl Pts',(0.616010894764925,-1.54885862365943,5.21967433542554));
#4657=CARTESIAN_POINT('Ctrl Pts',(0.625890595850011,-1.58698792976048,5.29282546739881));
#4658=CARTESIAN_POINT('Ctrl Pts',(0.635556896774079,-1.62427980537118,5.36437333177407));
#4659=CARTESIAN_POINT('Ctrl Pts',(0.644893638502887,-1.66029071982016,5.43346586229292));
#4660=CARTESIAN_POINT('Ctrl Pts',(-1.47703319115125,1.76560049273074,5.46241402017651));
#4661=CARTESIAN_POINT('Ctrl Pts',(-0.840299366248328,1.56930032867303,5.52334016849468));
#4662=CARTESIAN_POINT('Ctrl Pts',(-0.203565541345405,1.37300016461532,5.58426631681284));
#4663=CARTESIAN_POINT('Ctrl Pts',(0.433168283557517,1.17670000055761,5.64519246513101));
#4664=CARTESIAN_POINT('Ctrl Pts',(-1.48123222937698,1.7317297433864,5.34593062097034));
#4665=CARTESIAN_POINT('Ctrl Pts',(-0.844031553736312,1.53919534269386,5.41980743987809));
#4666=CARTESIAN_POINT('Ctrl Pts',(-0.206830878095642,1.34666094200133,5.49368425878585));
#4667=CARTESIAN_POINT('Ctrl Pts',(0.430369797545025,1.15412654130879,5.5675610776936));
#4668=CARTESIAN_POINT('Ctrl Pts',(-1.48543126760271,1.69785899404207,5.22944722176416));
#4669=CARTESIAN_POINT('Ctrl Pts',(-0.847763741224293,1.5090903567147,5.31627471126151));
#4670=CARTESIAN_POINT('Ctrl Pts',(-0.210096214845881,1.32032171938733,5.40310220075885));
#4671=CARTESIAN_POINT('Ctrl Pts',(0.427571311532533,1.13155308205996,5.4899296902562));
#4672=CARTESIAN_POINT('Ctrl Pts',(-1.48963030582844,1.66398824469774,5.11296382255799));
#4673=CARTESIAN_POINT('Ctrl Pts',(-0.851495928712277,1.47898537073554,5.21274198264492));
#4674=CARTESIAN_POINT('Ctrl Pts',(-0.213361551596118,1.29398249677334,5.31252014273186));
#4675=CARTESIAN_POINT('Ctrl Pts',(0.42477282552004,1.10897962281114,5.41229830281879));
#4676=CARTESIAN_POINT('',(0.423574324062127,1.10932708287935,5.41211090612855));
#4677=CARTESIAN_POINT('Ctrl Pts',(0.423574324062127,1.10932708287935,5.41211090612855));
#4678=CARTESIAN_POINT('Ctrl Pts',(0.260796207992405,1.15655965285192,5.38679514153453));
#4679=CARTESIAN_POINT('Ctrl Pts',(0.0980180919232128,1.20379222282169,5.36147937693187));
#4680=CARTESIAN_POINT('Ctrl Pts',(-0.539697456774323,1.38883518191466,5.2622998489365));
#4681=CARTESIAN_POINT('Ctrl Pts',(-1.01463488939948,1.5266455710211,5.18843608549202));
#4682=CARTESIAN_POINT('Ctrl Pts',(-1.48957232202313,1.66445596011964,5.11457232202313));
#4683=CARTESIAN_POINT('Ctrl Pts',(0.42357432406212,1.10932708287929,5.41211090612834));
#4684=CARTESIAN_POINT('Ctrl Pts',(0.426853551866174,1.13238068803373,5.49186251138222));
#4685=CARTESIAN_POINT('Ctrl Pts',(0.430064277833966,1.15492781530064,5.5698659507137));
#4686=CARTESIAN_POINT('Ctrl Pts',(0.43316714464238,1.17670035167643,5.64519235615343));
#4687=CARTESIAN_POINT('Ctrl Pts',(-1.68311579890896,1.01112790429866,6.43012675667967));
#4688=CARTESIAN_POINT('Ctrl Pts',(-1.02340258275349,0.898698876398668,6.38345747570237));
#4689=CARTESIAN_POINT('Ctrl Pts',(-0.363689366598032,0.786269848498679,
6.33678819472506));
#4690=CARTESIAN_POINT('Ctrl Pts',(0.296023849557431,0.67384082059869,6.29011891374776));
#4691=CARTESIAN_POINT('Ctrl Pts',(-1.69766992095046,0.901281630374211,6.44866585032522));
#4692=CARTESIAN_POINT('Ctrl Pts',(-1.03633840763068,0.801066590714372,6.39993513653137));
#4693=CARTESIAN_POINT('Ctrl Pts',(-0.375006893204879,0.700851567264264,
6.35120454131875));
#4694=CARTESIAN_POINT('Ctrl Pts',(0.2863246201149,0.600636527604424,6.3024738275249));
#4695=CARTESIAN_POINT('Ctrl Pts',(-1.71227633972577,0.790778604417664,6.46327226910053));
#4696=CARTESIAN_POINT('Ctrl Pts',(-1.04932071385235,0.70285058421353,6.41291744275304));
#4697=CARTESIAN_POINT('Ctrl Pts',(-0.386365087047059,0.614922578901721,
6.36256273516093));
#4698=CARTESIAN_POINT('Ctrl Pts',(0.276590538826352,0.526994558697586,6.31220790881344));
#4699=CARTESIAN_POINT('Ctrl Pts',(-1.72689831348153,0.679896791547421,6.47390927125224));
#4700=CARTESIAN_POINT('Ctrl Pts',(-1.06231684521723,0.604297913283826,6.4223717381661));
#4701=CARTESIAN_POINT('Ctrl Pts',(-0.39773537695292,0.528699035020231,6.37083420507995));
#4702=CARTESIAN_POINT('Ctrl Pts',(0.266846091311385,0.453100156756636,6.3192966719938));
#4703=CARTESIAN_POINT('',(0.266846091311385,0.453100156756636,6.3192966719938));
#4704=CARTESIAN_POINT('Ctrl Pts',(-1.72473086303292,0.679650235134955,6.47374118794788));
#4705=CARTESIAN_POINT('Ctrl Pts',(-1.06087187825149,0.604133542342182,6.42225968262985));
#4706=CARTESIAN_POINT('Ctrl Pts',(-0.397012893470051,0.528616849549409,
6.37077817731183));
#4707=CARTESIAN_POINT('Ctrl Pts',(0.266846091311385,0.453100156756636,6.3192966719938));
#4708=CARTESIAN_POINT('',(0.29602384955743,0.67384082059869,6.29011891374776));
#4709=CARTESIAN_POINT('Ctrl Pts',(0.266846091311384,0.453100156756637,6.3192966719938));
#4710=CARTESIAN_POINT('Ctrl Pts',(0.270757489138458,0.49017441731771,6.31582530159495));
#4711=CARTESIAN_POINT('Ctrl Pts',(0.275147523249565,0.527130255313565,6.31165481552036));
#4712=CARTESIAN_POINT('Ctrl Pts',(0.280012292916709,0.563934041473749,6.30679004482592));
#4713=CARTESIAN_POINT('Ctrl Pts',(0.284877039837196,0.600737655547049,6.30192529687815));
#4714=CARTESIAN_POINT('Ctrl Pts',(0.290215886772247,0.637384444690484,6.29636690190368));
#4715=CARTESIAN_POINT('Ctrl Pts',(0.29602384955743,0.67384082059869,6.29011891374776));
#4716=CARTESIAN_POINT('Ctrl Pts',(-1.68096422566386,1.01076123089804,6.42997455057881));
#4717=CARTESIAN_POINT('Ctrl Pts',(-1.02196820059009,0.89845442746492,6.38335600496846));
#4718=CARTESIAN_POINT('Ctrl Pts',(-0.362972175516332,0.786147624031805,
6.33673745935811));
#4719=CARTESIAN_POINT('Ctrl Pts',(0.29602384955743,0.67384082059869,6.29011891374776));
#4720=CARTESIAN_POINT('Ctrl Pts',(-1.72473086303292,0.67965023513497,6.47374118794787));
#4721=CARTESIAN_POINT('Ctrl Pts',(-1.05784124943687,0.603788795836674,6.42202466083002));
#4722=CARTESIAN_POINT('Ctrl Pts',(-0.390951635840824,0.527927356538379,
6.37030813371217));
#4723=CARTESIAN_POINT('Ctrl Pts',(0.275937977755225,0.452065917240083,6.31859160659431));
#4724=CARTESIAN_POINT('Ctrl Pts',(-1.74241464480313,0.532359117999189,6.28528866618565));
#4725=CARTESIAN_POINT('Ctrl Pts',(-1.07354322034324,0.47299662095146,6.25457155685389));
#4726=CARTESIAN_POINT('Ctrl Pts',(-0.404695724730862,0.413458472504329,
6.22396047398847));
#4727=CARTESIAN_POINT('Ctrl Pts',(0.264175699729034,0.3540959754566,6.19324336465671));
#4728=CARTESIAN_POINT('Ctrl Pts',(-1.75952381380052,0.38351212266111,6.00617056221326));
#4729=CARTESIAN_POINT('Ctrl Pts',(-1.0887543334782,0.340678210649468,6.00665948004629));
#4730=CARTESIAN_POINT('Ctrl Pts',(-0.417973857839173,0.297925061165819,
6.00710045133064));
#4731=CARTESIAN_POINT('Ctrl Pts',(0.25279562248315,0.255091149154177,6.00758936916367));
#4732=CARTESIAN_POINT('Ctrl Pts',(-1.76504679740942,0.326882634593393,5.78511618295662));
#4733=CARTESIAN_POINT('Ctrl Pts',(-1.09365514926096,0.290411509325966,5.81025424059291));
#4734=CARTESIAN_POINT('Ctrl Pts',(-0.422269610285731,0.253895456781079,
5.83541810892906));
#4735=CARTESIAN_POINT('Ctrl Pts',(0.249122037862725,0.217424331513652,5.86055616656536));
#4736=CARTESIAN_POINT('Ctrl Pts',(-1.76502091896229,0.324196699958849,5.74111016469699));
#4737=CARTESIAN_POINT('Ctrl Pts',(-1.09363382831624,0.288013097378287,5.7711671067659));
#4738=CARTESIAN_POINT('Ctrl Pts',(-0.422247839865075,0.251821398253508,
5.80122884396804));
#4739=CARTESIAN_POINT('Ctrl Pts',(0.249139250780979,0.215637795672947,5.83128578603695));
#4740=CARTESIAN_POINT('Ctrl Pts',(-1.765008998874,0.324107234237892,5.73835652952829));
#4741=CARTESIAN_POINT('Ctrl Pts',(-1.09362360612686,0.287930918825607,5.76872242619495));
#4742=CARTESIAN_POINT('Ctrl Pts',(-0.422238213379712,0.251754603413322,
5.79908832286161));
#4743=CARTESIAN_POINT('Ctrl Pts',(0.249147179367432,0.215578288001037,5.82945421952827));
#4744=CARTESIAN_POINT('',(0.249135079306682,0.215578939989625,5.82945367225811));
#4745=CARTESIAN_POINT('Ctrl Pts',(-1.75129738103998,0.323368409984438,5.73897668834434));
#4746=CARTESIAN_POINT('Ctrl Pts',(-1.08448656092442,0.287438586652834,5.76913568298226));
#4747=CARTESIAN_POINT('Ctrl Pts',(-0.41767574080887,0.251508763321229,5.79929467762019));
#4748=CARTESIAN_POINT('Ctrl Pts',(0.249135079306682,0.215578939989625,5.82945367225811));
#4749=CARTESIAN_POINT('Ctrl Pts',(0.249135079306683,0.215578939989625,5.82945367225811));
#4750=CARTESIAN_POINT('Ctrl Pts',(0.249135159939209,0.215590289408661,5.82980572540834));
#4751=CARTESIAN_POINT('Ctrl Pts',(0.249136253264503,0.21565078727349,5.83126410651126));
#4752=CARTESIAN_POINT('Ctrl Pts',(0.249153011091596,0.21610416055514,5.83680080904018));
#4753=CARTESIAN_POINT('Ctrl Pts',(0.249167823466789,0.21645773944078,5.84002235320345));
#4754=CARTESIAN_POINT('Ctrl Pts',(0.249243560808041,0.218184900071719,5.85369562045951));
#4755=CARTESIAN_POINT('Ctrl Pts',(0.249340528859889,0.22021350519791,5.86487685837889));
#4756=CARTESIAN_POINT('Ctrl Pts',(0.249769799152544,0.228843272222639,5.90522038938398));
#4757=CARTESIAN_POINT('Ctrl Pts',(0.250316310494393,0.239466768604182,5.94197070633355));
#4758=CARTESIAN_POINT('Ctrl Pts',(0.253149840631542,0.287443596906239,6.06514074357926));
#4759=CARTESIAN_POINT('Ctrl Pts',(0.256276097770681,0.345180082179321,6.18137778110884));
#4760=CARTESIAN_POINT('Ctrl Pts',(0.266846091311385,0.453100156756646,6.3192966719938));
#4761=CARTESIAN_POINT('Ctrl Pts',(-1.75316738297665,0.323458039423215,5.73854821200191));
#4762=CARTESIAN_POINT('Ctrl Pts',(-1.0857328489493,0.287495846126385,5.76877365119565));
#4763=CARTESIAN_POINT('Ctrl Pts',(-0.418298314921954,0.251533652829554,
5.79899909038939));
#4764=CARTESIAN_POINT('Ctrl Pts',(0.249136219105395,0.215571459532724,5.82922452958313));
#4765=CARTESIAN_POINT('Ctrl Pts',(-1.75250575413208,0.320556022787203,5.61720414572544));
#4766=CARTESIAN_POINT('Ctrl Pts',(-1.08514478026246,0.284916476852611,5.66092066640424));
#4767=CARTESIAN_POINT('Ctrl Pts',(-0.417783806392845,0.24927693091802,5.70463718708305));
#4768=CARTESIAN_POINT('Ctrl Pts',(0.249577167476773,0.213637384983429,5.74835370776186));
#4769=CARTESIAN_POINT('Ctrl Pts',(-1.75184412528751,0.31765400615119,5.49586007944897));
#4770=CARTESIAN_POINT('Ctrl Pts',(-1.08455671157562,0.282337107578838,5.55306768161284));
#4771=CARTESIAN_POINT('Ctrl Pts',(-0.417269297863735,0.247020209006485,
5.61027528377671));
#4772=CARTESIAN_POINT('Ctrl Pts',(0.250018115848151,0.211703310434133,5.66748288594058));
#4773=CARTESIAN_POINT('Ctrl Pts',(-1.75118249644294,0.314751989515178,5.37451601317249));
#4774=CARTESIAN_POINT('Ctrl Pts',(-1.08396864288878,0.279757738305064,5.44521469682143));
#4775=CARTESIAN_POINT('Ctrl Pts',(-0.416754789334627,0.244763487094951,
5.51591338047037));
#4776=CARTESIAN_POINT('Ctrl Pts',(0.25045906421953,0.209769235884838,5.5866120641193));
#4777=CARTESIAN_POINT('',(0.249205947626997,0.209834959755235,5.58647928256368));
#4778=CARTESIAN_POINT('Ctrl Pts',(0.249205947626997,0.209834959755235,5.58647928256368));
#4779=CARTESIAN_POINT('Ctrl Pts',(0.052346917822589,0.220163783242141,5.56578488508093));
#4780=CARTESIAN_POINT('Ctrl Pts',(-0.144512111980454,0.23049260672866,5.545090487585));
#4781=CARTESIAN_POINT('Ctrl Pts',(-0.811311305447193,0.26547830780111,5.47499460435037));
#4782=CARTESIAN_POINT('Ctrl Pts',(-1.28125146910641,0.290135185385772,5.42559311856842));
#4783=CARTESIAN_POINT('Ctrl Pts',(-1.75119163276322,0.314792062969753,5.37619163276322));
#4784=CARTESIAN_POINT('Ctrl Pts',(0.249205947626997,0.209834959755229,5.58647928256346));
#4785=CARTESIAN_POINT('Ctrl Pts',(0.249178449370757,0.211797975121747,5.66953761387802));
#4786=CARTESIAN_POINT('Ctrl Pts',(0.249155110197092,0.213717761324122,5.750775118351));
#4787=CARTESIAN_POINT('Ctrl Pts',(0.249135025276414,0.215571523857697,5.8292244755194));
#4788=CARTESIAN_POINT('Ctrl Pts',(-1.75118249644294,-0.314751989515177,
5.37451601317249));
#4789=CARTESIAN_POINT('Ctrl Pts',(-1.0839690407002,-0.279757759169608,5.44521465466891));
#4790=CARTESIAN_POINT('Ctrl Pts',(-0.41675558495746,-0.244763528824038,
5.51591329616533));
#4791=CARTESIAN_POINT('Ctrl Pts',(0.250457870785278,-0.209769298478468,
5.58661193766175));
#4792=CARTESIAN_POINT('Ctrl Pts',(-1.75184412528751,-0.31765400615119,5.49586007944897));
#4793=CARTESIAN_POINT('Ctrl Pts',(-1.0845571094309,-0.282337128635753,5.55306764750408));
#4794=CARTESIAN_POINT('Ctrl Pts',(-0.417270093574285,-0.247020251120315,
5.61027521555919));
#4795=CARTESIAN_POINT('Ctrl Pts',(0.250016922282324,-0.211703373604878,
5.6674827836143));
#4796=CARTESIAN_POINT('Ctrl Pts',(-1.75250575413208,-0.320556022787202,
5.61720414572544));
#4797=CARTESIAN_POINT('Ctrl Pts',(-1.08514517816159,-0.284916498101897,
5.66092064033924));
#4798=CARTESIAN_POINT('Ctrl Pts',(-0.417784602191113,-0.249276973416592,
5.70463713495304));
#4799=CARTESIAN_POINT('Ctrl Pts',(0.249575973779369,-0.213637448731287,
5.74835362956685));
#4800=CARTESIAN_POINT('Ctrl Pts',(-1.75316738297665,-0.323458039423215,
5.73854821200191));
#4801=CARTESIAN_POINT('Ctrl Pts',(-1.08573324689229,-0.287495867568042,
5.7687736331744));
#4802=CARTESIAN_POINT('Ctrl Pts',(-0.418299110807939,-0.251533695712869,
5.7989990543469));
#4803=CARTESIAN_POINT('Ctrl Pts',(0.249135025276415,-0.215571523857696,
5.82922447551939));
#4804=CARTESIAN_POINT('',(0.249135025276415,-0.215571523857696,5.82922447551939));
#4805=CARTESIAN_POINT('Ctrl Pts',(-1.75129746208538,-0.323357285786546,
5.73863289323627));
#4806=CARTESIAN_POINT('Ctrl Pts',(-1.08448663296478,-0.28742869847693,5.76883008733064));
#4807=CARTESIAN_POINT('Ctrl Pts',(-0.417675803844183,-0.251500111167313,
5.79902728142502));
#4808=CARTESIAN_POINT('Ctrl Pts',(0.249135025276415,-0.215571523857696,
5.82922447551939));
#4809=CARTESIAN_POINT('',(0.249205947626996,-0.209834959755234,5.58647928256368));
#4810=CARTESIAN_POINT('Ctrl Pts',(0.249135025276414,-0.215571523857697,
5.82922447551939));
#4811=CARTESIAN_POINT('Ctrl Pts',(0.249155110161427,-0.213717764615848,
5.75077525765356));
#4812=CARTESIAN_POINT('Ctrl Pts',(0.249178449324992,-0.211797978186011,
5.66953774352534));
#4813=CARTESIAN_POINT('Ctrl Pts',(0.249205947626998,-0.209834959755229,
5.58647928256346));
#4814=CARTESIAN_POINT('Ctrl Pts',(-1.75119163276322,-0.314792062969752,
5.37619163276322));
#4815=CARTESIAN_POINT('Ctrl Pts',(-1.25459533812627,-0.288736588267948,
5.42839528909582));
#4816=CARTESIAN_POINT('Ctrl Pts',(-0.757999043486671,-0.262681113565395,
5.48059894540287));
#4817=CARTESIAN_POINT('Ctrl Pts',(-0.0911998500189541,-0.227695412492669,
5.55069482862806));
#4818=CARTESIAN_POINT('Ctrl Pts',(0.0790030488035235,-0.218765186124092,
5.56858705560067));
#4819=CARTESIAN_POINT('Ctrl Pts',(0.249205947626996,-0.209834959755234,
5.58647928256368));
#4820=CARTESIAN_POINT('Ctrl Pts',(-1.765008998874,-0.324107234237891,5.73835652952829));
#4821=CARTESIAN_POINT('Ctrl Pts',(-1.09362254577678,-0.287930861690674,
5.76872247415322));
#4822=CARTESIAN_POINT('Ctrl Pts',(-0.422236092679563,-0.251754489143457,
5.79908841877815));
#4823=CARTESIAN_POINT('Ctrl Pts',(0.249150360417656,-0.215578116596241,
5.82945436340308));
#4824=CARTESIAN_POINT('Ctrl Pts',(-1.76502489232506,-0.324226521865833,
5.74202804308656));
#4825=CARTESIAN_POINT('Ctrl Pts',(-1.09363193222716,-0.288071850963467,
5.77196738071064));
#4826=CARTESIAN_POINT('Ctrl Pts',(-0.422253171120442,-0.251812130998067,
5.80195711251554));
#4827=CARTESIAN_POINT('Ctrl Pts',(0.249139788977457,-0.215657460095701,
5.83189645013963));
#4828=CARTESIAN_POINT('Ctrl Pts',(-1.76498126148273,-0.328248455068449,
5.79832866278464));
#4829=CARTESIAN_POINT('Ctrl Pts',(-1.09359673855318,-0.291618385207493,
5.82199516169457));
#4830=CARTESIAN_POINT('Ctrl Pts',(-0.422215713141005,-0.254962696362414,
5.84567799396238));
#4831=CARTESIAN_POINT('Ctrl Pts',(0.249168809788538,-0.218332626501458,
5.86934449287231));
#4832=CARTESIAN_POINT('Ctrl Pts',(-1.75795317163942,-0.397156849838753,
6.0314947320561));
#4833=CARTESIAN_POINT('Ctrl Pts',(-1.08735611477168,-0.352813362310772,
6.02914986854187));
#4834=CARTESIAN_POINT('Ctrl Pts',(-0.416753552374375,-0.308510147932393,
6.02677846504493));
#4835=CARTESIAN_POINT('Ctrl Pts',(0.253843504493368,-0.264166660404413,
6.0244336015307));
#4836=CARTESIAN_POINT('Ctrl Pts',(-1.74241464480313,-0.532359117999188,
6.28528866618565));
#4837=CARTESIAN_POINT('Ctrl Pts',(-1.07354164894449,-0.473000344750564,
6.25456979131451));
#4838=CARTESIAN_POINT('Ctrl Pts',(-0.40469412702846,-0.413454467165979,
6.22396209415644));
#4839=CARTESIAN_POINT('Ctrl Pts',(0.264178868830187,-0.354095693917355,
6.1932432192853));
#4840=CARTESIAN_POINT('Ctrl Pts',(-1.72473086303292,-0.679650235134969,
6.47374118794787));
#4841=CARTESIAN_POINT('Ctrl Pts',(-1.05784019618719,-0.603788676025186,
6.42202457915171));
#4842=CARTESIAN_POINT('Ctrl Pts',(-0.39094952934146,-0.527927116915402,
6.37030797035555));
#4843=CARTESIAN_POINT('Ctrl Pts',(0.275941137504272,-0.452065557805619,
6.31859136155938));
#4844=CARTESIAN_POINT('',(0.266846091311385,-0.453100156756646,6.3192966719938));
#4845=CARTESIAN_POINT('Ctrl Pts',(-1.72473086303292,-0.679650235134969,
6.47374118794787));
#4846=CARTESIAN_POINT('Ctrl Pts',(-1.06087187825149,-0.604133542342194,
6.42225968262985));
#4847=CARTESIAN_POINT('Ctrl Pts',(-0.397012893470051,-0.52861684954942,
6.37077817731183));
#4848=CARTESIAN_POINT('Ctrl Pts',(0.266846091311385,-0.453100156756645,
6.3192966719938));
#4849=CARTESIAN_POINT('Ctrl Pts',(0.266846091311385,-0.453100156756646,
6.3192966719938));
#4850=CARTESIAN_POINT('Ctrl Pts',(0.258370666898869,-0.3665657202737,6.20870803915764));
#4851=CARTESIAN_POINT('Ctrl Pts',(0.254448534756361,-0.307502631348477,
6.10655762098643));
#4852=CARTESIAN_POINT('Ctrl Pts',(0.249757194022149,-0.23130896073744,5.92776284358187));
#4853=CARTESIAN_POINT('Ctrl Pts',(0.249293697521233,-0.219453046626122,
5.86711051303797));
#4854=CARTESIAN_POINT('Ctrl Pts',(0.249137199653151,-0.215721750401911,
5.83317919140029));
#4855=CARTESIAN_POINT('Ctrl Pts',(0.249135186608268,-0.215594043207894,
5.82992216633286));
#4856=CARTESIAN_POINT('Ctrl Pts',(0.249135079306683,-0.215578939989624,
5.82945367225811));
#4857=CARTESIAN_POINT('Origin',(3.51708479084531,0.,5.27749243093097));
#4858=CARTESIAN_POINT('',(4.58122048180745,-0.112282148877232,2.00492228149774));
#4859=CARTESIAN_POINT('',(4.06430748709004,-0.284392273350697,2.01405201370577));
#4860=CARTESIAN_POINT('Ctrl Pts',(4.58122048180745,-0.112282148877232,2.00492228149774));
#4861=CARTESIAN_POINT('Ctrl Pts',(4.46025771951043,-0.184075548817927,2.00682098657741));
#4862=CARTESIAN_POINT('Ctrl Pts',(4.35126946447002,-0.229370123161728,2.0097366912709));
#4863=CARTESIAN_POINT('Ctrl Pts',(4.16405702397128,-0.281645099925474,2.01346301361834));
#4864=CARTESIAN_POINT('Ctrl Pts',(4.10237666288699,-0.285478777452584,2.01402754768358));
#4865=CARTESIAN_POINT('Ctrl Pts',(4.06824807220641,-0.284758160511415,2.0140683188331));
#4866=CARTESIAN_POINT('Ctrl Pts',(4.06500216546315,-0.284460767809642,2.01405518746895));
#4867=CARTESIAN_POINT('Ctrl Pts',(4.06453569661568,-0.284414756126083,2.01405305494912));
#4868=CARTESIAN_POINT('Ctrl Pts',(4.58122048180745,0.112282148877242,2.00492228149774));
#4869=CARTESIAN_POINT('Ctrl Pts',(4.58262904256523,0.0748799010659293,2.00395374816817));
#4870=CARTESIAN_POINT('Ctrl Pts',(4.58333312767321,0.0374410335141764,2.00346921109671));
#4871=CARTESIAN_POINT('Ctrl Pts',(4.58333312438074,-2.62584503966934E-7,
2.00346921336189));
#4872=CARTESIAN_POINT('Ctrl Pts',(4.58333312108828,-0.0374413836154528,
2.00346921562706));
#4873=CARTESIAN_POINT('Ctrl Pts',(4.5826290359791,-0.0748800759510229,2.00395375269683));
#4874=CARTESIAN_POINT('Ctrl Pts',(4.58122048180745,-0.112282148877232,2.00492228149774));
#4875=CARTESIAN_POINT('',(3.82288414221484,-0.258481934972409,2.01280108797584));
#4876=CARTESIAN_POINT('Origin',(2.03763879505251,0.,3.79804643513817));
#4877=CARTESIAN_POINT('Ctrl Pts',(4.06430748709004,-0.284392273350697,2.01405201370577));
#4878=CARTESIAN_POINT('Ctrl Pts',(3.98628545380099,-0.276018910716663,2.01364491401383));
#4879=CARTESIAN_POINT('Ctrl Pts',(3.9054903110286,-0.267347743390742,2.01322588182158));
#4880=CARTESIAN_POINT('Ctrl Pts',(3.82288414221462,-0.258481934972386,2.01280108797584));
#4881=CARTESIAN_POINT('Origin',(3.51708479084531,0.,5.27749243093097));
#4882=CARTESIAN_POINT('',(4.406115491777,-1.21245265135765,2.18002727152818));
#4883=CARTESIAN_POINT('',(3.86300054727971,-1.23857008568406,2.2153589535161));
#4884=CARTESIAN_POINT('Ctrl Pts',(4.406115491777,-1.21245265135764,2.18002727152818));
#4885=CARTESIAN_POINT('Ctrl Pts',(4.27096236004227,-1.24801470822912,2.19611634602661));
#4886=CARTESIAN_POINT('Ctrl Pts',(4.15418253303486,-1.26166629276213,2.20682362270729));
#4887=CARTESIAN_POINT('Ctrl Pts',(3.96006399346159,-1.26163854061178,2.21745604410581));
#4888=CARTESIAN_POINT('Ctrl Pts',(3.89950600095625,-1.24931372451661,2.21689820957636));
#4889=CARTESIAN_POINT('Ctrl Pts',(3.86671517255784,-1.23991366938176,2.2156012184941));
#4890=CARTESIAN_POINT('Ctrl Pts',(3.86365438179786,-1.23881059033781,2.21540297114231));
#4891=CARTESIAN_POINT('Ctrl Pts',(3.8632153438016,-1.23864907730319,2.21537340776319));
#4892=CARTESIAN_POINT('Ctrl Pts',(4.46347739470689,-1.00305267998591,2.1226653685983));
#4893=CARTESIAN_POINT('Ctrl Pts',(4.45525179881004,-1.038536433819,2.13133099192336));
#4894=CARTESIAN_POINT('Ctrl Pts',(4.44635250067674,-1.07375075551964,2.14044983809318));
#4895=CARTESIAN_POINT('Ctrl Pts',(4.4367886264942,-1.10866372294494,2.15001371124843));
#4896=CARTESIAN_POINT('Ctrl Pts',(4.42722479703035,-1.14357652712443,2.15957753968499));
#4897=CARTESIAN_POINT('Ctrl Pts',(4.41699763844232,-1.17818345062441,2.16958515023361));
#4898=CARTESIAN_POINT('Ctrl Pts',(4.406115491777,-1.21245265135765,2.18002727152818));
#4899=CARTESIAN_POINT('',(3.63630480079852,-1.15306062892666,2.19938042939215));
#4900=CARTESIAN_POINT('Origin',(2.03763879505251,0.,3.79804643513817));
#4901=CARTESIAN_POINT('Ctrl Pts',(3.86300054727971,-1.23857008568406,2.2153589535161));
#4902=CARTESIAN_POINT('Ctrl Pts',(3.78973795757978,-1.21093647586813,2.21019241023533));
#4903=CARTESIAN_POINT('Ctrl Pts',(3.71387155662702,-1.18231986625098,2.20484463622342));
#4904=CARTESIAN_POINT('Ctrl Pts',(3.63630480079832,-1.15306062892658,2.19938042939214));
#4905=CARTESIAN_POINT('Origin',(3.51708479084531,0.,5.27749243093097));
#4906=CARTESIAN_POINT('',(4.00828884235668,0.708194291370663,2.07007065843913));
#4907=CARTESIAN_POINT('Ctrl Pts',(4.46347739470689,1.00305267998592,2.1226653685983));
#4908=CARTESIAN_POINT('Ctrl Pts',(4.36500156279444,0.904724033437638,2.10207714327445));
#4909=CARTESIAN_POINT('Ctrl Pts',(4.27136150468231,0.833903752556027,2.08964465105985));
#4910=CARTESIAN_POINT('Ctrl Pts',(4.10394883218722,0.73638607214338,2.07357120538021));
#4911=CARTESIAN_POINT('Ctrl Pts',(4.0453493614947,0.716911660400388,2.07105484903792));
#4912=CARTESIAN_POINT('Ctrl Pts',(4.01219038945646,0.70885551583495,2.07012600159544));
#4913=CARTESIAN_POINT('Ctrl Pts',(4.00897766883559,0.708307057661267,2.07007968410455));
#4914=CARTESIAN_POINT('Ctrl Pts',(4.00851512471842,0.708231353862425,2.07007362684638));
#4915=CARTESIAN_POINT('',(3.76835620711092,0.671006176597709,2.06732902307976));
#4916=CARTESIAN_POINT('Origin',(2.03763879505251,0.,3.79804643513817));
#4917=CARTESIAN_POINT('Ctrl Pts',(4.00828884235668,0.708194291370663,2.07007065843913));
#4918=CARTESIAN_POINT('Ctrl Pts',(3.93074852890912,0.696176537800502,2.06918183890528));
#4919=CARTESIAN_POINT('Ctrl Pts',(3.85045226387375,0.683731173639251,2.06826392897606));
#4920=CARTESIAN_POINT('Ctrl Pts',(3.7683562071107,0.671006176597675,2.06732902307976));
#4921=CARTESIAN_POINT('Origin',(3.51708479084531,0.,5.27749243093097));
#4922=CARTESIAN_POINT('',(3.96181132380941,-2.14887470484014,2.62433143949578));
#4923=CARTESIAN_POINT('',(3.43155564062735,-2.02547214479202,2.64680386016846));
#4924=CARTESIAN_POINT('Ctrl Pts',(3.96181132380941,-2.14887470484014,2.62433143949578));
#4925=CARTESIAN_POINT('Ctrl Pts',(3.82268087165487,-2.14340256579398,2.64439783440696));
#4926=CARTESIAN_POINT('Ctrl Pts',(3.70671839256013,-2.12356743839114,2.65428776318221));
#4927=CARTESIAN_POINT('Ctrl Pts',(3.51952012986637,-2.07124070540405,2.65799990770943));
#4928=CARTESIAN_POINT('Ctrl Pts',(3.46413618285255,-2.04442193040043,2.65226802768272));
#4929=CARTESIAN_POINT('Ctrl Pts',(3.43480982530696,-2.02761196660414,2.64750656574724));
#4930=CARTESIAN_POINT('Ctrl Pts',(3.4321274517085,-2.02585217815441,2.64692990123311));
#4931=CARTESIAN_POINT('Ctrl Pts',(3.43174349547832,-2.02559697699903,2.64684525608647));
#4932=CARTESIAN_POINT('Ctrl Pts',(4.06878808682522,-1.98291968631019,2.51735467647997));
#4933=CARTESIAN_POINT('Ctrl Pts',(4.05206896065044,-2.01169266858764,2.53451383008297));
#4934=CARTESIAN_POINT('Ctrl Pts',(4.0347830043909,-2.03992655516222,2.55201933437902));
#4935=CARTESIAN_POINT('Ctrl Pts',(4.01694691345254,-2.06759600420389,2.56985542429009));
#4936=CARTESIAN_POINT('Ctrl Pts',(3.99911090591204,-2.09526532386898,2.5876914308033));
#4937=CARTESIAN_POINT('Ctrl Pts',(3.98072708269348,-2.1223666217511,2.60585570598245));
#4938=CARTESIAN_POINT('Ctrl Pts',(3.96181132380941,-2.14887470484014,2.62433143949578));
#4939=CARTESIAN_POINT('',(3.23381675679207,-1.89191209561485,2.60186847339861));
#4940=CARTESIAN_POINT('Origin',(2.03763879505251,0.,3.79804643513817));
#4941=CARTESIAN_POINT('Ctrl Pts',(3.43155564062735,-2.02547214479202,2.64680386016846));
#4942=CARTESIAN_POINT('Ctrl Pts',(3.36765086871673,-1.98231035992253,2.63227949909767));
#4943=CARTESIAN_POINT('Ctrl Pts',(3.30147517524648,-1.9376131397131,2.61724101760333));
#4944=CARTESIAN_POINT('Ctrl Pts',(3.23381675679189,-1.89191209561473,2.60186847339857));
#4945=CARTESIAN_POINT('Origin',(3.51708479084531,0.,5.27749243093097));
#4946=CARTESIAN_POINT('',(3.70251024146091,1.60513529280238,2.3758492593349));
#4947=CARTESIAN_POINT('Ctrl Pts',(4.06878808682522,1.98291968631019,2.51735467647997));
#4948=CARTESIAN_POINT('Ctrl Pts',(3.99805876175781,1.87133562175771,2.46901994433003));
#4949=CARTESIAN_POINT('Ctrl Pts',(3.92525066642182,1.78455430566969,2.43575548931911));
#4950=CARTESIAN_POINT('Ctrl Pts',(3.78785736255734,1.65496422473044,2.3896626750256));
#4951=CARTESIAN_POINT('Ctrl Pts',(3.73612594996796,1.62247920598531,2.38027826059591));
#4952=CARTESIAN_POINT('Ctrl Pts',(3.70611302494389,1.60673432685867,2.37620336609637));
#4953=CARTESIAN_POINT('Ctrl Pts',(3.70314731059733,1.60541409012789,2.37591004233525));
#4954=CARTESIAN_POINT('Ctrl Pts',(3.70271951676525,1.6052268950664,2.37586923479954));
#4955=CARTESIAN_POINT('',(3.48008529527226,1.50987118584473,2.35559993491842));
#4956=CARTESIAN_POINT('Origin',(2.03763879505251,0.,3.79804643513817));
#4957=CARTESIAN_POINT('Ctrl Pts',(3.70251024146091,1.60513529280238,2.3758492593349));
#4958=CARTESIAN_POINT('Ctrl Pts',(3.6306277523533,1.57434948724083,2.36930261546244));
#4959=CARTESIAN_POINT('Ctrl Pts',(3.55619060840863,1.54246840698447,2.36252558444237));
#4960=CARTESIAN_POINT('Ctrl Pts',(3.48008529527206,1.50987118584464,2.3555999349184));
#4961=CARTESIAN_POINT('Origin',(3.51708479084531,0.,5.27749243093097));
#4962=CARTESIAN_POINT('',(3.30831371776307,-2.79507932210818,3.27782904554212));
#4963=CARTESIAN_POINT('',(2.82824179249512,-2.53882296721721,3.25011770830069));
#4964=CARTESIAN_POINT('Ctrl Pts',(3.30831371776307,-2.79507932210818,3.27782904554212));
#4965=CARTESIAN_POINT('Ctrl Pts',(3.1759561534305,-2.74931202986531,3.2911225526903));
#4966=CARTESIAN_POINT('Ctrl Pts',(3.06930955469922,-2.69866903437024,3.2916966010398));
#4967=CARTESIAN_POINT('Ctrl Pts',(2.90192332295341,-2.60111033572706,3.27559671450293));
#4968=CARTESIAN_POINT('Ctrl Pts',(2.85506631488489,-2.563419626004,3.26133789557903));
#4969=CARTESIAN_POINT('Ctrl Pts',(2.83086324086817,-2.54147003234075,3.2514531501713));
#4970=CARTESIAN_POINT('Ctrl Pts',(2.82870147827622,-2.5392912036699,3.25035587465585));
#4971=CARTESIAN_POINT('Ctrl Pts',(2.82839281562994,-2.53897678073083,3.25019593593485));
#4972=CARTESIAN_POINT('Ctrl Pts',(3.45045753624082,-2.69498240126098,3.13568522706437));
#4973=CARTESIAN_POINT('Ctrl Pts',(3.42753260449311,-2.71315866128962,3.1590501862403));
#4974=CARTESIAN_POINT('Ctrl Pts',(3.40420937987444,-2.73059896990685,3.18259295889548));
#4975=CARTESIAN_POINT('Ctrl Pts',(3.38050993502529,-2.74728798815015,3.20629240271734));
#4976=CARTESIAN_POINT('Ctrl Pts',(3.35681060098986,-2.76397692835905,3.22999173572548));
#4977=CARTESIAN_POINT('Ctrl Pts',(3.33273812474506,-2.77991242017087,3.25384466393087));
#4978=CARTESIAN_POINT('Ctrl Pts',(3.30831371776307,-2.79507932210818,3.27782904554212));
#4979=CARTESIAN_POINT('',(2.66977825080178,-2.37525035034343,3.1659069793889));
#4980=CARTESIAN_POINT('Origin',(2.03763879505251,0.,3.79804643513817));
#4981=CARTESIAN_POINT('Ctrl Pts',(2.82824179249512,-2.53882296721721,3.25011770830069));
#4982=CARTESIAN_POINT('Ctrl Pts',(2.77702938742975,-2.48596224550892,3.22290098038491));
#4983=CARTESIAN_POINT('Ctrl Pts',(2.72399758336112,-2.4312210219723,3.19471860948892));
#4984=CARTESIAN_POINT('Ctrl Pts',(2.66977825080164,-2.37525035034328,3.16590697938882));
#4985=CARTESIAN_POINT('Origin',(3.51708479084531,0.,5.27749243093097));
#4986=CARTESIAN_POINT('',(3.18826877883142,2.28529387857943,2.89009072196439));
#4987=CARTESIAN_POINT('Ctrl Pts',(3.45045753624081,2.69498240126099,3.13568522706438));
#4988=CARTESIAN_POINT('Ctrl Pts',(3.40898697492683,2.58521296489112,3.058091731135));
#4989=CARTESIAN_POINT('Ctrl Pts',(3.35968113626602,2.49419091124763,3.00132501947633));
#4990=CARTESIAN_POINT('Ctrl Pts',(3.25847251952716,2.35003028828049,2.91904751804867));
#4991=CARTESIAN_POINT('Ctrl Pts',(3.21646876338472,2.30892194430899,2.89993544715058));
#4992=CARTESIAN_POINT('Ctrl Pts',(3.19135342282275,2.28761476382931,2.89096296823139));
#4993=CARTESIAN_POINT('Ctrl Pts',(3.18881517532185,2.28570105382264,2.89024217761972));
#4994=CARTESIAN_POINT('Ctrl Pts',(3.18844826408222,2.28542764922238,2.89014048748257));
#4995=CARTESIAN_POINT('',(2.99700399070694,2.14481972495835,2.83868123948373));
#4996=CARTESIAN_POINT('Origin',(2.03763879505251,0.,3.79804643513817));
#4997=CARTESIAN_POINT('Ctrl Pts',(3.18826877883142,2.28529387857943,2.89009072196439));
#4998=CARTESIAN_POINT('Ctrl Pts',(3.12645609803029,2.23989781465678,2.87347426978436));
#4999=CARTESIAN_POINT('Ctrl Pts',(3.06244701176061,2.19288673485319,2.85626918108943));
#5000=CARTESIAN_POINT('Ctrl Pts',(2.99700399070677,2.14481972495823,2.83868123948369));
#5001=CARTESIAN_POINT('Origin',(3.51708479084531,0.,5.27749243093097));
#5002=CARTESIAN_POINT('',(2.53388114648978,-3.06379298885632,4.05226161681541));
#5003=CARTESIAN_POINT('',(2.13453988115071,-2.70929167981601,3.94381961964511));
#5004=CARTESIAN_POINT('Ctrl Pts',(2.53388114648978,-3.06379298885632,4.05226161681541));
#5005=CARTESIAN_POINT('Ctrl Pts',(2.418131962003,-2.98391166980277,4.04894674406716));
#5006=CARTESIAN_POINT('Ctrl Pts',(2.3280416150181,-2.9093004234194,4.03296454072393));
#5007=CARTESIAN_POINT('Ctrl Pts',(2.19068344408374,-2.77968560212033,3.98683659355111));
#5008=CARTESIAN_POINT('Ctrl Pts',(2.15455465787778,-2.73621329684973,3.96184955272362));
#5009=CARTESIAN_POINT('Ctrl Pts',(2.13644175207952,-2.71208848744771,3.9458746389632));
#5010=CARTESIAN_POINT('Ctrl Pts',(2.1348724829276,-2.70978488143817,3.94418487000658));
#5011=CARTESIAN_POINT('Ctrl Pts',(2.13464915685151,-2.70945370126891,3.94393959471328));
#5012=CARTESIAN_POINT('Ctrl Pts',(2.69199471009796,-3.04307280950848,3.89414805320723));
#5013=CARTESIAN_POINT('Ctrl Pts',(2.66598982591251,-3.0481975426533,3.9205929648209));
#5014=CARTESIAN_POINT('Ctrl Pts',(2.63979408924734,-3.05248886299435,3.94700824952258));
#5015=CARTESIAN_POINT('Ctrl Pts',(2.61343203176809,-3.05594350604846,3.97337030597454));
#5016=CARTESIAN_POINT('Ctrl Pts',(2.58707009755235,-3.05939813294938,3.999732239163));
#5017=CARTESIAN_POINT('Ctrl Pts',(2.56054526399875,-3.06201564222009,4.02603752467718));
#5018=CARTESIAN_POINT('Ctrl Pts',(2.53388114648978,-3.06379298885632,4.05226161681541));
#5019=CARTESIAN_POINT('',(2.02036580850691,-2.53779788354158,3.81531942168377));
#5020=CARTESIAN_POINT('Origin',(2.03763879505251,0.,3.79804643513817));
#5021=CARTESIAN_POINT('Ctrl Pts',(2.13453988115071,-2.70929167981601,3.94381961964511));
#5022=CARTESIAN_POINT('Ctrl Pts',(2.09764021751256,-2.65387115464736,3.90229015030281));
#5023=CARTESIAN_POINT('Ctrl Pts',(2.05943032966825,-2.59647903335371,3.85928586318243));
#5024=CARTESIAN_POINT('Ctrl Pts',(2.02036580850681,-2.53779788354143,3.81531942168365));
#5025=CARTESIAN_POINT('Origin',(3.51708479084531,0.,5.27749243093097));
#5026=CARTESIAN_POINT('',(2.53501561350664,2.6568108628038,3.54334388728917));
#5027=CARTESIAN_POINT('Ctrl Pts',(2.69199471009795,3.04307280950848,3.89414805320723));
#5028=CARTESIAN_POINT('Ctrl Pts',(2.6773436113141,2.94994297200115,3.78973509477374));
#5029=CARTESIAN_POINT('Ctrl Pts',(2.65103621318799,2.86697321347057,3.70996994255293));
#5030=CARTESIAN_POINT('Ctrl Pts',(2.58729065960979,2.72771173947143,3.59022937801283));
#5031=CARTESIAN_POINT('Ctrl Pts',(2.55656038442592,2.68353197993694,3.55984382617776));
#5032=CARTESIAN_POINT('Ctrl Pts',(2.53743271969768,2.65954015081432,3.54488367133789));
#5033=CARTESIAN_POINT('Ctrl Pts',(2.53544466786138,2.65729142468002,3.54361268506818));
#5034=CARTESIAN_POINT('Ctrl Pts',(2.53515654901955,2.65696873535909,3.54343220254525));
#5035=CARTESIAN_POINT('',(2.38435510044244,2.49009847535998,3.45133012974824));
#5036=CARTESIAN_POINT('Origin',(2.03763879505251,0.,3.79804643513817));
#5037=CARTESIAN_POINT('Ctrl Pts',(2.53501561350664,2.6568108628038,3.54334388728917));
#5038=CARTESIAN_POINT('Ctrl Pts',(2.48632474157076,2.60293553050113,3.51360562624336));
#5039=CARTESIAN_POINT('Ctrl Pts',(2.43590428258718,2.54714355797517,3.48281191026238));
#5040=CARTESIAN_POINT('Ctrl Pts',(2.3843551004423,2.49009847535983,3.45133012974816));
#5041=CARTESIAN_POINT('Origin',(3.51708479084531,0.,5.27749243093097));
#5042=CARTESIAN_POINT('',(1.74310502001903,-2.91872443539639,4.84303774328616));
#5043=CARTESIAN_POINT('',(1.44413819365617,-2.51385553835221,4.63422130713965));
#5044=CARTESIAN_POINT('Ctrl Pts',(1.74310502001903,-2.91872443539639,4.84303774328616));
#5045=CARTESIAN_POINT('Ctrl Pts',(1.65155665385808,-2.81551750434281,4.81552205222976));
#5046=CARTESIAN_POINT('Ctrl Pts',(1.58302691626946,-2.72701466929314,4.77797923947147));
#5047=CARTESIAN_POINT('Ctrl Pts',(1.4818573795836,-2.58284892504716,4.69566265800601));
#5048=CARTESIAN_POINT('Ctrl Pts',(1.45720919254561,-2.53946619996524,4.65919501802495));
#5049=CARTESIAN_POINT('Ctrl Pts',(1.44533082890662,-2.51642436411948,4.63698556213289));
#5050=CARTESIAN_POINT('Ctrl Pts',(1.44434591611299,-2.51430709552907,4.63471143681912));
#5051=CARTESIAN_POINT('Ctrl Pts',(1.44420644442738,-2.51400388584938,4.63438230713741));
#5052=CARTESIAN_POINT('Ctrl Pts',(1.89583421585485,-2.98017937258332,4.69030854745034));
#5053=CARTESIAN_POINT('Ctrl Pts',(1.87029119701019,-2.97156045523598,4.71629159372322));
#5054=CARTESIAN_POINT('Ctrl Pts',(1.84477565328019,-2.96212322070977,4.74202668548973));
#5055=CARTESIAN_POINT('Ctrl Pts',(1.81931132504121,-2.95187691988739,4.76749101270142));
#5056=CARTESIAN_POINT('Ctrl Pts',(1.79384711586817,-2.9416306669746,4.79295522084717));
#5057=CARTESIAN_POINT('Ctrl Pts',(1.76843742516671,-2.93057668457308,4.81814536350923));
#5058=CARTESIAN_POINT('Ctrl Pts',(1.74310502001903,-2.91872443539639,4.84303774328616));
#5059=CARTESIAN_POINT('',(1.37328617875795,-2.35760175014392,4.46239905143273));
#5060=CARTESIAN_POINT('Origin',(2.03763879505251,0.,3.79804643513817));
#5061=CARTESIAN_POINT('Ctrl Pts',(1.44413819365617,-2.51385553835221,4.63422130713964));
#5062=CARTESIAN_POINT('Ctrl Pts',(1.42123863098708,-2.463360058742,4.57869173682758));
#5063=CARTESIAN_POINT('Ctrl Pts',(1.39752690427271,-2.41106816369287,4.52118928857733));
#5064=CARTESIAN_POINT('Ctrl Pts',(1.37328617875788,-2.35760175014378,4.46239905143258));
#5065=CARTESIAN_POINT('Origin',(3.51708479084531,0.,5.27749243093097));
#5066=CARTESIAN_POINT('',(1.83097620526442,2.66951081810931,4.24738329553139));
#5067=CARTESIAN_POINT('Ctrl Pts',(1.89583421585484,2.98017937258332,4.69030854745035));
#5068=CARTESIAN_POINT('Ctrl Pts',(1.90194116132637,2.91626683450998,4.56513754474252));
#5069=CARTESIAN_POINT('Ctrl Pts',(1.895022320789,2.85255489676921,4.46598383495318));
#5070=CARTESIAN_POINT('Ctrl Pts',(1.86495861208406,2.73700060541509,4.31256142550304));
#5071=CARTESIAN_POINT('Ctrl Pts',(1.84552509621991,2.69571615163233,4.27087911433245));
#5072=CARTESIAN_POINT('Ctrl Pts',(1.83266653006572,2.67227990343228,4.24964986098372));
#5073=CARTESIAN_POINT('Ctrl Pts',(1.83127709572747,2.66999986408757,4.24778025721108));
#5074=CARTESIAN_POINT('Ctrl Pts',(1.83107503771081,2.66967147101355,4.24751371385399));
#5075=CARTESIAN_POINT('',(1.72488025191364,2.49907562855226,4.11080497827703));
#5076=CARTESIAN_POINT('Origin',(2.03763879505251,0.,3.79804643513817));
#5077=CARTESIAN_POINT('Ctrl Pts',(1.83097620526442,2.66951081810931,4.24738329553139));
#5078=CARTESIAN_POINT('Ctrl Pts',(1.79668696975538,2.61443237958921,4.20324339806055));
#5079=CARTESIAN_POINT('Ctrl Pts',(1.76118048825679,2.55739452938432,4.15753570459438));
#5080=CARTESIAN_POINT('Ctrl Pts',(1.72488025191355,2.4990756285521,4.11080497827691));
#5081=CARTESIAN_POINT('Origin',(3.51708479084531,0.,5.27749243093097));
#5082=CARTESIAN_POINT('',(1.04278403607247,-2.37946597372577,5.54335872723272));
#5083=CARTESIAN_POINT('',(0.850279303555456,-1.97890927667953,5.22808019724035));
#5084=CARTESIAN_POINT('Ctrl Pts',(1.04278403607247,-2.37946597372577,5.54335872723272));
#5085=CARTESIAN_POINT('Ctrl Pts',(0.979760472015258,-2.26687209858844,5.4873182340726));
#5086=CARTESIAN_POINT('Ctrl Pts',(0.934883821792327,-2.17643047316971,5.42612233394864));
#5087=CARTESIAN_POINT('Ctrl Pts',(0.871176017420878,-2.03718418861331,5.30634402016207));
#5088=CARTESIAN_POINT('Ctrl Pts',(0.85721028822754,-1.9997501211256,5.25919392233633));
#5089=CARTESIAN_POINT('Ctrl Pts',(0.850868831106862,-1.9809031864309,5.23144755993349));
#5090=CARTESIAN_POINT('Ctrl Pts',(0.85038121702341,-1.97925820411395,5.22867613590924));
#5091=CARTESIAN_POINT('Ctrl Pts',(0.850312792545571,-1.97902391506945,5.22827595901922));
#5092=CARTESIAN_POINT('Ctrl Pts',(1.16950193993661,-2.5147961976468,5.41664082336858));
#5093=CARTESIAN_POINT('Ctrl Pts',(1.14790022673768,-2.49359766235414,5.43868256399573));
#5094=CARTESIAN_POINT('Ctrl Pts',(1.12652571709955,-2.47170642377695,5.46027662167038));
#5095=CARTESIAN_POINT('Ctrl Pts',(1.10539821666287,-2.44914299878086,5.48140412107976));
#5096=CARTESIAN_POINT('Ctrl Pts',(1.08427081501401,-2.42657967928667,5.50253152170133));
#5097=CARTESIAN_POINT('Ctrl Pts',(1.06339316110424,-2.40334710678848,5.52318962757169));
#5098=CARTESIAN_POINT('Ctrl Pts',(1.04278403607247,-2.37946597372577,5.54335872723272));
#5099=CARTESIAN_POINT('',(0.815931051144494,-1.85899843646704,5.01975417904618));
#5100=CARTESIAN_POINT('Origin',(2.03763879505251,0.,3.79804643513817));
#5101=CARTESIAN_POINT('Ctrl Pts',(0.850279303555456,-1.97890927667953,5.22808019724035));
#5102=CARTESIAN_POINT('Ctrl Pts',(0.839176410185195,-1.94015853695505,5.16075395763007));
#5103=CARTESIAN_POINT('Ctrl Pts',(0.827681032508582,-1.90002917833611,5.091035160342));
#5104=CARTESIAN_POINT('Ctrl Pts',(0.815931051144465,-1.85899843646694,5.019754179046));
#5105=CARTESIAN_POINT('Origin',(3.51708479084531,0.,5.27749243093097));
#5106=CARTESIAN_POINT('',(1.17123497740491,2.32167854515906,4.9071245233909));
#5107=CARTESIAN_POINT('Ctrl Pts',(1.1695019399366,2.51479619764679,5.41664082336858));
#5108=CARTESIAN_POINT('Ctrl Pts',(1.18750202249405,2.48873270144482,5.27957668359377));
#5109=CARTESIAN_POINT('Ctrl Pts',(1.19374332445371,2.45288323470534,5.16726283128719));
#5110=CARTESIAN_POINT('Ctrl Pts',(1.18903132259004,2.37664237338154,4.98848871499958));
#5111=CARTESIAN_POINT('Ctrl Pts',(1.1793921545203,2.34382891961757,4.93701205605027));
#5112=CARTESIAN_POINT('Ctrl Pts',(1.17223743305311,2.32411344746208,4.91007895798639));
#5113=CARTESIAN_POINT('Ctrl Pts',(1.17141419144416,2.32211002685993,4.90764316148793));
#5114=CARTESIAN_POINT('Ctrl Pts',(1.17129383970858,2.32182028134733,4.90729491185621));
#5115=CARTESIAN_POINT('',(1.10764517769067,2.17053877025246,4.7280400525));
#5116=CARTESIAN_POINT('Origin',(2.03763879505251,0.,3.79804643513817));
#5117=CARTESIAN_POINT('Ctrl Pts',(1.17123497740491,2.32167854515906,4.9071245233909));
#5118=CARTESIAN_POINT('Ctrl Pts',(1.15068218508023,2.27283564874213,4.84924818273496));
#5119=CARTESIAN_POINT('Ctrl Pts',(1.12940081596523,2.22225519858631,4.78931537688529));
#5120=CARTESIAN_POINT('Ctrl Pts',(1.10764517769062,2.17053877025232,4.72804005249984));
#5121=CARTESIAN_POINT('Origin',(3.51708479084531,0.,5.27749243093097));
#5122=CARTESIAN_POINT('',(0.527500424144614,-1.51884744722736,6.05864233916057));
#5123=CARTESIAN_POINT('',(0.433167144642381,-1.17670035167643,5.64519235615343));
#5124=CARTESIAN_POINT('Ctrl Pts',(0.527500424144613,-1.51884744722736,6.05864233916057));
#5125=CARTESIAN_POINT('Ctrl Pts',(0.493473213399303,-1.4120730547433,5.97360549268359));
#5126=CARTESIAN_POINT('Ctrl Pts',(0.471147647979952,-1.33190728162744,5.88985850776153));
#5127=CARTESIAN_POINT('Ctrl Pts',(0.441115259407988,-1.21638643900223,5.7364047780432));
#5128=CARTESIAN_POINT('Ctrl Pts',(0.435591121638145,-1.18995670738605,5.68081308878932));
#5129=CARTESIAN_POINT('Ctrl Pts',(0.433341145509885,-1.17785005685741,5.64897524554914));
#5130=CARTESIAN_POINT('Ctrl Pts',(0.433196609542257,-1.17689952478801,5.64586074340249));
#5131=CARTESIAN_POINT('Ctrl Pts',(0.433176829771052,-1.17676579840932,5.64541192179374));
#5132=CARTESIAN_POINT('Ctrl Pts',(0.611093080952082,-1.7097758612513,5.9750496823531));
#5133=CARTESIAN_POINT('Ctrl Pts',(0.596379818536843,-1.67886068766972,5.99020297219656));
#5134=CARTESIAN_POINT('Ctrl Pts',(0.582047914546882,-1.64747197811493,6.00475442422304));
#5135=CARTESIAN_POINT('Ctrl Pts',(0.568110627848648,-1.61563874451912,6.01869170989398));
#5136=CARTESIAN_POINT('Ctrl Pts',(0.554173406318273,-1.5838056597689,6.03262893039707));
#5137=CARTESIAN_POINT('Ctrl Pts',(0.540632606458139,-1.55153218482604,6.04595018221779));
#5138=CARTESIAN_POINT('Ctrl Pts',(0.527500424144613,-1.51884744722736,6.05864233916057));
#5139=CARTESIAN_POINT('',(0.423574324062127,-1.10932708287935,5.41211090612855));
#5140=CARTESIAN_POINT('Origin',(2.03763879505251,0.,3.79804643513817));
#5141=CARTESIAN_POINT('Ctrl Pts',(0.433167144642381,-1.17670035167643,5.64519235615343));
#5142=CARTESIAN_POINT('Ctrl Pts',(0.430064283343753,-1.15492785396231,5.56986608447142));
#5143=CARTESIAN_POINT('Ctrl Pts',(0.426853556982099,-1.13238072401957,5.4918626358684));
#5144=CARTESIAN_POINT('Ctrl Pts',(0.42357432406212,-1.10932708287929,5.41211090612834));
#5145=CARTESIAN_POINT('Origin',(3.51708479084531,0.,5.27749243093097));
#5146=CARTESIAN_POINT('',(0.644893638502886,1.66029071982016,5.43346586229293));
#5147=CARTESIAN_POINT('Ctrl Pts',(0.611093080952078,1.70977586125129,5.97504968235311));
#5148=CARTESIAN_POINT('Ctrl Pts',(0.630515159357802,1.72508142649117,5.836563546763));
#5149=CARTESIAN_POINT('Ctrl Pts',(0.641910838558958,1.72193609989981,5.71909531718005));
#5150=CARTESIAN_POINT('Ctrl Pts',(0.650796517010413,1.69530541937093,5.52672352043925));
#5151=CARTESIAN_POINT('Ctrl Pts',(0.648126504226182,1.67539460434721,5.46827770623103));
#5152=CARTESIAN_POINT('Ctrl Pts',(0.645340037788341,1.66206259206207,5.43697635325192));
#5153=CARTESIAN_POINT('Ctrl Pts',(0.644974096671091,1.66060636325374,5.43408325626149));
#5154=CARTESIAN_POINT('Ctrl Pts',(0.644920061776896,1.66039439703483,5.4336686897879));
#5155=CARTESIAN_POINT('',(0.616010894764948,1.54885862365953,5.21967433542573));
#5156=CARTESIAN_POINT('Origin',(2.03763879505251,0.,3.79804643513817));
#5157=CARTESIAN_POINT('Ctrl Pts',(0.644893638502886,1.66029071982016,5.43346586229293));
#5158=CARTESIAN_POINT('Ctrl Pts',(0.635556913353386,1.62427986931598,5.36437345446209));
#5159=CARTESIAN_POINT('Ctrl Pts',(0.625890611268923,1.58698798927865,5.29282558158185));
#5160=CARTESIAN_POINT('Ctrl Pts',(0.616010894764923,1.54885862365943,5.21967433542554));
#5161=CARTESIAN_POINT('Origin',(3.51708479084531,0.,5.27749243093097));
#5162=CARTESIAN_POINT('',(0.316375337285196,-0.717996537419478,5.51930989290548));
#5163=CARTESIAN_POINT('',(0.323043399363222,-0.774723048839817,5.75554535220157));
#5164=CARTESIAN_POINT('Ctrl Pts',(0.31637533728519,-0.717996537419427,5.51930989290527));
#5165=CARTESIAN_POINT('Ctrl Pts',(0.318651713807635,-0.73738922794355,5.60006434944079));
#5166=CARTESIAN_POINT('Ctrl Pts',(0.32088167310069,-0.756356060570245,5.67904855544701));
#5167=CARTESIAN_POINT('Ctrl Pts',(0.323037502935106,-0.774671432781069,
5.7553219978607));
#5168=CARTESIAN_POINT('Origin',(2.03763879505251,0.,3.79804643513817));
#5169=CARTESIAN_POINT('',(0.296023849557431,-0.673840820598699,6.29011891374776));
#5170=CARTESIAN_POINT('Ctrl Pts',(0.296023849557431,-0.673840820598699,
6.29011891374776));
#5171=CARTESIAN_POINT('Ctrl Pts',(0.290215859615299,-0.637384274227288,
6.29636693111811));
#5172=CARTESIAN_POINT('Ctrl Pts',(0.284876989912627,-0.600737312851118,
6.30192534885729));
#5173=CARTESIAN_POINT('Ctrl Pts',(0.280012224681221,-0.563933525246741,
6.30679011306141));
#5174=CARTESIAN_POINT('Ctrl Pts',(0.275147482196444,-0.527129909729218,
6.3116548545189));
#5175=CARTESIAN_POINT('Ctrl Pts',(0.270757470849579,-0.490174243966218,
6.31582531782635));
#5176=CARTESIAN_POINT('Ctrl Pts',(0.266846091311385,-0.453100156756646,
6.3192966719938));
#5177=CARTESIAN_POINT('Ctrl Pts',(0.323043399363223,-0.774723048839817,
5.75554535220157));
#5178=CARTESIAN_POINT('Ctrl Pts',(0.323052464900363,-0.774802372425759,
5.75588842044717));
#5179=CARTESIAN_POINT('Ctrl Pts',(0.323087308564302,-0.775118204236902,
5.75731305121144));
#5180=CARTESIAN_POINT('Ctrl Pts',(0.323174633117817,-0.776105441220628,
5.76277918701397));
#5181=CARTESIAN_POINT('Ctrl Pts',(0.323207400288372,-0.776594854854577,
5.76598277638188));
#5182=CARTESIAN_POINT('Ctrl Pts',(0.323301063321275,-0.778457630053345,
5.77963811794627));
#5183=CARTESIAN_POINT('Ctrl Pts',(0.323254099734559,-0.779397338452904,
5.79096328750421));
#5184=CARTESIAN_POINT('Ctrl Pts',(0.322826673651525,-0.781545876690758,
5.832163514885));
#5185=CARTESIAN_POINT('Ctrl Pts',(0.32188193812423,-0.7808875322581,5.87040507870371));
#5186=CARTESIAN_POINT('Ctrl Pts',(0.316523466453586,-0.766888800203585,
6.00176711775723));
#5187=CARTESIAN_POINT('Ctrl Pts',(0.308720781224481,-0.741943745204978,
6.12893309765506));
#5188=CARTESIAN_POINT('Ctrl Pts',(0.29602384955743,-0.673840820598689,6.29011891374776));
#5189=CARTESIAN_POINT('Origin',(3.51708479084531,0.,5.27749243093097));
#5190=CARTESIAN_POINT('',(0.323037502935106,0.77467143278107,5.7553219978607));
#5191=CARTESIAN_POINT('Ctrl Pts',(0.29602384955743,0.67384082059869,6.29011891374776));
#5192=CARTESIAN_POINT('Ctrl Pts',(0.306204734166533,0.728448345876499,6.16087397195426));
#5193=CARTESIAN_POINT('Ctrl Pts',(0.314052898133843,0.758431953226302,6.04695325760516));
#5194=CARTESIAN_POINT('Ctrl Pts',(0.322945788288498,0.78500807452079,5.85457424916112));
#5195=CARTESIAN_POINT('Ctrl Pts',(0.323478515286637,0.780688964143333,5.79292569517053));
#5196=CARTESIAN_POINT('Ctrl Pts',(0.323134757137277,0.775540973796888,5.75918163390305));
#5197=CARTESIAN_POINT('Ctrl Pts',(0.32305546330969,0.774828608552337,5.75600188962294));
#5198=CARTESIAN_POINT('Ctrl Pts',(0.323043399363223,0.774723048839818,5.75554535220157));
#5199=CARTESIAN_POINT('',(0.316375337285196,0.717996537419478,5.51930989290548));
#5200=CARTESIAN_POINT('Origin',(2.03763879505251,0.,3.79804643513817));
#5201=CARTESIAN_POINT('Ctrl Pts',(0.323037502935107,0.77467143278107,5.7553219978607));
#5202=CARTESIAN_POINT('Ctrl Pts',(0.320881676928811,0.75635609309297,5.67904869088626));
#5203=CARTESIAN_POINT('Ctrl Pts',(0.318651717358101,0.737389258214649,5.60006447549231));
#5204=CARTESIAN_POINT('Ctrl Pts',(0.316375337285191,0.717996537419428,5.51930989290527));
#5205=CARTESIAN_POINT('Ctrl Pts',(-1.65389322289956,1.16473967573968,5.62724075355385));
#5206=CARTESIAN_POINT('Ctrl Pts',(-0.994909349204728,1.0347331471006,5.67000927758117));
#5207=CARTESIAN_POINT('Ctrl Pts',(-0.335925475509893,0.90472661846151,5.71277780160849));
#5208=CARTESIAN_POINT('Ctrl Pts',(0.323058398184941,0.774720089822423,5.75554632563581));
#5209=CARTESIAN_POINT('Ctrl Pts',(-1.65381508556935,1.1655703414284,5.63081823633085));
#5210=CARTESIAN_POINT('Ctrl Pts',(-0.994844871876024,1.03543294351304,5.67318032035952));
#5211=CARTESIAN_POINT('Ctrl Pts',(-0.335859842899617,0.905410000381066,
5.71556378429472));
#5212=CARTESIAN_POINT('Ctrl Pts',(0.323110370793707,0.775272602465704,5.75792586832339));
#5213=CARTESIAN_POINT('Ctrl Pts',(-1.65289955358149,1.17618849933595,5.68624643815409));
#5214=CARTESIAN_POINT('Ctrl Pts',(-0.994027853378111,1.0448942413691,5.72242575979019));
#5215=CARTESIAN_POINT('Ctrl Pts',(-0.335152368421527,0.913629468858483,
5.7586143055433));
#5216=CARTESIAN_POINT('Ctrl Pts',(0.323719331781852,0.782335210891627,5.79479362717939));
#5217=CARTESIAN_POINT('Ctrl Pts',(-1.65583797860079,1.16969645242132,5.92937862885932));
#5218=CARTESIAN_POINT('Ctrl Pts',(-0.996635113316841,1.03915164013966,5.93842795692888));
#5219=CARTESIAN_POINT('Ctrl Pts',(-0.337438010491515,0.908561874428469,
5.94746231777546));
#5220=CARTESIAN_POINT('Ctrl Pts',(0.321764854792437,0.77801706214681,5.95651164584503));
#5221=CARTESIAN_POINT('Ctrl Pts',(-1.66679030618542,1.10448554965718,6.20966432756794));
#5222=CARTESIAN_POINT('Ctrl Pts',(-1.00637585677025,0.981134706101882,6.18740399914027));
#5223=CARTESIAN_POINT('Ctrl Pts',(-0.345934474142908,0.857993237955205,
6.1652024412709));
#5224=CARTESIAN_POINT('Ctrl Pts',(0.314479975272264,0.734642394399911,6.14294211284324));
#5225=CARTESIAN_POINT('Ctrl Pts',(-1.68096422566386,1.01076123089804,6.42997455057881));
#5226=CARTESIAN_POINT('Ctrl Pts',(-1.01895872647667,0.897941549685946,6.3831431094412));
#5227=CARTESIAN_POINT('Ctrl Pts',(-0.35695322728949,0.785121868473856,6.33631166830359));
#5228=CARTESIAN_POINT('Ctrl Pts',(0.305052271897693,0.672302187261766,6.28948022716598));
#5229=CARTESIAN_POINT('Ctrl Pts',(-1.64044374559734,1.1620071491716,5.62777917674823));
#5230=CARTESIAN_POINT('Ctrl Pts',(-0.985949996086525,1.03289524370809,5.67029345045239));
#5231=CARTESIAN_POINT('Ctrl Pts',(-0.331456246575709,0.903783338244581,
5.71280772415654));
#5232=CARTESIAN_POINT('Ctrl Pts',(0.323037502935107,0.77467143278107,5.7553219978607));
#5233=CARTESIAN_POINT('Ctrl Pts',(-1.65042855604093,1.07699326595239,5.27376207277048));
#5234=CARTESIAN_POINT('Ctrl Pts',(-0.99441695673151,0.957252798267285,5.35566257070023));
#5235=CARTESIAN_POINT('Ctrl Pts',(-0.338405357422096,0.837512330582179,
5.43756306862996));
#5236=CARTESIAN_POINT('Ctrl Pts',(0.317606241887319,0.717771862897072,5.51946356655971));
#5237=CARTESIAN_POINT('Ctrl Pts',(-1.6477120793643,1.10545191545202,5.39172803352576));
#5238=CARTESIAN_POINT('Ctrl Pts',(-0.992002498830671,0.982547405698593,
5.46051303690385));
#5239=CARTESIAN_POINT('Ctrl Pts',(-0.336292918297046,0.859642895945166,
5.52929804028194));
#5240=CARTESIAN_POINT('Ctrl Pts',(0.319416662236581,0.736738386191738,5.59808304366004));
#5241=CARTESIAN_POINT('Ctrl Pts',(-1.64499560268767,1.13391056495165,5.50969399428103));
#5242=CARTESIAN_POINT('Ctrl Pts',(-0.989588040929834,1.0078420131299,5.56536350310748));
#5243=CARTESIAN_POINT('Ctrl Pts',(-0.334180479171993,0.881773461308153,
5.62103301193392));
#5244=CARTESIAN_POINT('Ctrl Pts',(0.321227082585844,0.755704909486404,5.67670252076037));
#5245=CARTESIAN_POINT('Ctrl Pts',(-1.64227912601104,1.16236921445128,5.6276599550363));
#5246=CARTESIAN_POINT('Ctrl Pts',(-0.987173583028994,1.03313662056121,5.6702139693111));
#5247=CARTESIAN_POINT('Ctrl Pts',(-0.332068040046944,0.903904026671141,
5.7127679835859));
#5248=CARTESIAN_POINT('Ctrl Pts',(0.323037502935107,0.77467143278107,5.7553219978607));
#5249=CARTESIAN_POINT('Ctrl Pts',(-1.65039104467612,1.07738624660724,5.27539104467612));
#5250=CARTESIAN_POINT('Ctrl Pts',(-1.16214365461918,0.988168183340385,5.33594360558873));
#5251=CARTESIAN_POINT('Ctrl Pts',(-0.673896264560355,0.898950120067027,
5.39649616647655));
#5252=CARTESIAN_POINT('Ctrl Pts',(-0.0183074705701777,0.779153550327176,
5.47780244917928));
#5253=CARTESIAN_POINT('Ctrl Pts',(0.149033933357165,0.748575043874515,5.49855617104691));
#5254=CARTESIAN_POINT('Ctrl Pts',(0.316375337285196,0.717996537419478,5.51930989290548));
#5255=CARTESIAN_POINT('Ctrl Pts',(-1.16997510536155,2.49628203846327,5.14332263601584));
#5256=CARTESIAN_POINT('Ctrl Pts',(-0.565005459838968,2.21765071072163,5.24010538821541));
#5257=CARTESIAN_POINT('Ctrl Pts',(0.0399641856836137,1.93901938297999,5.33688814041498));
#5258=CARTESIAN_POINT('Ctrl Pts',(0.644933831206196,1.66038805523835,5.43367089261456));
#5259=CARTESIAN_POINT('Ctrl Pts',(-1.1695666342535,2.49795047146451,5.14656978501501));
#5260=CARTESIAN_POINT('Ctrl Pts',(-0.564657339292165,2.21909678143611,5.24299278777566));
#5261=CARTESIAN_POINT('Ctrl Pts',(0.0402962285209192,1.94035149415873,5.33940771287419));
#5262=CARTESIAN_POINT('Ctrl Pts',(0.645205523482254,1.66149780413032,5.43583071563484));
#5263=CARTESIAN_POINT('Ctrl Pts',(-1.16409976910495,2.52177247228147,5.1974453935089));
#5264=CARTESIAN_POINT('Ctrl Pts',(-0.559789919719285,2.24028590355183,5.28818656596271));
#5265=CARTESIAN_POINT('Ctrl Pts',(0.044531928915714,1.95882944364881,5.37892917001192));
#5266=CARTESIAN_POINT('Ctrl Pts',(0.648841778301379,1.67734287491917,5.46967034246573));
#5267=CARTESIAN_POINT('Ctrl Pts',(-1.16038891269089,2.57857240159188,5.433927368066));
#5268=CARTESIAN_POINT('Ctrl Pts',(-0.556483657903703,2.29077008977299,5.49827430663233));
#5269=CARTESIAN_POINT('Ctrl Pts',(0.0474047789315107,2.00292534247055,5.56261806843799));
#5270=CARTESIAN_POINT('Ctrl Pts',(0.651310033718701,1.71512303065166,5.62696500700432));
#5271=CARTESIAN_POINT('Ctrl Pts',(-1.17816294922714,2.59216332366663,5.72103697060966));
#5272=CARTESIAN_POINT('Ctrl Pts',(-0.572306552045048,2.30276207824018,5.75333469441507));
#5273=CARTESIAN_POINT('Ctrl Pts',(0.0336313354089999,2.01356420198588,5.785636631719));
#5274=CARTESIAN_POINT('Ctrl Pts',(0.639487732591093,1.72416295655943,5.81793435552441));
#5275=CARTESIAN_POINT('Ctrl Pts',(-1.20836037857188,2.56466379187693,5.95737070348684));
#5276=CARTESIAN_POINT('Ctrl Pts',(-0.599106225339225,2.2783997934461,5.96329060830375));
#5277=CARTESIAN_POINT('Ctrl Pts',(0.0101479278934332,1.99213579501526,5.96921051312067));
#5278=CARTESIAN_POINT('Ctrl Pts',(0.619402081126092,1.70587179658442,5.97513041793758));
#5279=CARTESIAN_POINT('Ctrl Pts',(-1.15765954224567,2.49043607973024,5.14499497339656));
#5280=CARTESIAN_POINT('Ctrl Pts',(-0.556808481996151,2.21372095976021,5.24115193636201));
#5281=CARTESIAN_POINT('Ctrl Pts',(0.0440425782533676,1.93700583979018,5.33730889932747));
#5282=CARTESIAN_POINT('Ctrl Pts',(0.644893638502886,1.66029071982016,5.43346586229293));
#5283=CARTESIAN_POINT('Ctrl Pts',(-1.20097586257055,2.32328461302739,4.82430937930011));
#5284=CARTESIAN_POINT('Ctrl Pts',(-0.59493456244484,2.06498106097731,4.95618017641355));
#5285=CARTESIAN_POINT('Ctrl Pts',(0.0111067376808723,1.80667750892724,5.088050973527));
#5286=CARTESIAN_POINT('Ctrl Pts',(0.617148037806585,1.54837395687717,5.21992177064044));
#5287=CARTESIAN_POINT('Ctrl Pts',(-1.1870987396506,2.37926043035291,4.93111469381206));
#5288=CARTESIAN_POINT('Ctrl Pts',(-0.582600302643059,2.11473346841022,5.05111084071624));
#5289=CARTESIAN_POINT('Ctrl Pts',(0.0218981343644792,1.85020650646753,5.17110698762042));
#5290=CARTESIAN_POINT('Ctrl Pts',(0.626396571372019,1.58567954452483,5.2911031345246));
#5291=CARTESIAN_POINT('Ctrl Pts',(-1.17322161673065,2.43523624767844,5.03792000832401));
#5292=CARTESIAN_POINT('Ctrl Pts',(-0.570266042841281,2.16448587584313,5.14604150501892));
#5293=CARTESIAN_POINT('Ctrl Pts',(0.032689531048086,1.89373550400781,5.25416300171384));
#5294=CARTESIAN_POINT('Ctrl Pts',(0.635645104937453,1.6229851321725,5.36228449840876));
#5295=CARTESIAN_POINT('Ctrl Pts',(-1.15934449381069,2.49121206500397,5.14472532283595));
#5296=CARTESIAN_POINT('Ctrl Pts',(-0.5579317830395,2.21423828327603,5.24097216932161));
#5297=CARTESIAN_POINT('Ctrl Pts',(0.0434809277316931,1.93726450154809,5.33721901580727));
#5298=CARTESIAN_POINT('Ctrl Pts',(0.644893638502886,1.66029071982016,5.43346586229293));
#5299=CARTESIAN_POINT('Ctrl Pts',(-1.20078423573835,2.32405757357664,4.82578423573835));
#5300=CARTESIAN_POINT('Ctrl Pts',(-0.749767028568819,2.13161536615967,4.92356697953837));
#5301=CARTESIAN_POINT('Ctrl Pts',(-0.298749821399968,1.93917315872982,5.02134972331617));
#5302=CARTESIAN_POINT('Ctrl Pts',(0.306848555433362,1.68077350873647,5.15264642317574));
#5303=CARTESIAN_POINT('Ctrl Pts',(0.461429725099274,1.61481606620028,5.18616037930467));
#5304=CARTESIAN_POINT('Ctrl Pts',(0.616010894764948,1.54885862365953,5.21967433542573));
#5305=CARTESIAN_POINT('Ctrl Pts',(-1.48963030582843,-1.66398824469774,5.11296382255799));
#5306=CARTESIAN_POINT('Ctrl Pts',(-0.851496309185702,-1.47898548103939,
5.21274192315442));
#5307=CARTESIAN_POINT('Ctrl Pts',(-0.213362312542971,-1.29398271738104,
5.31252002375084));
#5308=CARTESIAN_POINT('Ctrl Pts',(0.424771684099761,-1.10897995372268,5.41229812434727));
#5309=CARTESIAN_POINT('Ctrl Pts',(-1.48543126760271,-1.69785899404207,5.22944722176416));
#5310=CARTESIAN_POINT('Ctrl Pts',(-0.847764121419371,-1.5090904692638,5.31627465949255));
#5311=CARTESIAN_POINT('Ctrl Pts',(-0.210096975236035,-1.32032194448554,
5.40310209722093));
#5312=CARTESIAN_POINT('Ctrl Pts',(0.427570170947301,-1.13155341970727,5.48992953494932));
#5313=CARTESIAN_POINT('Ctrl Pts',(-1.48123222937698,-1.7317297433864,5.34593062097034));
#5314=CARTESIAN_POINT('Ctrl Pts',(-0.844031933653037,-1.53919545748822,
5.41980739583068));
#5315=CARTESIAN_POINT('Ctrl Pts',(-0.206831637929099,-1.34666117159003,
5.49368417069103));
#5316=CARTESIAN_POINT('Ctrl Pts',(0.430368657794841,-1.15412688569185,5.56756094555137));
#5317=CARTESIAN_POINT('Ctrl Pts',(-1.47703319115125,-1.76560049273074,5.46241402017651));
#5318=CARTESIAN_POINT('Ctrl Pts',(-0.840299745886706,-1.56930044571263,
5.52334013216881));
#5319=CARTESIAN_POINT('Ctrl Pts',(-0.203566300622163,-1.37300039869453,
5.58426624416112));
#5320=CARTESIAN_POINT('Ctrl Pts',(0.433167144642381,-1.17670035167643,5.64519235615343));
#5321=CARTESIAN_POINT('Ctrl Pts',(-1.47524928303643,-1.76505052751465,5.46258471418732));
#5322=CARTESIAN_POINT('Ctrl Pts',(-0.839110473810159,-1.56893380223524,
5.52345392817602));
#5323=CARTESIAN_POINT('Ctrl Pts',(-0.202971664583889,-1.37281707695584,
5.58432314216472));
#5324=CARTESIAN_POINT('Ctrl Pts',(0.433167144642381,-1.17670035167643,5.64519235615343));
#5325=CARTESIAN_POINT('Ctrl Pts',(-1.48957232202313,-1.66445596011964,5.11457232202313));
#5326=CARTESIAN_POINT('Ctrl Pts',(-1.01463596693998,-1.52664588368603,5.18843591790953));
#5327=CARTESIAN_POINT('Ctrl Pts',(-0.539699611855329,-1.38883580724451,
5.26229951377153));
#5328=CARTESIAN_POINT('Ctrl Pts',(0.098015936842208,-1.20379284815154,5.3614790417669));
#5329=CARTESIAN_POINT('Ctrl Pts',(0.260795130451895,-1.15655996551688,5.38679497395215));
#5330=CARTESIAN_POINT('Ctrl Pts',(0.423574324062127,-1.10932708287935,5.41211090612855));
#5331=CARTESIAN_POINT('Ctrl Pts',(-0.378610469516331,3.49068767951611,4.35195800017062));
#5332=CARTESIAN_POINT('Ctrl Pts',(0.138028219881969,3.10106225743291,4.53707170849447));
#5333=CARTESIAN_POINT('Ctrl Pts',(0.65466690928027,2.71143683534972,4.72218541681833));
#5334=CARTESIAN_POINT('Ctrl Pts',(1.17130559867857,2.32181141326652,4.90729912514218));
#5335=CARTESIAN_POINT('Ctrl Pts',(-0.377679975041021,3.49296854870795,4.35468312580253));
#5336=CARTESIAN_POINT('Ctrl Pts',(0.138831455497571,3.10305930258647,4.53950399298593));
#5337=CARTESIAN_POINT('Ctrl Pts',(0.655413081343082,2.71323776679146,4.72429086005203));
#5338=CARTESIAN_POINT('Ctrl Pts',(1.17192451188167,2.32332852066999,4.90911172723543));
#5339=CARTESIAN_POINT('Ctrl Pts',(-0.364593117122381,3.52678322314464,4.3979397058537));
#5340=CARTESIAN_POINT('Ctrl Pts',(0.150474733644605,3.13312066453007,4.57792287692619));
#5341=CARTESIAN_POINT('Ctrl Pts',(0.665561311564395,2.73948272111884,4.7579004287802));
#5342=CARTESIAN_POINT('Ctrl Pts',(1.18062916233138,2.34582016250427,4.93788359985269));
#5343=CARTESIAN_POINT('Ctrl Pts',(-0.338513346667596,3.63920700008241,4.61205347856477));
#5344=CARTESIAN_POINT('Ctrl Pts',(0.173659127422102,3.23301648570511,4.7681331978286));
#5345=CARTESIAN_POINT('Ctrl Pts',(0.685803501894657,2.82678872418394,4.92422046060414));
#5346=CARTESIAN_POINT('Ctrl Pts',(1.19797597598435,2.42059820980664,5.08030017986796));
#5347=CARTESIAN_POINT('Ctrl Pts',(-0.342524406063154,3.72975507714209,4.88539842744567));
#5348=CARTESIAN_POINT('Ctrl Pts',(0.170042800366934,3.31338867166698,5.01098534200309));
#5349=CARTESIAN_POINT('Ctrl Pts',(0.68274083580054,2.89719216299395,5.13652713132746));
#5350=CARTESIAN_POINT('Ctrl Pts',(1.19530804223063,2.48082575751885,5.26211404588487));
#5351=CARTESIAN_POINT('Ctrl Pts',(-0.370747090095095,3.77219429647019,5.11975741501005));
#5352=CARTESIAN_POINT('Ctrl Pts',(0.145013900463525,3.35114752005227,5.219170482501));
#5353=CARTESIAN_POINT('Ctrl Pts',(0.660774891022145,2.93010074363434,5.31858354999196));
#5354=CARTESIAN_POINT('Ctrl Pts',(1.17653588158076,2.50905396721642,5.41799661748291));
#5355=CARTESIAN_POINT('Ctrl Pts',(-0.368147533892634,3.48251781773859,4.35548296504352));
#5356=CARTESIAN_POINT('Ctrl Pts',(0.144979969873214,3.09557139354542,4.53936348449265));
#5357=CARTESIAN_POINT('Ctrl Pts',(0.658107473639063,2.70862496935224,4.72324400394178));
#5358=CARTESIAN_POINT('Ctrl Pts',(1.17123497740491,2.32167854515906,4.9071245233909));
#5359=CARTESIAN_POINT('Ctrl Pts',(-0.463525492788342,3.25580349934858,4.0868590095179));
#5360=CARTESIAN_POINT('Ctrl Pts',(0.0605258312030355,2.89382218894729,4.30071978276568));
#5361=CARTESIAN_POINT('Ctrl Pts',(0.584577155194414,2.53184087854601,4.51458055601346));
#5362=CARTESIAN_POINT('Ctrl Pts',(1.10862847918579,2.16985956814472,4.72844132926124));
#5363=CARTESIAN_POINT('Ctrl Pts',(-0.43221249002137,3.33173664019748,4.17622844418283));
#5364=CARTESIAN_POINT('Ctrl Pts',(0.0883574439609189,2.96131305807037,4.38015309411226));
#5365=CARTESIAN_POINT('Ctrl Pts',(0.608927377943209,2.59088947594327,4.58407774404169));
#5366=CARTESIAN_POINT('Ctrl Pts',(1.1294973119255,2.22046589381617,4.78800239397112));
#5367=CARTESIAN_POINT('Ctrl Pts',(-0.400899487254397,3.40766978104638,4.26559787884776));
#5368=CARTESIAN_POINT('Ctrl Pts',(0.116189056718804,3.02880392719346,4.45958640545884));
#5369=CARTESIAN_POINT('Ctrl Pts',(0.633277600692004,2.64993807334054,4.65357493206993));
#5370=CARTESIAN_POINT('Ctrl Pts',(1.1503661446652,2.27107221948762,4.84756345868101));
#5371=CARTESIAN_POINT('Ctrl Pts',(-0.369586484487425,3.48360292189528,4.35496731351269));
#5372=CARTESIAN_POINT('Ctrl Pts',(0.144020669476687,3.09629479631654,4.53901971680542));
#5373=CARTESIAN_POINT('Ctrl Pts',(0.657627823440799,2.7089866707378,4.72307212009816));
#5374=CARTESIAN_POINT('Ctrl Pts',(1.17123497740491,2.32167854515906,4.9071245233909));
#5375=CARTESIAN_POINT('Ctrl Pts',(-0.463093096854277,3.25685204718693,4.08809309685428));
#5376=CARTESIAN_POINT('Ctrl Pts',(-0.0731592083810532,2.98717608209059,
4.2469591593506));
#5377=CARTESIAN_POINT('Ctrl Pts',(0.316774680087479,2.71750011697675,4.40582522182872));
#5378=CARTESIAN_POINT('Ctrl Pts',(0.840354104928148,2.35539569130338,4.61914087368096));
#5379=CARTESIAN_POINT('Ctrl Pts',(0.973999641310242,2.26296723078102,4.6735904630937));
#5380=CARTESIAN_POINT('Ctrl Pts',(1.10764517769067,2.17053877025246,4.7280400525));
#5381=CARTESIAN_POINT('Ctrl Pts',(-0.901096056850631,-2.78849366695671,
4.52442957358019));
#5382=CARTESIAN_POINT('Ctrl Pts',(-0.328395492754933,-2.47846801835333,
4.68964110672365));
#5383=CARTESIAN_POINT('Ctrl Pts',(0.244305071340765,-2.16844236974996,4.85485263986711));
#5384=CARTESIAN_POINT('Ctrl Pts',(0.817005635436463,-1.85841672114659,5.02006417301056));
#5385=CARTESIAN_POINT('Ctrl Pts',(-0.884454038984838,-2.84875871662611,
4.6284699931463));
#5386=CARTESIAN_POINT('Ctrl Pts',(-0.313603739942294,-2.53203277985882,
4.78211427801548));
#5387=CARTESIAN_POINT('Ctrl Pts',(0.25724655910025,-2.21530684309153,4.93575856288465));
#5388=CARTESIAN_POINT('Ctrl Pts',(0.828096858142794,-1.89858090632424,5.08940284775383));
#5389=CARTESIAN_POINT('Ctrl Pts',(-0.867812021119046,-2.9090237662955,4.73251041271241));
#5390=CARTESIAN_POINT('Ctrl Pts',(-0.298811987129655,-2.5855975413643,4.8745874493073));
#5391=CARTESIAN_POINT('Ctrl Pts',(0.270188046859734,-2.26217131643309,5.0166644859022));
#5392=CARTESIAN_POINT('Ctrl Pts',(0.839188080849125,-1.93874509150188,5.15874152249709));
#5393=CARTESIAN_POINT('Ctrl Pts',(-0.851170003253253,-2.9692888159649,4.83655083227851));
#5394=CARTESIAN_POINT('Ctrl Pts',(-0.284020234317016,-2.63916230286978,
4.96706062059913));
#5395=CARTESIAN_POINT('Ctrl Pts',(0.283129534619219,-2.30903578977465,5.09757040891974));
#5396=CARTESIAN_POINT('Ctrl Pts',(0.850279303555456,-1.97890927667953,5.22808019724035));
#5397=CARTESIAN_POINT('Ctrl Pts',(-0.849581044666816,-2.96836391501929,
4.83691647581771));
#5398=CARTESIAN_POINT('Ctrl Pts',(-0.282960928592725,-2.63854570223937,
4.96730438295859));
#5399=CARTESIAN_POINT('Ctrl Pts',(0.283659187481365,-2.30872748945945,5.09769229009947));
#5400=CARTESIAN_POINT('Ctrl Pts',(0.850279303555456,-1.97890927667953,5.22808019724035));
#5401=CARTESIAN_POINT('Ctrl Pts',(-0.900866250053968,-2.7893258567865,4.52586625005397));
#5402=CARTESIAN_POINT('Ctrl Pts',(-0.474673383799815,-2.55837319307544,
4.64847333476937));
#5403=CARTESIAN_POINT('Ctrl Pts',(-0.0484805175470525,-2.32742052935038,
4.77108041946325));
#5404=CARTESIAN_POINT('Ctrl Pts',(0.523785249516837,-2.01731138922111,4.93570972909227));
#5405=CARTESIAN_POINT('Ctrl Pts',(0.669858150330915,-1.93815491284659,4.97773195407309));
#5406=CARTESIAN_POINT('Ctrl Pts',(0.815931051144494,-1.85899843646704,5.01975417904618));
#5407=CARTESIAN_POINT('Ctrl Pts',(0.613322505462373,4.01365660688213,3.36002502519192));
#5408=CARTESIAN_POINT('Ctrl Pts',(1.01924309586767,3.56565816269871,3.65585683250877));
#5409=CARTESIAN_POINT('Ctrl Pts',(1.42516368627296,3.11765971851529,3.95168863982563));
#5410=CARTESIAN_POINT('Ctrl Pts',(1.83108427667826,2.66966127433187,4.24752044714248));
#5411=CARTESIAN_POINT('Ctrl Pts',(0.614896210745992,4.01624186824148,3.36210694001552));
#5412=CARTESIAN_POINT('Ctrl Pts',(1.02061145259084,3.56793647027737,3.65772399589265));
#5413=CARTESIAN_POINT('Ctrl Pts',(1.42641577611309,3.11968624444953,3.95328816528201));
#5414=CARTESIAN_POINT('Ctrl Pts',(1.83213101795794,2.67138084648542,4.24890522115915));
#5415=CARTESIAN_POINT('Ctrl Pts',(0.637637705808839,4.05547861420641,3.39570825068528));
#5416=CARTESIAN_POINT('Ctrl Pts',(1.04083603657662,3.60280637560734,3.68756094175697));
#5417=CARTESIAN_POINT('Ctrl Pts',(1.44405906561167,3.15015118751152,3.97940225420387));
#5418=CARTESIAN_POINT('Ctrl Pts',(1.84725739637945,2.69747894891245,4.27125494527556));
#5419=CARTESIAN_POINT('Ctrl Pts',(0.698782602935196,4.20834084229956,3.57475642757966));
#5420=CARTESIAN_POINT('Ctrl Pts',(1.09517614646874,3.73862040510983,3.84661507739963));
#5421=CARTESIAN_POINT('Ctrl Pts',(1.49153403965296,3.26887484332707,4.11848919026753));
#5422=CARTESIAN_POINT('Ctrl Pts',(1.8879275831865,2.79915440613733,4.3903478400875));
#5423=CARTESIAN_POINT('Ctrl Pts',(0.727267707619223,4.36362274016316,3.8156063137633));
#5424=CARTESIAN_POINT('Ctrl Pts',(1.12041380692269,3.87652376486471,4.06061433544733));
#5425=CARTESIAN_POINT('Ctrl Pts',(1.51372819216391,3.38953826849372,4.30553977496408));
#5426=CARTESIAN_POINT('Ctrl Pts',(1.90687429146738,2.90243929319527,4.55054779664811));
#5427=CARTESIAN_POINT('Ctrl Pts',(0.718751323782262,4.47026905887497,4.03025900113269));
#5428=CARTESIAN_POINT('Ctrl Pts',(1.11290410462995,3.97130420472593,4.25128027833457));
#5429=CARTESIAN_POINT('Ctrl Pts',(1.50705688547765,3.4723393505769,4.47230155553645));
#5430=CARTESIAN_POINT('Ctrl Pts',(1.90120966632534,2.97337449642786,4.69332283273832));
#5431=CARTESIAN_POINT('Ctrl Pts',(0.621464307896627,4.00426622716396,3.36587112325426));
#5432=CARTESIAN_POINT('Ctrl Pts',(1.02463494035256,3.55934775747907,3.65970851401331));
#5433=CARTESIAN_POINT('Ctrl Pts',(1.42780557280849,3.11442928779419,3.95354590477235));
#5434=CARTESIAN_POINT('Ctrl Pts',(1.83097620526442,2.66951081810931,4.24738329553139));
#5435=CARTESIAN_POINT('Ctrl Pts',(0.462325794513058,3.74860808205275,3.1610077222165));
#5436=CARTESIAN_POINT('Ctrl Pts',(0.883440666018549,3.33183659507763,3.47780494795017));
#5437=CARTESIAN_POINT('Ctrl Pts',(1.30455553752404,2.91506510810252,3.79460217368383));
#5438=CARTESIAN_POINT('Ctrl Pts',(1.72567040902953,2.4982936211274,4.1113993994175));
#5439=CARTESIAN_POINT('Ctrl Pts',(0.514995098541856,3.83424335499332,3.2290208556196));
#5440=CARTESIAN_POINT('Ctrl Pts',(0.93025417939718,3.407950910036,3.538256358676));
#5441=CARTESIAN_POINT('Ctrl Pts',(1.3455132602525,2.98165846507869,3.8474918617324));
#5442=CARTESIAN_POINT('Ctrl Pts',(1.76077234110783,2.55536602012137,4.15672736478879));
#5443=CARTESIAN_POINT('Ctrl Pts',(0.567664402570653,3.91987862793389,3.29703398902271));
#5444=CARTESIAN_POINT('Ctrl Pts',(0.977067692775809,3.48406522499437,3.59870776940184));
#5445=CARTESIAN_POINT('Ctrl Pts',(1.38647098298097,3.04825182205485,3.90038154978097));
#5446=CARTESIAN_POINT('Ctrl Pts',(1.79587427318612,2.61243841911534,4.20205533016009));
#5447=CARTESIAN_POINT('Ctrl Pts',(0.620333706599451,4.00551390087446,3.36504712242581));
#5448=CARTESIAN_POINT('Ctrl Pts',(1.02388120615444,3.56017953995274,3.65915918012767));
#5449=CARTESIAN_POINT('Ctrl Pts',(1.42742870570943,3.11484517903102,3.95327123782953));
#5450=CARTESIAN_POINT('Ctrl Pts',(1.83097620526442,2.66951081810931,4.24738329553139));
#5451=CARTESIAN_POINT('Ctrl Pts',(0.463053095982083,3.74979060498444,3.16194690401792));
#5452=CARTESIAN_POINT('Ctrl Pts',(0.776300170614402,3.4393021156211,3.39749978035515));
#5453=CARTESIAN_POINT('Ctrl Pts',(1.0895472452371,3.12881362623798,3.6330526566791));
#5454=CARTESIAN_POINT('Ctrl Pts',(1.5101562971986,2.71190863406168,3.9493386814105));
#5455=CARTESIAN_POINT('Ctrl Pts',(1.61751827455783,2.60549213131047,4.03007182984612));
#5456=CARTESIAN_POINT('Ctrl Pts',(1.72488025191364,2.49907562855226,4.11080497827703));
#5457=CARTESIAN_POINT('Ctrl Pts',(-0.0650645610148314,-3.53639756791635,
3.68839807774439));
#5458=CARTESIAN_POINT('Ctrl Pts',(0.414685744731449,-3.14321971612327,3.94655986923726));
#5459=CARTESIAN_POINT('Ctrl Pts',(0.89443605047773,-2.75004186433019,4.20472166073014));
#5460=CARTESIAN_POINT('Ctrl Pts',(1.37418635622401,-2.3568640125371,4.46288345222302));
#5461=CARTESIAN_POINT('Ctrl Pts',(-0.030077744288529,-3.6149177890128,3.77409369844999));
#5462=CARTESIAN_POINT('Ctrl Pts',(0.445782715597002,-3.21301003305591,4.02272782247618));
#5463=CARTESIAN_POINT('Ctrl Pts',(0.921643175482531,-2.81110227709903,4.27136194650237));
#5464=CARTESIAN_POINT('Ctrl Pts',(1.39750363536806,-2.40919452114214,4.51999607052856));
#5465=CARTESIAN_POINT('Ctrl Pts',(0.00490907243777346,-3.69343801010924,
3.85978931915559));
#5466=CARTESIAN_POINT('Ctrl Pts',(0.476879686462554,-3.28280034998855,4.09889577571509));
#5467=CARTESIAN_POINT('Ctrl Pts',(0.948850300487336,-2.87216268986786,4.3380022322746));
#5468=CARTESIAN_POINT('Ctrl Pts',(1.42082091451211,-2.46152502974717,4.5771086888341));
#5469=CARTESIAN_POINT('Ctrl Pts',(0.0398958891640759,-3.77195823120569,
3.94548493986119));
#5470=CARTESIAN_POINT('Ctrl Pts',(0.507976657328106,-3.35259066692119,4.17506372895401));
#5471=CARTESIAN_POINT('Ctrl Pts',(0.976057425492137,-2.9332231026367,4.40464251804682));
#5472=CARTESIAN_POINT('Ctrl Pts',(1.44413819365617,-2.51385553835221,4.63422130713964));
#5473=CARTESIAN_POINT('Ctrl Pts',(0.0412072904842504,-3.77078330752831,
3.94612814066664));
#5474=CARTESIAN_POINT('Ctrl Pts',(0.508850924874889,-3.35180738446961,4.17549252949097));
#5475=CARTESIAN_POINT('Ctrl Pts',(0.976494559265529,-2.93283146141091,4.40485691831531));
#5476=CARTESIAN_POINT('Ctrl Pts',(1.44413819365617,-2.51385553835221,4.63422130713964));
#5477=CARTESIAN_POINT('Ctrl Pts',(-0.0645814340081087,-3.53748184030621,
3.68958143400811));
#5478=CARTESIAN_POINT('Ctrl Pts',(0.292367472405197,-3.24457802630476,3.88143247856435));
#5479=CARTESIAN_POINT('Ctrl Pts',(0.64931637881286,-2.95167421228512,4.07328352310334));
#5480=CARTESIAN_POINT('Ctrl Pts',(1.12860558305902,-2.55838084886806,4.33088939555009));
#5481=CARTESIAN_POINT('Ctrl Pts',(1.25094588090953,-2.45799129950936,4.39664422349461));
#5482=CARTESIAN_POINT('Ctrl Pts',(1.37328617875795,-2.35760175014392,4.46239905143273));
#5483=CARTESIAN_POINT('Ctrl Pts',(1.67185777481333,3.9945589690497,2.30148975584096));
#5484=CARTESIAN_POINT('Ctrl Pts',(1.95962621613607,3.5486921750981,2.71547371224037));
#5485=CARTESIAN_POINT('Ctrl Pts',(2.24739465745882,3.10282538114649,3.12945766863978));
#5486=CARTESIAN_POINT('Ctrl Pts',(2.53516309878157,2.65695858719489,3.54344162503919));
#5487=CARTESIAN_POINT('Ctrl Pts',(1.67410900916249,3.99709946870455,2.30289414159902));
#5488=CARTESIAN_POINT('Ctrl Pts',(1.96159337726858,3.5509440470388,2.71674207121492));
#5489=CARTESIAN_POINT('Ctrl Pts',(2.24917612662885,3.10480380801644,3.13052781476626));
#5490=CARTESIAN_POINT('Ctrl Pts',(2.53666049473495,2.6586483863507,3.54437574438216));
#5491=CARTESIAN_POINT('Ctrl Pts',(1.70723932882563,4.03646058194674,2.32610649905276));
#5492=CARTESIAN_POINT('Ctrl Pts',(1.99104921677999,3.58591455752945,2.73734763293788));
#5493=CARTESIAN_POINT('Ctrl Pts',(2.27488705385961,3.13537523539486,3.14857418040791));
#5494=CARTESIAN_POINT('Ctrl Pts',(2.55869694181397,2.68482921097757,3.55981531429303));
#5495=CARTESIAN_POINT('Ctrl Pts',(1.8114115060584,4.20911710733596,2.46212730143953));
#5496=CARTESIAN_POINT('Ctrl Pts',(2.08361655530196,3.73930509518707,2.8581744455495));
#5497=CARTESIAN_POINT('Ctrl Pts',(2.35578143441719,3.26948274663945,3.25424164716485));
#5498=CARTESIAN_POINT('Ctrl Pts',(2.62798648366075,2.79967073449056,3.65028879127481));
#5499=CARTESIAN_POINT('Ctrl Pts',(1.88673203894444,4.40815897245688,2.65614198243808));
#5500=CARTESIAN_POINT('Ctrl Pts',(2.15045359699934,3.91611284305774,3.03057454537069));
#5501=CARTESIAN_POINT('Ctrl Pts',(2.41436395736237,3.42410844875347,3.40490400976563));
#5502=CARTESIAN_POINT('Ctrl Pts',(2.67808551541726,2.93206231935433,3.77933657269825));
#5503=CARTESIAN_POINT('Ctrl Pts',(1.91299206514693,4.56460921426273,2.83601825976803));
#5504=CARTESIAN_POINT('Ctrl Pts',(2.17384545182262,4.0551142507951,3.1903389311419));
#5505=CARTESIAN_POINT('Ctrl Pts',(2.43469883849832,3.54561928732747,3.54465960251578));
#5506=CARTESIAN_POINT('Ctrl Pts',(2.69555222517402,3.03612432385984,3.89898027388966));
#5507=CARTESIAN_POINT('Ctrl Pts',(1.67752342025996,3.9852162942057,2.30981201089093));
#5508=CARTESIAN_POINT('Ctrl Pts',(1.96335415134218,3.5424144837384,2.72098930302368));
#5509=CARTESIAN_POINT('Ctrl Pts',(2.24918488242441,3.0996126732711,3.13216659515643));
#5510=CARTESIAN_POINT('Ctrl Pts',(2.53501561350664,2.6568108628038,3.54334388728917));
#5511=CARTESIAN_POINT('Ctrl Pts',(1.4515366526645,3.73514237152126,2.17179686406506));
#5512=CARTESIAN_POINT('Ctrl Pts',(1.76267073363135,3.31986800669883,2.59857488033736));
#5513=CARTESIAN_POINT('Ctrl Pts',(2.0738048145982,2.9045936418764,3.02535289660967));
#5514=CARTESIAN_POINT('Ctrl Pts',(2.38493889556505,2.48931927705397,3.45213091288198));
#5515=CARTESIAN_POINT('Ctrl Pts',(1.52659839254517,3.81891425842144,2.21741756161629));
#5516=CARTESIAN_POINT('Ctrl Pts',(1.8293870844342,3.39432610749338,2.63912345363898));
#5517=CARTESIAN_POINT('Ctrl Pts',(2.13217577632322,2.96973795656531,3.06082934566168));
#5518=CARTESIAN_POINT('Ctrl Pts',(2.43496446821224,2.54514980563724,3.48253523768438));
#5519=CARTESIAN_POINT('Ctrl Pts',(1.60166013242584,3.90268614532163,2.26303825916752));
#5520=CARTESIAN_POINT('Ctrl Pts',(1.89610343523704,3.46878420828793,2.6796720269406));
#5521=CARTESIAN_POINT('Ctrl Pts',(2.19054673804824,3.03488227125422,3.09630579471369));
#5522=CARTESIAN_POINT('Ctrl Pts',(2.48499004085944,2.60098033422052,3.51293956248678));
#5523=CARTESIAN_POINT('Ctrl Pts',(1.67672187230651,3.98645803222182,2.30865895671875));
#5524=CARTESIAN_POINT('Ctrl Pts',(1.96281978603989,3.54324230908248,2.72022060024222));
#5525=CARTESIAN_POINT('Ctrl Pts',(2.24891769977326,3.10002658594314,3.1317822437657));
#5526=CARTESIAN_POINT('Ctrl Pts',(2.53501561350664,2.6568108628038,3.54334388728917));
#5527=CARTESIAN_POINT('Ctrl Pts',(1.45257316747497,3.73629916327176,2.17242683252503));
#5528=CARTESIAN_POINT('Ctrl Pts',(1.6838869122673,3.42693134060606,2.48991303870225));
#5529=CARTESIAN_POINT('Ctrl Pts',(1.91520065704483,3.11756351792097,2.80739924487137));
#5530=CARTESIAN_POINT('Ctrl Pts',(2.22579463467653,2.70216328858546,3.23370034393257));
#5531=CARTESIAN_POINT('Ctrl Pts',(2.3050748675621,2.59613088197615,3.34251523684184));
#5532=CARTESIAN_POINT('Ctrl Pts',(2.38435510044244,2.49009847535998,3.45133012974824));
#5533=CARTESIAN_POINT('Ctrl Pts',(0.9055534955559,-3.8066913814735,2.71778002117366));
#5534=CARTESIAN_POINT('Ctrl Pts',(1.27739016459563,-3.38346217404905,3.08385544937309));
#5535=CARTESIAN_POINT('Ctrl Pts',(1.64922683363536,-2.9602329666246,3.44993087757251));
#5536=CARTESIAN_POINT('Ctrl Pts',(2.02106350267509,-2.53700375920015,3.81600630577194));
#5537=CARTESIAN_POINT('Ctrl Pts',(0.962309363625005,-3.89286218304235,2.78170659053646));
#5538=CARTESIAN_POINT('Ctrl Pts',(1.32783589647232,-3.4600524773856,3.14067464160086));
#5539=CARTESIAN_POINT('Ctrl Pts',(1.69336242931964,-3.02724277172885,3.49964269266526));
#5540=CARTESIAN_POINT('Ctrl Pts',(2.05888896216696,-2.5944330660721,3.85861074372966));
#5541=CARTESIAN_POINT('Ctrl Pts',(1.01906523169411,-3.97903298461121,2.84563315989925));
#5542=CARTESIAN_POINT('Ctrl Pts',(1.37828162834902,-3.53664278072216,3.19749383382863));
#5543=CARTESIAN_POINT('Ctrl Pts',(1.73749802500392,-3.09425257683311,3.54935450775801));
#5544=CARTESIAN_POINT('Ctrl Pts',(2.09671442165883,-2.65186237294406,3.90121518168738));
#5545=CARTESIAN_POINT('Ctrl Pts',(1.07582109976321,-4.06520378618006,2.90955972926205));
#5546=CARTESIAN_POINT('Ctrl Pts',(1.42872736022571,-3.61323308405871,3.2543130260564));
#5547=CARTESIAN_POINT('Ctrl Pts',(1.78163362068821,-3.16126238193736,3.59906632285075));
#5548=CARTESIAN_POINT('Ctrl Pts',(2.13453988115071,-2.70929167981601,3.94381961964511));
#5549=CARTESIAN_POINT('Ctrl Pts',(1.07680982172606,-4.06393751972402,2.91052560942483));
#5550=CARTESIAN_POINT('Ctrl Pts',(1.42938650820094,-3.61238890642135,3.25495694616492));
#5551=CARTESIAN_POINT('Ctrl Pts',(1.78196319467582,-3.16084029311868,3.59938828290501));
#5552=CARTESIAN_POINT('Ctrl Pts',(2.13453988115071,-2.70929167981601,3.94381961964511));
#5553=CARTESIAN_POINT('Ctrl Pts',(0.906337227693312,-3.80788129942901,2.71866277230669));
#5554=CARTESIAN_POINT('Ctrl Pts',(1.18289348372445,-3.49258461825413,2.9909064672451));
#5555=CARTESIAN_POINT('Ctrl Pts',(1.45944973974492,-3.17728793705932,3.26315016217128));
#5556=CARTESIAN_POINT('Ctrl Pts',(1.83079259999872,-2.75392679839772,3.62870237861039));
#5557=CARTESIAN_POINT('Ctrl Pts',(1.92557920425491,-2.64586234097355,3.72201090014947));
#5558=CARTESIAN_POINT('Ctrl Pts',(2.02036580850691,-2.53779788354158,3.81531942168377));
#5559=CARTESIAN_POINT('Ctrl Pts',(2.65403428486427,3.43597400783175,1.31931324579002));
#5560=CARTESIAN_POINT('Ctrl Pts',(2.83217362945217,3.05245564526833,1.84292629892426));
#5561=CARTESIAN_POINT('Ctrl Pts',(3.01031297404008,2.66893728270491,2.36653935205851));
#5562=CARTESIAN_POINT('Ctrl Pts',(3.18845231862798,2.28541892014149,2.89015240519276));
#5563=CARTESIAN_POINT('Ctrl Pts',(2.65690586248158,3.43812663722631,1.32009728827993));
#5564=CARTESIAN_POINT('Ctrl Pts',(2.8346924064422,3.05437695378744,1.8436430420413));
#5565=CARTESIAN_POINT('Ctrl Pts',(3.0125757884807,2.67060041299893,2.3671281529144));
#5566=CARTESIAN_POINT('Ctrl Pts',(3.19036233244132,2.28685072956006,2.89067390667576));
#5567=CARTESIAN_POINT('Ctrl Pts',(2.69975744617883,3.47229587568632,1.33358909939956));
#5568=CARTESIAN_POINT('Ctrl Pts',(2.87278403926169,3.08472480261007,1.85561352815617));
#5569=CARTESIAN_POINT('Ctrl Pts',(3.04583823091296,2.69714928075032,2.37762348072869));
#5570=CARTESIAN_POINT('Ctrl Pts',(3.21886482399582,2.30957820767408,2.8996479094853));
#5571=CARTESIAN_POINT('Ctrl Pts',(2.84910872962319,3.64142848820332,1.42443132682525));
#5572=CARTESIAN_POINT('Ctrl Pts',(3.00548806514898,3.2349756166542,1.93630418465297));
#5573=CARTESIAN_POINT('Ctrl Pts',(3.16182566047167,2.82852869177155,2.4481982518428));
#5574=CARTESIAN_POINT('Ctrl Pts',(3.31820499599746,2.42207582022244,2.96007110967053));
#5575=CARTESIAN_POINT('Ctrl Pts',(2.97927650515339,3.8573489090682,1.56359751622913));
#5576=CARTESIAN_POINT('Ctrl Pts',(3.12104958929949,3.42680918186546,2.05997855307053));
#5577=CARTESIAN_POINT('Ctrl Pts',(3.26301228071077,2.99623380936918,2.55625568641721));
#5578=CARTESIAN_POINT('Ctrl Pts',(3.40478536485688,2.56569408216644,3.05263672325861));
#5579=CARTESIAN_POINT('Ctrl Pts',(3.05068630436121,4.04247360189148,1.69832402055374));
#5580=CARTESIAN_POINT('Ctrl Pts',(3.18455193422421,3.59125864713063,2.17963244874031));
#5581=CARTESIAN_POINT('Ctrl Pts',(3.3184175640872,3.14004369236978,2.66094087692689));
#5582=CARTESIAN_POINT('Ctrl Pts',(3.45228319395019,2.68882873760892,3.14224930511346));
#5583=CARTESIAN_POINT('Ctrl Pts',(2.65740316824714,3.42794081786914,1.32993226290375));
#5584=CARTESIAN_POINT('Ctrl Pts',(2.83435837177523,3.04705850477257,1.84998508259063));
#5585=CARTESIAN_POINT('Ctrl Pts',(3.01131357530333,2.666176191676,2.37003790227751));
#5586=CARTESIAN_POINT('Ctrl Pts',(3.18826877883143,2.28529387857943,2.89009072196439));
#5587=CARTESIAN_POINT('Ctrl Pts',(2.37050867386605,3.21722498657744,1.25282484286351));
#5588=CARTESIAN_POINT('Ctrl Pts',(2.57947114142834,2.85953284799166,1.78177447254038));
#5589=CARTESIAN_POINT('Ctrl Pts',(2.78843360899063,2.50184070940588,2.31072410221724));
#5590=CARTESIAN_POINT('Ctrl Pts',(2.99739607655292,2.14414857082011,2.83967373189411));
#5591=CARTESIAN_POINT('Ctrl Pts',(2.46597476164607,3.28781962991533,1.27804119251539));
#5592=CARTESIAN_POINT('Ctrl Pts',(2.6643232779793,2.92227875552351,1.80418726009388));
#5593=CARTESIAN_POINT('Ctrl Pts',(2.86267179431253,2.5567378811317,2.33033332767237));
#5594=CARTESIAN_POINT('Ctrl Pts',(3.06102031064575,2.19119700673988,2.85647939525087));
#5595=CARTESIAN_POINT('Ctrl Pts',(2.5614408494261,3.35841427325322,1.30325754216726));
#5596=CARTESIAN_POINT('Ctrl Pts',(2.74917541453026,2.98502466305536,1.82660004764738));
#5597=CARTESIAN_POINT('Ctrl Pts',(2.93690997963443,2.61163505285751,2.34994255312751));
#5598=CARTESIAN_POINT('Ctrl Pts',(3.12464454473859,2.23824544265965,2.87328505860763));
#5599=CARTESIAN_POINT('Ctrl Pts',(2.65690693720612,3.4290089165911,1.32847389181914));
#5600=CARTESIAN_POINT('Ctrl Pts',(2.83402755108122,3.04777057058721,1.84901283520089));
#5601=CARTESIAN_POINT('Ctrl Pts',(3.01114816495632,2.66653222458332,2.36955177858264));
#5602=CARTESIAN_POINT('Ctrl Pts',(3.18826877883143,2.28529387857943,2.89009072196439));
#5603=CARTESIAN_POINT('Ctrl Pts',(2.37182694884926,3.21819981601086,1.25317305115074));
#5604=CARTESIAN_POINT('Ctrl Pts',(2.52702639800567,2.95173449876007,1.64677355296388));
#5605=CARTESIAN_POINT('Ctrl Pts',(2.68222584714255,2.68526918149292,2.04037405477365));
#5606=CARTESIAN_POINT('Ctrl Pts',(2.89061819439662,2.32747581778209,2.56887678421248));
#5607=CARTESIAN_POINT('Ctrl Pts',(2.94381109255524,2.23614777137312,2.70377901184871));
#5608=CARTESIAN_POINT('Ctrl Pts',(2.99700399070694,2.14481972495835,2.83868123948373));
#5609=CARTESIAN_POINT('Ctrl Pts',(1.87967076594137,-3.56287043035753,1.74366275078819));
#5610=CARTESIAN_POINT('Ctrl Pts',(2.14320475452473,-3.16674931695838,2.21804085944398));
#5611=CARTESIAN_POINT('Ctrl Pts',(2.4067387431081,-2.77062820355924,2.69241896809977));
#5612=CARTESIAN_POINT('Ctrl Pts',(2.67027273169147,-2.37450709016009,3.16679707675556));
#5613=CARTESIAN_POINT('Ctrl Pts',(1.95867990682524,-3.64505396815802,1.78533604733621));
#5614=CARTESIAN_POINT('Ctrl Pts',(2.21342963298106,-3.23979566183172,2.25508090509212));
#5615=CARTESIAN_POINT('Ctrl Pts',(2.46817935913687,-2.83453735550543,2.72482576284803));
#5616=CARTESIAN_POINT('Ctrl Pts',(2.72292908529269,-2.42927904917913,3.19457062060394));
#5617=CARTESIAN_POINT('Ctrl Pts',(2.03768904770912,-3.72723750595851,1.82700934388424));
#5618=CARTESIAN_POINT('Ctrl Pts',(2.28365451143738,-3.31284200670506,2.29212095074026));
#5619=CARTESIAN_POINT('Ctrl Pts',(2.52961997516564,-2.89844650745162,2.75723255759629));
#5620=CARTESIAN_POINT('Ctrl Pts',(2.7755854388939,-2.48405100819817,3.22234416445231));
#5621=CARTESIAN_POINT('Ctrl Pts',(2.116698188593,-3.809421043759,1.86868264043226));
#5622=CARTESIAN_POINT('Ctrl Pts',(2.35387938989371,-3.3858883515784,2.3291609963884));
#5623=CARTESIAN_POINT('Ctrl Pts',(2.59106059119441,-2.96235565939781,2.78963935234455));
#5624=CARTESIAN_POINT('Ctrl Pts',(2.82824179249512,-2.53882296721721,3.25011770830069));
#5625=CARTESIAN_POINT('Ctrl Pts',(2.11736268874268,-3.80823445082582,1.86997274240821));
#5626=CARTESIAN_POINT('Ctrl Pts',(2.35432238999349,-3.38509728962295,2.33002106437237));
#5627=CARTESIAN_POINT('Ctrl Pts',(2.59128209124431,-2.96196012842008,2.79006938633653));
#5628=CARTESIAN_POINT('Ctrl Pts',(2.82824179249512,-2.53882296721721,3.25011770830069));
#5629=CARTESIAN_POINT('Ctrl Pts',(1.88076178974149,-3.56400528886524,1.74423821025851));
#5630=CARTESIAN_POINT('Ctrl Pts',(2.14376727680971,-3.16775364274902,2.21812779999019));
#5631=CARTESIAN_POINT('Ctrl Pts',(2.40677276386059,-2.771501996612,2.6920173897141));
#5632=CARTESIAN_POINT('Ctrl Pts',(2.66977825080178,-2.37525035034343,3.1659069793889));
#5633=CARTESIAN_POINT('Ctrl Pts',(3.42720365550491,2.41334171746688,0.54614387514938));
#5634=CARTESIAN_POINT('Ctrl Pts',(3.51904297269551,2.14396806630443,1.15605695568093));
#5635=CARTESIAN_POINT('Ctrl Pts',(3.61088228988612,1.87459441514199,1.76597003621248));
#5636=CARTESIAN_POINT('Ctrl Pts',(3.70272160707672,1.60522076397954,2.37588311674404));
#5637=CARTESIAN_POINT('Ctrl Pts',(3.43055460979717,2.4148157520733,0.546448540964336));
#5638=CARTESIAN_POINT('Ctrl Pts',(3.52199167821307,2.14529932804011,1.15634377027043));
#5639=CARTESIAN_POINT('Ctrl Pts',(3.61351340719202,1.87571763389817,1.76619053420309));
#5640=CARTESIAN_POINT('Ctrl Pts',(3.70495047560792,1.60620120986498,2.37608576350918));
#5641=CARTESIAN_POINT('Ctrl Pts',(3.48114643474599,2.43917543723088,0.552201624215016));
#5642=CARTESIAN_POINT('Ctrl Pts',(3.56695677874311,2.16692293652008,1.16144230205737));
#5643=CARTESIAN_POINT('Ctrl Pts',(3.65279100140171,1.89465641910064,1.77067171685795));
#5644=CARTESIAN_POINT('Ctrl Pts',(3.73860134539883,1.62240391838983,2.3799123947003));
#5645=CARTESIAN_POINT('Ctrl Pts',(3.67172687442434,2.58194053990143,0.601815853521611));
#5646=CARTESIAN_POINT('Ctrl Pts',(3.73628618125461,2.29374052148791,1.20550874004487));
#5647=CARTESIAN_POINT('Ctrl Pts',(3.80080555355937,2.0055633474495,1.80922013568677));
#5648=CARTESIAN_POINT('Ctrl Pts',(3.86536486038963,1.71736332903598,2.41291302221002));
#5649=CARTESIAN_POINT('Ctrl Pts',(3.85734692208666,2.7855825012017,0.685527099295865));
#5650=CARTESIAN_POINT('Ctrl Pts',(3.90111741680498,2.47469595205706,1.27991072556505));
#5651=CARTESIAN_POINT('Ctrl Pts',(3.94505850361825,2.16370119132488,1.87420946350975));
#5652=CARTESIAN_POINT('Ctrl Pts',(3.98882899833657,1.85281464218024,2.46859308977894));
#5653=CARTESIAN_POINT('Ctrl Pts',(3.97818213023783,2.97437952946529,0.770828194677129));
#5654=CARTESIAN_POINT('Ctrl Pts',(4.00852204086842,2.64238366332003,1.35566234209611));
#5655=CARTESIAN_POINT('Ctrl Pts',(4.03886195149902,2.31038779717478,1.94049648951508));
#5656=CARTESIAN_POINT('Ctrl Pts',(4.06920186212961,1.97839193102952,2.52533063693406));
#5657=CARTESIAN_POINT('Ctrl Pts',(3.42876536219137,2.40770293920357,0.558570068959517));
#5658=CARTESIAN_POINT('Ctrl Pts',(3.52001365528122,2.14018039040317,1.16432979908464));
#5659=CARTESIAN_POINT('Ctrl Pts',(3.61126194837107,1.87265784160277,1.77008952920977));
#5660=CARTESIAN_POINT('Ctrl Pts',(3.70251024146091,1.60513529280238,2.3758492593349));
#5661=CARTESIAN_POINT('Ctrl Pts',(3.09512959445467,2.26480353993728,0.528203922274885));
#5662=CARTESIAN_POINT('Ctrl Pts',(3.22352846828923,2.01300193294472,1.13771714567949));
#5663=CARTESIAN_POINT('Ctrl Pts',(3.35192734212378,1.76120032595217,1.74723036908409));
#5664=CARTESIAN_POINT('Ctrl Pts',(3.48032621595834,1.50939871895961,2.35674359248869));
#5665=CARTESIAN_POINT('Ctrl Pts',(3.20625622193333,2.31268674195166,0.537759732228131));
#5666=CARTESIAN_POINT('Ctrl Pts',(3.32230000055306,2.05556146471462,1.14621053752012));
#5667=CARTESIAN_POINT('Ctrl Pts',(3.4383437791728,1.79843618747757,1.7546613428121));
#5668=CARTESIAN_POINT('Ctrl Pts',(3.55438755779253,1.54131091024053,2.36311214810409));
#5669=CARTESIAN_POINT('Ctrl Pts',(3.31738284941198,2.36056994396604,0.547315542181376));
#5670=CARTESIAN_POINT('Ctrl Pts',(3.4210715328169,2.09812099648451,1.15470392936075));
#5671=CARTESIAN_POINT('Ctrl Pts',(3.52476021622181,1.83567204900298,1.76209231654012));
#5672=CARTESIAN_POINT('Ctrl Pts',(3.62844889962672,1.57322310152145,2.36948070371949));
#5673=CARTESIAN_POINT('Ctrl Pts',(3.42850947689064,2.40845314598042,0.556871352134622));
#5674=CARTESIAN_POINT('Ctrl Pts',(3.51984306508073,2.14068052825441,1.16319732120138));
#5675=CARTESIAN_POINT('Ctrl Pts',(3.61117665327082,1.87290791052839,1.76952329026814));
#5676=CARTESIAN_POINT('Ctrl Pts',(3.70251024146091,1.60513529280238,2.3758492593349));
#5677=CARTESIAN_POINT('Ctrl Pts',(3.09666412316933,2.26546475093691,0.528335876830671));
#5678=CARTESIAN_POINT('Ctrl Pts',(3.19184796828337,2.07788955673105,0.981951982686183));
#5679=CARTESIAN_POINT('Ctrl Pts',(3.28703181337425,1.89031436251406,1.43556808854195));
#5680=CARTESIAN_POINT('Ctrl Pts',(3.41483887070416,1.63844984079853,2.04465610790495));
#5681=CARTESIAN_POINT('Ctrl Pts',(3.44746208299231,1.5741605133236,2.20012802141164));
#5682=CARTESIAN_POINT('Ctrl Pts',(3.48008529527226,1.50987118584473,2.35559993491842));
#5683=CARTESIAN_POINT('Ctrl Pts',(2.72572731500588,-2.83786408507519,0.897606201723684));
#5684=CARTESIAN_POINT('Ctrl Pts',(2.89519645650457,-2.52234941704876,1.46604915746414));
#5685=CARTESIAN_POINT('Ctrl Pts',(3.06466559800327,-2.20683474902233,2.0344921132046));
#5686=CARTESIAN_POINT('Ctrl Pts',(3.23413473950196,-1.8913200809959,2.60293506894506));
#5687=CARTESIAN_POINT('Ctrl Pts',(2.82446852237322,-2.90496101693266,0.91954743178824));
#5688=CARTESIAN_POINT('Ctrl Pts',(2.9829595837634,-2.58198648981997,1.48555095430978));
#5689=CARTESIAN_POINT('Ctrl Pts',(3.14145064515358,-2.25901196270729,2.05155447683132));
#5690=CARTESIAN_POINT('Ctrl Pts',(3.29994170654376,-1.93603743559461,2.61755799935286));
#5691=CARTESIAN_POINT('Ctrl Pts',(2.92320972974056,-2.97205794879012,0.941488661852796));
#5692=CARTESIAN_POINT('Ctrl Pts',(3.07072271102223,-2.64162356259119,1.50505275115542));
#5693=CARTESIAN_POINT('Ctrl Pts',(3.21823569230389,-2.31118917639225,2.06861684045804));
#5694=CARTESIAN_POINT('Ctrl Pts',(3.36574867358556,-1.98075479019331,2.63218092976066));
#5695=CARTESIAN_POINT('Ctrl Pts',(3.02195093710791,-3.03915488064759,0.963429891917352));
#5696=CARTESIAN_POINT('Ctrl Pts',(3.15848583828106,-2.7012606353624,1.52455454800105));
#5697=CARTESIAN_POINT('Ctrl Pts',(3.2950207394542,-2.36336639007721,2.08567920408476));
#5698=CARTESIAN_POINT('Ctrl Pts',(3.43155564062735,-2.02547214479202,2.64680386016846));
#5699=CARTESIAN_POINT('Ctrl Pts',(3.02233346094103,-3.03820821718802,0.965001970209859));
#5700=CARTESIAN_POINT('Ctrl Pts',(3.1587408541698,-2.70062952638935,1.52560260019606));
#5701=CARTESIAN_POINT('Ctrl Pts',(3.29514824739858,-2.36305083559069,2.08620323018226));
#5702=CARTESIAN_POINT('Ctrl Pts',(3.43155564062735,-2.02547214479202,2.64680386016846));
#5703=CARTESIAN_POINT('Ctrl Pts',(2.72709081555892,-2.83879061520516,0.897909184441083));
#5704=CARTESIAN_POINT('Ctrl Pts',(2.89599946269853,-2.52316444205537,1.46589561410129));
#5705=CARTESIAN_POINT('Ctrl Pts',(3.06490810981461,-2.20753826888771,2.03388204375857));
#5706=CARTESIAN_POINT('Ctrl Pts',(3.23381675679207,-1.89191209561485,2.60186847339861));
#5707=CARTESIAN_POINT('Ctrl Pts',(3.88694507895084,1.06477425537,0.0864024517034533));
#5708=CARTESIAN_POINT('Ctrl Pts',(3.92746873498665,0.945925719848957,0.74763119338979));
#5709=CARTESIAN_POINT('Ctrl Pts',(3.96799239102246,0.827077184327909,1.40885993507613));
#5710=CARTESIAN_POINT('Ctrl Pts',(4.00851604705827,0.708228648806861,2.07008867676246));
#5711=CARTESIAN_POINT('Ctrl Pts',(3.89056970084859,1.06537061864677,0.0864334499129161));
#5712=CARTESIAN_POINT('Ctrl Pts',(3.9306676174718,0.94648714052702,0.747667831011693));
#5713=CARTESIAN_POINT('Ctrl Pts',(3.97082902744552,0.827508794629242,1.40887491394957));
#5714=CARTESIAN_POINT('Ctrl Pts',(4.01092694406873,0.708625316509494,2.07010929504835));
#5715=CARTESIAN_POINT('Ctrl Pts',(3.94587374355092,1.0766263023586,0.087476499655384));
#5716=CARTESIAN_POINT('Ctrl Pts',(3.979813921969,0.956461582837411,0.748587343076772));
#5717=CARTESIAN_POINT('Ctrl Pts',(4.01377194076086,0.836276691184509,1.40969223033735));
#5718=CARTESIAN_POINT('Ctrl Pts',(4.04771211917894,0.716111971663321,2.07080307375874));
#5719=CARTESIAN_POINT('Ctrl Pts',(4.16816455706587,1.17374035847336,0.105382129737753));
#5720=CARTESIAN_POINT('Ctrl Pts',(4.17731032389052,1.04271620265361,0.764488556266613));
#5721=CARTESIAN_POINT('Ctrl Pts',(4.1864218453885,0.911730999490377,1.42360647706969));
#5722=CARTESIAN_POINT('Ctrl Pts',(4.19556761221315,0.780706843670634,2.08271290359856));
#5723=CARTESIAN_POINT('Ctrl Pts',(4.40235501438127,1.33760774110241,0.140519007001253));
#5724=CARTESIAN_POINT('Ctrl Pts',(4.38530459690612,1.1883613211597,0.795723545463902));
#5725=CARTESIAN_POINT('Ctrl Pts',(4.36838850433254,1.03894873790997,1.45087946279545));
#5726=CARTESIAN_POINT('Ctrl Pts',(4.35133808685739,0.889702317967262,2.1060840012581));
#5727=CARTESIAN_POINT('Ctrl Pts',(4.57021609206033,1.50457901997887,0.178794232854622));
#5728=CARTESIAN_POINT('Ctrl Pts',(4.53447404307698,1.33664012382474,0.829710339887539));
#5729=CARTESIAN_POINT('Ctrl Pts',(4.49873199409363,1.1687012276706,1.48062644692046));
#5730=CARTESIAN_POINT('Ctrl Pts',(4.46298994511029,1.00076233151646,2.13154255395337));
#5731=CARTESIAN_POINT('Ctrl Pts',(3.88743326353502,1.06229143705599,0.0999021676158639));
#5732=CARTESIAN_POINT('Ctrl Pts',(3.92771845647558,0.944259055160883,0.756624997890285));
#5733=CARTESIAN_POINT('Ctrl Pts',(3.96800364941613,0.826226673265773,1.41334782816471));
#5734=CARTESIAN_POINT('Ctrl Pts',(4.00828884235668,0.708194291370663,2.07007065843913));
#5735=CARTESIAN_POINT('Ctrl Pts',(3.52753534384175,1.00650782551894,0.0957981728878109));
#5736=CARTESIAN_POINT('Ctrl Pts',(3.60785920337661,0.894603952424822,0.753386410592109));
#5737=CARTESIAN_POINT('Ctrl Pts',(3.68818306291147,0.782700079330703,1.41097464829641));
#5738=CARTESIAN_POINT('Ctrl Pts',(3.76850692244632,0.670796206236583,2.0685628860007));
#5739=CARTESIAN_POINT('Ctrl Pts',(3.64746366015397,1.02521269444779,0.0965522940074926));
#5740=CARTESIAN_POINT('Ctrl Pts',(3.71445384979701,0.91122920783673,0.754056688276165));
#5741=CARTESIAN_POINT('Ctrl Pts',(3.78144403944006,0.79724572122567,1.41156108254484));
#5742=CARTESIAN_POINT('Ctrl Pts',(3.84843422908311,0.68326223461461,2.06906547681351));
#5743=CARTESIAN_POINT('Ctrl Pts',(3.76739197646619,1.04391756337664,0.0973064151271744));
#5744=CARTESIAN_POINT('Ctrl Pts',(3.82104849621742,0.927854463248639,0.754726965960223));
#5745=CARTESIAN_POINT('Ctrl Pts',(3.87470501596866,0.811791363120638,1.41214751679327));
#5746=CARTESIAN_POINT('Ctrl Pts',(3.9283615357199,0.695728262992636,2.06956806762632));
#5747=CARTESIAN_POINT('Ctrl Pts',(3.8873202927784,1.06262243230549,0.0980605362468561));
#5748=CARTESIAN_POINT('Ctrl Pts',(3.92764314263783,0.944479718660547,0.75539724364428));
#5749=CARTESIAN_POINT('Ctrl Pts',(3.96796599249726,0.826337005015605,1.4127339510417));
#5750=CARTESIAN_POINT('Ctrl Pts',(4.00828884235668,0.708194291370663,2.07007065843913));
#5751=CARTESIAN_POINT('Ctrl Pts',(3.5291914135818,1.00676611787539,0.0958085864182018));
#5752=CARTESIAN_POINT('Ctrl Pts',(3.5885637861309,0.923414116081994,0.585236164838648));
#5753=CARTESIAN_POINT('Ctrl Pts',(3.6479361586548,0.840062114284202,1.0746637432614));
#5754=CARTESIAN_POINT('Ctrl Pts',(3.72765775645676,0.72814213385114,1.73183722215235));
#5755=CARTESIAN_POINT('Ctrl Pts',(3.7480069817885,0.699574155225239,1.89958312261563));
#5756=CARTESIAN_POINT('Ctrl Pts',(3.76835620711092,0.671006176597709,2.06732902307976));
#5757=CARTESIAN_POINT('Ctrl Pts',(4.74701095777072,-0.168484322133402,0.));
#5758=CARTESIAN_POINT('Ctrl Pts',(4.69174746578296,-0.149750264381345,0.668307427165912));
#5759=CARTESIAN_POINT('Ctrl Pts',(4.63648397379521,-0.131016206629289,1.33661485433182));
#5760=CARTESIAN_POINT('Ctrl Pts',(4.58122048180745,-0.112282148877232,2.00492228149774));
#5761=CARTESIAN_POINT('Ctrl Pts',(4.75099592937476,-0.0562085707086327,
0.));
#5762=CARTESIAN_POINT('Ctrl Pts',(4.69528930173478,-0.0499586441034923,
0.668307427165911));
#5763=CARTESIAN_POINT('Ctrl Pts',(4.63958279378205,-0.0437087181684651,
1.33661485433182));
#5764=CARTESIAN_POINT('Ctrl Pts',(4.58387616614206,-0.0374587915633246,
2.00492228149774));
#5765=CARTESIAN_POINT('Ctrl Pts',(4.75099592937476,0.0562085707086475,0.));
#5766=CARTESIAN_POINT('Ctrl Pts',(4.69528930173478,0.0499586441035054,0.668307427165913));
#5767=CARTESIAN_POINT('Ctrl Pts',(4.63958279378205,0.0437087181684765,1.33661485433183));
#5768=CARTESIAN_POINT('Ctrl Pts',(4.58387616614206,0.0374587915633344,2.00492228149774));
#5769=CARTESIAN_POINT('Ctrl Pts',(4.74701095777071,0.168484322133416,0.));
#5770=CARTESIAN_POINT('Ctrl Pts',(4.69174746578296,0.149750264381358,0.668307427165912));
#5771=CARTESIAN_POINT('Ctrl Pts',(4.63648397379521,0.1310162066293,1.33661485433182));
#5772=CARTESIAN_POINT('Ctrl Pts',(4.58122048180745,0.112282148877242,2.00492228149774));
#5773=CARTESIAN_POINT('Ctrl Pts',(4.74683072271118,-0.168423223315848,0.00217960220377784));
#5774=CARTESIAN_POINT('Ctrl Pts',(4.6916273090766,-0.149709531836309,0.669760495301764));
#5775=CARTESIAN_POINT('Ctrl Pts',(4.63642389544203,-0.130995840356771,1.33734138839975));
#5776=CARTESIAN_POINT('Ctrl Pts',(4.58122048180745,-0.112282148877232,2.00492228149774));
#5777=CARTESIAN_POINT('Ctrl Pts',(3.32945851763709,-1.7295884699557,0.293874999092472));
#5778=CARTESIAN_POINT('Ctrl Pts',(3.4318046242529,-1.53729225154609,0.929440989715816));
#5779=CARTESIAN_POINT('Ctrl Pts',(3.53415073086871,-1.34499603313647,1.56500698033916));
#5780=CARTESIAN_POINT('Ctrl Pts',(3.63649683748453,-1.15269981472686,2.2005729709625));
#5781=CARTESIAN_POINT('Ctrl Pts',(3.44274566023884,-1.77253698342586,0.301270293922615));
#5782=CARTESIAN_POINT('Ctrl Pts',(3.53249646485354,-1.57546573507699,0.936014073219644));
#5783=CARTESIAN_POINT('Ctrl Pts',(3.62224726946823,-1.37839448672813,1.57075785251667));
#5784=CARTESIAN_POINT('Ctrl Pts',(3.71199807408292,-1.18132323837926,2.2055016318137));
#5785=CARTESIAN_POINT('Ctrl Pts',(3.5560328028406,-1.81548549689602,0.308665588752758));
#5786=CARTESIAN_POINT('Ctrl Pts',(3.63318830545417,-1.6136392186079,0.942587156723472));
#5787=CARTESIAN_POINT('Ctrl Pts',(3.71034380806774,-1.41179294031978,1.57650872469419));
#5788=CARTESIAN_POINT('Ctrl Pts',(3.78749931068132,-1.20994666203166,2.2104302926649));
#5789=CARTESIAN_POINT('Ctrl Pts',(3.66931994544236,-1.85843401036618,0.316060883582901));
#5790=CARTESIAN_POINT('Ctrl Pts',(3.73388014605481,-1.6518127021388,0.949160240227301));
#5791=CARTESIAN_POINT('Ctrl Pts',(3.79844034666726,-1.44519139391143,1.5822595968717));
#5792=CARTESIAN_POINT('Ctrl Pts',(3.86300054727971,-1.23857008568406,2.2153589535161));
#5793=CARTESIAN_POINT('Ctrl Pts',(3.66950082091957,-1.85785512852609,0.31783461023132));
#5794=CARTESIAN_POINT('Ctrl Pts',(3.73400072970628,-1.65142678091208,0.95034272465958));
#5795=CARTESIAN_POINT('Ctrl Pts',(3.798500638493,-1.44499843329807,1.58285083908784));
#5796=CARTESIAN_POINT('Ctrl Pts',(3.86300054727971,-1.23857008568406,2.2153589535161));
#5797=CARTESIAN_POINT('Ctrl Pts',(3.33102288053793,-1.73018153867979,0.293977119462069));
#5798=CARTESIAN_POINT('Ctrl Pts',(3.43278352069675,-1.53780790212533,0.929111556102962));
#5799=CARTESIAN_POINT('Ctrl Pts',(3.53454416082457,-1.34543426555797,1.56424599274492));
#5800=CARTESIAN_POINT('Ctrl Pts',(3.63630480079852,-1.15306062892666,2.19938042939215));
#5801=CARTESIAN_POINT('Ctrl Pts',(3.97116792845051,-0.427596870032413,0.00217960220377785));
#5802=CARTESIAN_POINT('Ctrl Pts',(4.00229075396289,-0.379869136627479,0.672809174413551));
#5803=CARTESIAN_POINT('Ctrl Pts',(4.03341357947528,-0.332141403222546,1.34343874662332));
#5804=CARTESIAN_POINT('Ctrl Pts',(4.06453640498766,-0.284413669817612,2.0140683188331));
#5805=CARTESIAN_POINT('Ctrl Pts',(3.97482354855773,-0.427958720250393,0.00217960220377785));
#5806=CARTESIAN_POINT('Ctrl Pts',(4.00552627406995,-0.380153379980544,0.672809174413553));
#5807=CARTESIAN_POINT('Ctrl Pts',(4.03626519477179,-0.332459692738885,1.34343874662332));
#5808=CARTESIAN_POINT('Ctrl Pts',(4.066967920284,-0.284654352469036,2.0140683188331));
#5809=CARTESIAN_POINT('Ctrl Pts',(4.03117273006476,-0.43132974457601,0.00217960220377784));
#5810=CARTESIAN_POINT('Ctrl Pts',(4.05559417969446,-0.383177771680546,0.672809174413549));
#5811=CARTESIAN_POINT('Ctrl Pts',(4.08002681400297,-0.335048543366283,1.34343874662332));
#5812=CARTESIAN_POINT('Ctrl Pts',(4.10444826363268,-0.28689657047082,2.0140683188331));
#5813=CARTESIAN_POINT('Ctrl Pts',(4.27137100759738,-0.392984249713527,0.00217960220377785));
#5814=CARTESIAN_POINT('Ctrl Pts',(4.26899362874112,-0.34913700466613,0.672809174413553));
#5815=CARTESIAN_POINT('Ctrl Pts',(4.26659218519478,-0.305238523784008,1.34343874662332));
#5816=CARTESIAN_POINT('Ctrl Pts',(4.26421480633853,-0.261391278736611,2.0140683188331));
#5817=CARTESIAN_POINT('Ctrl Pts',(4.54069441917874,-0.291018356373114,0.00217960220377784));
#5818=CARTESIAN_POINT('Ctrl Pts',(4.50821896795648,-0.258468091097672,0.672809174413549));
#5819=CARTESIAN_POINT('Ctrl Pts',(4.47582922050468,-0.226119499573375,1.34343874662333));
#5820=CARTESIAN_POINT('Ctrl Pts',(4.4433537692824,-0.193569234297933,2.0140683188331));
#5821=CARTESIAN_POINT('Ctrl Pts',(4.74683072271118,-0.168423223315848,0.00217960220377784));
#5822=CARTESIAN_POINT('Ctrl Pts',(4.69137520855098,-0.149624070971704,0.672809174413551));
#5823=CARTESIAN_POINT('Ctrl Pts',(4.63591969439078,-0.13082491862756,1.34343874662332));
#5824=CARTESIAN_POINT('Ctrl Pts',(4.58046418023058,-0.112025766283416,2.0140683188331));
#5825=CARTESIAN_POINT('Ctrl Pts',(3.97146123063506,-0.426588410026046,0.0158742005158325));
#5826=CARTESIAN_POINT('Ctrl Pts',(4.00240998278672,-0.379189697800929,0.681933471579146));
#5827=CARTESIAN_POINT('Ctrl Pts',(4.03335873493838,-0.331790985575813,1.34799274264246));
#5828=CARTESIAN_POINT('Ctrl Pts',(4.06430748709004,-0.284392273350697,2.01405201370577));
#5829=CARTESIAN_POINT('Ctrl Pts',(3.60932712952958,-0.387722347988125,0.0140063871999826));
#5830=CARTESIAN_POINT('Ctrl Pts',(3.6805573512668,-0.344615249041679,0.680688262701913));
#5831=CARTESIAN_POINT('Ctrl Pts',(3.75178757300403,-0.301508150095233,1.34737013820384));
#5832=CARTESIAN_POINT('Ctrl Pts',(3.82301779474125,-0.258401051148787,2.01405201370577));
#5833=CARTESIAN_POINT('Ctrl Pts',(3.73000956696148,-0.400722008340903,0.0140063871999826));
#5834=CARTESIAN_POINT('Ctrl Pts',(3.78782227537127,-0.356169602854855,0.680688262701914));
#5835=CARTESIAN_POINT('Ctrl Pts',(3.84563498378106,-0.311617197368806,1.34737013820384));
#5836=CARTESIAN_POINT('Ctrl Pts',(3.90344769219085,-0.267064791882757,2.01405201370577));
#5837=CARTESIAN_POINT('Ctrl Pts',(3.85069200439338,-0.413721668693682,0.0140063871999826));
#5838=CARTESIAN_POINT('Ctrl Pts',(3.89508719947573,-0.36772395666803,0.680688262701912));
#5839=CARTESIAN_POINT('Ctrl Pts',(3.93948239455809,-0.321726244642378,1.34737013820384));
#5840=CARTESIAN_POINT('Ctrl Pts',(3.98387758964044,-0.275728532616727,2.01405201370577));
#5841=CARTESIAN_POINT('Ctrl Pts',(3.97137444182528,-0.426721329046461,0.0140063871999826));
#5842=CARTESIAN_POINT('Ctrl Pts',(4.0023521235802,-0.379278310481206,0.680688262701913));
#5843=CARTESIAN_POINT('Ctrl Pts',(4.03332980533512,-0.331835291915951,1.34737013820384));
#5844=CARTESIAN_POINT('Ctrl Pts',(4.06430748709004,-0.284392273350697,2.01405201370577));
#5845=CARTESIAN_POINT('Ctrl Pts',(3.82288414221484,-0.258481934972409,2.01280108797584));
#5846=CARTESIAN_POINT('Ctrl Pts',(3.80485553498434,-0.269493569010604,1.84273456941988));
#5847=CARTESIAN_POINT('Ctrl Pts',(3.78682692774425,-0.280505203047693,1.67266805086486));
#5848=CARTESIAN_POINT('Ctrl Pts',(3.71619675131404,-0.323645177424611,1.00640315060216));
#5849=CARTESIAN_POINT('Ctrl Pts',(3.66359518206973,-0.355773517758195,0.510204768899821));
#5850=CARTESIAN_POINT('Ctrl Pts',(3.61099361280002,-0.387901858088851,0.0140063871999835));
#5851=CARTESIAN_POINT('Ctrl Pts',(4.48425818858642,-1.81933873839727,0.262752769184293));
#5852=CARTESIAN_POINT('Ctrl Pts',(4.45821062298328,-1.61704337605073,0.90184426996559));
#5853=CARTESIAN_POINT('Ctrl Pts',(4.43216305738014,-1.41474801370419,1.54093577074689));
#5854=CARTESIAN_POINT('Ctrl Pts',(4.406115491777,-1.21245265135764,2.18002727152818));
#5855=CARTESIAN_POINT('Ctrl Pts',(4.51678792938883,-1.71566262508557,0.234207999985935));
#5856=CARTESIAN_POINT('Ctrl Pts',(4.4871232882004,-1.52489517535195,0.876473440700291));
#5857=CARTESIAN_POINT('Ctrl Pts',(4.45745876248695,-1.33412775681568,1.51873888562692));
#5858=CARTESIAN_POINT('Ctrl Pts',(4.42779412129852,-1.14336030708207,2.16100432634128));
#5859=CARTESIAN_POINT('Ctrl Pts',(4.54550336286652,-1.61083676260493,0.205492566508243));
#5860=CARTESIAN_POINT('Ctrl Pts',(4.51264580377593,-1.43172507886153,0.850950925124757));
#5861=CARTESIAN_POINT('Ctrl Pts',(4.47978836050266,-1.25261342506576,1.49640928761121));
#5862=CARTESIAN_POINT('Ctrl Pts',(4.44693080141208,-1.07350174132237,2.14186764622772));
#5863=CARTESIAN_POINT('Ctrl Pts',(4.57033225670914,-1.50512483543843,0.176678701061577));
#5864=CARTESIAN_POINT('Ctrl Pts',(4.53471396937506,-1.33776745028759,0.825340923573816));
#5865=CARTESIAN_POINT('Ctrl Pts',(4.49909568204097,-1.17041006513675,1.47400314608606));
#5866=CARTESIAN_POINT('Ctrl Pts',(4.46347739470689,-1.00305267998591,2.1226653685983));
#5867=CARTESIAN_POINT('Ctrl Pts',(4.48417323766551,-1.81867897703647,0.264837087249447));
#5868=CARTESIAN_POINT('Ctrl Pts',(4.45815398903601,-1.61660353514353,0.903233815342359));
#5869=CARTESIAN_POINT('Ctrl Pts',(4.4321347404065,-1.41452809325059,1.54163054343527));
#5870=CARTESIAN_POINT('Ctrl Pts',(4.406115491777,-1.21245265135765,2.18002727152818));
#5871=CARTESIAN_POINT('Ctrl Pts',(3.66849744148408,-1.8622186687409,0.304850089170205));
#5872=CARTESIAN_POINT('Ctrl Pts',(3.73340390135838,-1.65436056127483,0.941696027018056));
#5873=CARTESIAN_POINT('Ctrl Pts',(3.79831036123268,-1.44650245380875,1.57854196486591));
#5874=CARTESIAN_POINT('Ctrl Pts',(3.86321682110698,-1.23864434634267,2.21538790271376));
#5875=CARTESIAN_POINT('Ctrl Pts',(3.67193720392478,-1.86348986257661,0.305065946836727));
#5876=CARTESIAN_POINT('Ctrl Pts',(3.73645757162779,-1.65545208001914,0.941877876855701));
#5877=CARTESIAN_POINT('Ctrl Pts',(3.80098439217907,-1.44752765637987,1.57871954921603));
#5878=CARTESIAN_POINT('Ctrl Pts',(3.86550475988208,-1.23948987382241,2.215531479235));
#5879=CARTESIAN_POINT('Ctrl Pts',(3.72552226187897,-1.88101890690268,0.30782750453946));
#5880=CARTESIAN_POINT('Ctrl Pts',(3.78406197657892,-1.67105343234939,0.944338811678979));
#5881=CARTESIAN_POINT('Ctrl Pts',(3.84260684718827,-1.46111469430308,1.58085700677715));
#5882=CARTESIAN_POINT('Ctrl Pts',(3.90114656188822,-1.25114921974979,2.21736831391667));
#5883=CARTESIAN_POINT('Ctrl Pts',(3.96740420225146,-1.90661392811235,0.306141608953779));
#5884=CARTESIAN_POINT('Ctrl Pts',(3.99895033671516,-1.69381709560743,0.942847667843595));
#5885=CARTESIAN_POINT('Ctrl Pts',(4.03048684906444,-1.48097043765478,1.57954089099438));
#5886=CARTESIAN_POINT('Ctrl Pts',(4.06203298352814,-1.26817360514987,2.21624694988419));
#5887=CARTESIAN_POINT('Ctrl Pts',(4.25368163329608,-1.88034081223207,0.289192388086444));
#5888=CARTESIAN_POINT('Ctrl Pts',(4.25326026305366,-1.67038995543117,0.927767879316365));
#5889=CARTESIAN_POINT('Ctrl Pts',(4.25287018806604,-1.46064904566794,1.56639777906194));
#5890=CARTESIAN_POINT('Ctrl Pts',(4.25244881782362,-1.25069818886704,2.20497327029187));
#5891=CARTESIAN_POINT('Ctrl Pts',(4.48417323766551,-1.81867897703647,0.264837087249447));
#5892=CARTESIAN_POINT('Ctrl Pts',(4.45803516547377,-1.61568070588782,0.906149217490756));
#5893=CARTESIAN_POINT('Ctrl Pts',(4.43189709328203,-1.41268243473917,1.54746134773206));
#5894=CARTESIAN_POINT('Ctrl Pts',(4.40575902109028,-1.20968416359052,2.18877347797337));
#5895=CARTESIAN_POINT('Origin',(0.932296179957173,0.,2.69270382004283));
#5896=CARTESIAN_POINT('Origin',(0.932296179957173,0.,2.69270382004283));
#5897=CARTESIAN_POINT('Origin',(0.932296179957173,0.,2.69270382004283));
#5898=CARTESIAN_POINT('Origin',(0.932296179957173,0.,2.69270382004283));
#5899=CARTESIAN_POINT('Origin',(0.932296179957173,0.,2.69270382004283));
#5900=CARTESIAN_POINT('Origin',(0.932296179957173,0.,2.69270382004283));
#5901=CARTESIAN_POINT('Origin',(0.932296179957173,0.,2.69270382004283));
#5902=CARTESIAN_POINT('Origin',(0.932296179957173,0.,2.69270382004283));
#5903=CARTESIAN_POINT('Origin',(0.932296179957173,0.,2.69270382004283));
#5904=CARTESIAN_POINT('Origin',(0.932296179957173,0.,2.69270382004283));
#5905=CARTESIAN_POINT('Origin',(0.932296179957173,0.,2.69270382004283));
#5906=CARTESIAN_POINT('Origin',(0.932296179957173,0.,2.69270382004283));
#5907=CARTESIAN_POINT('Origin',(0.932296179957173,0.,2.69270382004283));
#5908=CARTESIAN_POINT('Origin',(0.932296179957173,0.,2.69270382004283));
#5909=CARTESIAN_POINT('Origin',(0.932296179957173,0.,2.69270382004283));
#5910=CARTESIAN_POINT('Origin',(0.932296179957173,0.,2.69270382004283));
#5911=CARTESIAN_POINT('Origin',(0.932296179957173,0.,2.69270382004283));
#5912=CARTESIAN_POINT('Origin',(0.932296179957173,0.,2.69270382004283));
#5913=CARTESIAN_POINT('Origin',(1.48496748750484,0.,3.2453751275905));
#5914=CARTESIAN_POINT('Origin',(2.03763879505251,0.,3.79804643513817));
#5915=CARTESIAN_POINT('Ctrl Pts',(3.81756016659795,-3.22448137673663,0.929450791172765));
#5916=CARTESIAN_POINT('Ctrl Pts',(3.86564388566844,-2.8659458194378,1.49441100728044));
#5917=CARTESIAN_POINT('Ctrl Pts',(3.91372760473892,-2.50741026213897,2.05937122338811));
#5918=CARTESIAN_POINT('Ctrl Pts',(3.96181132380941,-2.14887470484014,2.62433143949578));
#5919=CARTESIAN_POINT('Ctrl Pts',(3.87451045109814,-3.1434069351299,0.876485478276622));
#5920=CARTESIAN_POINT('Ctrl Pts',(3.91626173678831,-2.79388616343327,1.44733499211238));
#5921=CARTESIAN_POINT('Ctrl Pts',(3.95801312622786,-2.44436544924784,2.01818452188601));
#5922=CARTESIAN_POINT('Ctrl Pts',(3.99976441191803,-2.0948446775512,2.58903403572177));
#5923=CARTESIAN_POINT('Ctrl Pts',(3.92806313964465,-3.06032966517407,0.822932789730109));
#5924=CARTESIAN_POINT('Ctrl Pts',(3.96385981078576,-2.72004639646379,1.39973691811493));
#5925=CARTESIAN_POINT('Ctrl Pts',(3.9996565863147,-2.37976318427427,1.97654106179917));
#5926=CARTESIAN_POINT('Ctrl Pts',(4.03545325745581,-2.03947991556398,2.55334519018399));
#5927=CARTESIAN_POINT('Ctrl Pts',(3.97808352299053,-2.97545854379969,0.768927434780181));
#5928=CARTESIAN_POINT('Ctrl Pts',(4.0083183776021,-2.64461225796986,1.35173651534678));
#5929=CARTESIAN_POINT('Ctrl Pts',(4.03855323221366,-2.31376597214002,1.93454559591337));
#5930=CARTESIAN_POINT('Ctrl Pts',(4.06878808682522,-1.98291968631019,2.51735467647997));
#5931=CARTESIAN_POINT('Ctrl Pts',(3.81771698571411,-3.22331205726021,0.931293339200844));
#5932=CARTESIAN_POINT('Ctrl Pts',(3.86574843174588,-2.86516627312018,1.49563937263249));
#5933=CARTESIAN_POINT('Ctrl Pts',(3.91377987777764,-2.50702048898016,2.05998540606414));
#5934=CARTESIAN_POINT('Ctrl Pts',(3.96181132380941,-2.14887470484014,2.62433143949578));
#5935=CARTESIAN_POINT('Ctrl Pts',(3.01981094447144,-3.04533751732607,0.953536586182852));
#5936=CARTESIAN_POINT('Ctrl Pts',(3.15712283657084,-2.70542142499367,1.5179770918056));
#5937=CARTESIAN_POINT('Ctrl Pts',(3.29443472867025,-2.36550533266128,2.08241759742834));
#5938=CARTESIAN_POINT('Ctrl Pts',(3.43174662076965,-2.02558924032889,2.64685810305108));
#5939=CARTESIAN_POINT('Ctrl Pts',(3.0228171461436,-3.04734637300806,0.95418600461791));
#5940=CARTESIAN_POINT('Ctrl Pts',(3.1598007293713,-2.7071728034745,1.5185347191122));
#5941=CARTESIAN_POINT('Ctrl Pts',(3.29676259579346,-2.36709898899912,2.08294134560164));
#5942=CARTESIAN_POINT('Ctrl Pts',(3.43374617902116,-2.02692541946557,2.64729006009592));
#5943=CARTESIAN_POINT('Ctrl Pts',(3.07020981958548,-3.07666830687159,0.963137881166498));
#5944=CARTESIAN_POINT('Ctrl Pts',(3.20189693246074,-2.73324633145776,1.52650179013071));
#5945=CARTESIAN_POINT('Ctrl Pts',(3.33358203818041,-2.38985071541504,2.08988044181852));
#5946=CARTESIAN_POINT('Ctrl Pts',(3.46526915105567,-2.04642874000121,2.65324435078272));
#5947=CARTESIAN_POINT('Ctrl Pts',(3.29733005100147,-3.16274804980919,0.976212039723814));
#5948=CARTESIAN_POINT('Ctrl Pts',(3.40366479933544,-2.8097410212245,1.53812948474336));
#5949=CARTESIAN_POINT('Ctrl Pts',(3.51000215609872,-2.45669122881408,2.10002310930363));
#5950=CARTESIAN_POINT('Ctrl Pts',(3.61633690443269,-2.10368420022939,2.66194055432318));
#5951=CARTESIAN_POINT('Ctrl Pts',(3.58007932385947,-3.21571282207096,0.962794697523047));
#5952=CARTESIAN_POINT('Ctrl Pts',(3.65486206806974,-2.85671640033342,1.52616607430028));
#5953=CARTESIAN_POINT('Ctrl Pts',(3.72962325980613,-2.49790984440928,2.08964470732185));
#5954=CARTESIAN_POINT('Ctrl Pts',(3.8044060040164,-2.13891342267174,2.65301608409909));
#5955=CARTESIAN_POINT('Ctrl Pts',(3.81771698571411,-3.22331205726021,0.931293339200844));
#5956=CARTESIAN_POINT('Ctrl Pts',(3.86596777964474,-2.86353070867793,1.49821660331978));
#5957=CARTESIAN_POINT('Ctrl Pts',(3.91421857357538,-2.50374936009565,2.06513986743871));
#5958=CARTESIAN_POINT('Ctrl Pts',(3.96246936750601,-2.14396801151337,2.63206313155765));
#5959=CARTESIAN_POINT('Origin',(1.48496748750484,0.,3.2453751275905));
#5960=CARTESIAN_POINT('Origin',(2.03763879505251,0.,3.79804643513817));
#5961=CARTESIAN_POINT('Ctrl Pts',(2.83695815397611,-4.19413993767958,1.9100528037946));
#5962=CARTESIAN_POINT('Ctrl Pts',(2.99407667523843,-3.72778639915578,2.36597821771044));
#5963=CARTESIAN_POINT('Ctrl Pts',(3.15119519650075,-3.26143286063198,2.82190363162628));
#5964=CARTESIAN_POINT('Ctrl Pts',(3.30831371776307,-2.79507932210818,3.27782904554212));
#5965=CARTESIAN_POINT('Ctrl Pts',(2.91090662692823,-4.14661672036582,1.84008930244654));
#5966=CARTESIAN_POINT('Ctrl Pts',(3.05980266326978,-3.68554734368525,2.30379406563091));
#5967=CARTESIAN_POINT('Ctrl Pts',(3.20869878570539,-3.22447804306254,2.76749886240848));
#5968=CARTESIAN_POINT('Ctrl Pts',(3.35759482204694,-2.76340866638197,3.23120362559286));
#5969=CARTESIAN_POINT('Ctrl Pts',(2.98206398320966,-4.09650808858938,1.7689319461651));
#5970=CARTESIAN_POINT('Ctrl Pts',(3.12304791204575,-3.64101037592621,2.24054881685494));
#5971=CARTESIAN_POINT('Ctrl Pts',(3.26403192782424,-3.18551273872351,2.71216572028963));
#5972=CARTESIAN_POINT('Ctrl Pts',(3.40501585666033,-2.73001502606034,3.18378259097947));
#5973=CARTESIAN_POINT('Ctrl Pts',(3.05025122986712,-4.04394008823584,1.69675972790359));
#5974=CARTESIAN_POINT('Ctrl Pts',(3.18365333199169,-3.59428752591089,2.17640156095719));
#5975=CARTESIAN_POINT('Ctrl Pts',(3.31705543411625,-3.14463496358594,2.65604339401078));
#5976=CARTESIAN_POINT('Ctrl Pts',(3.45045753624082,-2.69498240126098,3.13568522706437));
#5977=CARTESIAN_POINT('Ctrl Pts',(2.8374705766446,-4.19261898316226,1.91153974827035));
#5978=CARTESIAN_POINT('Ctrl Pts',(2.99441829035076,-3.72677242947757,2.36696951402761));
#5979=CARTESIAN_POINT('Ctrl Pts',(3.15136600405691,-3.26092587579287,2.82239927978487));
#5980=CARTESIAN_POINT('Ctrl Pts',(3.30831371776307,-2.79507932210818,3.27782904554212));
#5981=CARTESIAN_POINT('Ctrl Pts',(2.11271714333009,-3.81716665939863,1.8606303873242));
#5982=CARTESIAN_POINT('Ctrl Pts',(2.35127751068345,-3.3911001340095,2.323822417693));
#5983=CARTESIAN_POINT('Ctrl Pts',(2.5898378780368,-2.96503360862036,2.7870144480618));
#5984=CARTESIAN_POINT('Ctrl Pts',(2.82839824539015,-2.53896708323122,3.2502064784306));
#5985=CARTESIAN_POINT('Ctrl Pts',(2.11513063591594,-3.8196418698356,1.86187251484557));
#5986=CARTESIAN_POINT('Ctrl Pts',(2.35343644921308,-3.39327483885828,2.32489899927042));
#5987=CARTESIAN_POINT('Ctrl Pts',(2.59169775320626,-2.96698048660574,2.78800618818885));
#5988=CARTESIAN_POINT('Ctrl Pts',(2.8300035665034,-2.54061345562842,3.25103267261371));
#5989=CARTESIAN_POINT('Ctrl Pts',(2.15373710092129,-3.85680026092623,1.87960923680499));
#5990=CARTESIAN_POINT('Ctrl Pts',(2.38772178362962,-3.42630282539834,2.34067557593614));
#5991=CARTESIAN_POINT('Ctrl Pts',(2.62169775836219,-2.99582658744708,2.80176381502781));
#5992=CARTESIAN_POINT('Ctrl Pts',(2.85568244107052,-2.56532915191919,3.26283015415895));
#5993=CARTESIAN_POINT('Ctrl Pts',(2.35164285803098,-3.99174089437184,1.92189683557755));
#5994=CARTESIAN_POINT('Ctrl Pts',(2.56353070406436,-3.54619922499721,2.37826118289769));
#5995=CARTESIAN_POINT('Ctrl Pts',(2.77543050400283,-3.10062582993752,2.83459316697072));
#5996=CARTESIAN_POINT('Ctrl Pts',(2.98731835003621,-2.65508416056289,3.29095751429086));
#5997=CARTESIAN_POINT('Ctrl Pts',(2.61086121531759,-4.11678499640929,1.93201280606493));
#5998=CARTESIAN_POINT('Ctrl Pts',(2.79384137507617,-3.65722746575861,2.38718676729385));
#5999=CARTESIAN_POINT('Ctrl Pts',(2.97675583279777,-3.19781407726687,2.84251213433023));
#6000=CARTESIAN_POINT('Ctrl Pts',(3.15973599255635,-2.73825654661619,3.29768609555916));
#6001=CARTESIAN_POINT('Ctrl Pts',(2.8374705766446,-4.19261898316226,1.91153974827035));
#6002=CARTESIAN_POINT('Ctrl Pts',(2.99513503227876,-3.72464502188966,2.36904935068577));
#6003=CARTESIAN_POINT('Ctrl Pts',(3.15279948791292,-3.25667106061706,2.82655895310118));
#6004=CARTESIAN_POINT('Ctrl Pts',(3.31046394354708,-2.78869709934446,3.28406855551659));
#6005=CARTESIAN_POINT('Origin',(1.48496748750484,0.,3.2453751275905));
#6006=CARTESIAN_POINT('Origin',(2.03763879505251,0.,3.79804643513817));
#6007=CARTESIAN_POINT('Ctrl Pts',(1.67488788622882,-4.59735665950723,3.0721230715419));
#6008=CARTESIAN_POINT('Ctrl Pts',(1.96121897298247,-4.08616876929026,3.3988359199664));
#6009=CARTESIAN_POINT('Ctrl Pts',(2.24755005973613,-3.57498087907329,3.7255487683909));
#6010=CARTESIAN_POINT('Ctrl Pts',(2.53388114648978,-3.06379298885632,4.05226161681541));
#6011=CARTESIAN_POINT('Ctrl Pts',(1.75611649284635,-4.58980294031988,2.99487943652842));
#6012=CARTESIAN_POINT('Ctrl Pts',(2.03341561132702,-4.07945493284971,3.33018111757367));
#6013=CARTESIAN_POINT('Ctrl Pts',(2.31071479470118,-3.56910700971201,3.6654828534127));
#6014=CARTESIAN_POINT('Ctrl Pts',(2.58801391318185,-3.05875900224183,4.00078453445795));
#6015=CARTESIAN_POINT('Ctrl Pts',(1.83526832160037,-4.57943039510576,2.91572760777439));
#6016=CARTESIAN_POINT('Ctrl Pts',(2.10376641358031,-4.07023572858483,3.25983031532038));
#6017=CARTESIAN_POINT('Ctrl Pts',(2.37226457139737,-3.56104114627271,3.6039330767165));
#6018=CARTESIAN_POINT('Ctrl Pts',(2.64076266337731,-3.05184647975178,3.94803578426249));
#6019=CARTESIAN_POINT('Ctrl Pts',(1.91214426982144,-4.56626511551016,2.83486668794928));
#6020=CARTESIAN_POINT('Ctrl Pts',(2.17209441658028,-4.05853434684293,3.1879604763686));
#6021=CARTESIAN_POINT('Ctrl Pts',(2.43204456333912,-3.55080357817571,3.54105426478791));
#6022=CARTESIAN_POINT('Ctrl Pts',(2.69199471009796,-3.04307280950848,3.89414805320723));
#6023=CARTESIAN_POINT('Ctrl Pts',(1.67582171973467,-4.59568948328448,3.07318860518028));
#6024=CARTESIAN_POINT('Ctrl Pts',(1.96184152865304,-4.08505731847509,3.39954627572532));
#6025=CARTESIAN_POINT('Ctrl Pts',(2.24786133757141,-3.5744251536657,3.72590394627036));
#6026=CARTESIAN_POINT('Ctrl Pts',(2.53388114648978,-3.06379298885632,4.05226161681541));
#6027=CARTESIAN_POINT('Ctrl Pts',(1.06972408228446,-4.07346629246877,2.90362344836983));
#6028=CARTESIAN_POINT('Ctrl Pts',(1.42470180030038,-3.61879197919282,3.25039812807606));
#6029=CARTESIAN_POINT('Ctrl Pts',(1.77967951831631,-3.16411766591687,3.59717280778229));
#6030=CARTESIAN_POINT('Ctrl Pts',(2.13465723633223,-2.70944335264091,3.94394748748851));
#6031=CARTESIAN_POINT('Ctrl Pts',(1.07146576611263,-4.07607356677558,2.90553738464888));
#6032=CARTESIAN_POINT('Ctrl Pts',(1.42626869540722,-3.62109630446928,3.25206675307628));
#6033=CARTESIAN_POINT('Ctrl Pts',(1.78101277830802,-3.16615482888982,3.59869116308708));
#6034=CARTESIAN_POINT('Ctrl Pts',(2.13581570760261,-2.71117756658352,3.94522053151449));
#6035=CARTESIAN_POINT('Ctrl Pts',(1.09987683527802,-4.11605308700518,2.93346895032976));
#6036=CARTESIAN_POINT('Ctrl Pts',(1.45149340582081,-3.65662125549992,3.27690340162644));
#6037=CARTESIAN_POINT('Ctrl Pts',(1.80309660102899,-3.19720155266929,3.62036460512247));
#6038=CARTESIAN_POINT('Ctrl Pts',(2.15471317157178,-2.73776972116403,3.96379905641915));
#6039=CARTESIAN_POINT('Ctrl Pts',(1.258059873384,-4.28163167110735,3.01547886089248));
#6040=CARTESIAN_POINT('Ctrl Pts',(1.5920097702117,-3.80372823222344,3.3497811574183));
#6041=CARTESIAN_POINT('Ctrl Pts',(1.92597783903032,-3.32580683044673,3.68404519384887));
#6042=CARTESIAN_POINT('Ctrl Pts',(2.25992773585802,-2.84790339156282,4.01834749037469));
#6043=CARTESIAN_POINT('Ctrl Pts',(1.47692558385196,-4.46186254508939,3.06594843753057));
#6044=CARTESIAN_POINT('Ctrl Pts',(1.78648379974209,-3.96380969653613,3.39454434262793));
#6045=CARTESIAN_POINT('Ctrl Pts',(2.09594682484085,-3.46583579929007,3.72332114228715));
#6046=CARTESIAN_POINT('Ctrl Pts',(2.40550504073098,-2.96778295073682,4.05191704738452));
#6047=CARTESIAN_POINT('Ctrl Pts',(1.67582171973467,-4.59568948328448,3.07318860518028));
#6048=CARTESIAN_POINT('Ctrl Pts',(1.96314771135842,-4.08272538592466,3.4010366716061));
#6049=CARTESIAN_POINT('Ctrl Pts',(2.25047370298217,-3.56976128856484,3.72888473803193));
#6050=CARTESIAN_POINT('Ctrl Pts',(2.53779969460592,-3.05679719120503,4.05673280445775));
#6051=CARTESIAN_POINT('Origin',(1.48496748750484,0.,3.2453751275905));
#6052=CARTESIAN_POINT('Origin',(2.03763879505251,0.,3.79804643513817));
#6053=CARTESIAN_POINT('Ctrl Pts',(0.488293392268988,-4.37967488963575,4.25871756550173));
#6054=CARTESIAN_POINT('Ctrl Pts',(0.906563934852335,-3.8926914048893,4.45349095809654));
#6055=CARTESIAN_POINT('Ctrl Pts',(1.32483447743568,-3.40570792014284,4.64826435069135));
#6056=CARTESIAN_POINT('Ctrl Pts',(1.74310502001903,-2.91872443539639,4.84303774328616));
#6057=CARTESIAN_POINT('Ctrl Pts',(0.566100855373291,-4.41311084020768,4.18489507400147));
#6058=CARTESIAN_POINT('Ctrl Pts',(0.975719839731913,-3.92240952829268,4.38787688916878));
#6059=CARTESIAN_POINT('Ctrl Pts',(1.38533886710142,-3.43170829759519,4.59085878101245));
#6060=CARTESIAN_POINT('Ctrl Pts',(1.79495785146005,-2.94100698568019,4.79384059617975));
#6061=CARTESIAN_POINT('Ctrl Pts',(0.642557263531255,-4.44387525126329,4.10843866584351));
#6062=CARTESIAN_POINT('Ctrl Pts',(1.04367492979095,-3.9497531921433,4.31992179910974));
#6063=CARTESIAN_POINT('Ctrl Pts',(1.44479263997305,-3.4556312146076,4.53140500814083));
#6064=CARTESIAN_POINT('Ctrl Pts',(1.84591030623274,-2.9615091554876,4.74288814140705));
#6065=CARTESIAN_POINT('Ctrl Pts',(0.717470294276027,-4.47189073638634,4.02954066349469));
#6066=CARTESIAN_POINT('Ctrl Pts',(1.11025826813563,-3.97465361511867,4.24979662481324));
#6067=CARTESIAN_POINT('Ctrl Pts',(1.50304624199524,-3.47741649385099,4.47005258613179));
#6068=CARTESIAN_POINT('Ctrl Pts',(1.89583421585485,-2.98017937258332,4.69030854745034));
#6069=CARTESIAN_POINT('Ctrl Pts',(0.489657530028544,-4.37808665309459,4.25935279488641));
#6070=CARTESIAN_POINT('Ctrl Pts',(0.907473360025373,-3.89163258052852,4.45391444435299));
#6071=CARTESIAN_POINT('Ctrl Pts',(1.3252891900222,-3.40517850796246,4.64847609381957));
#6072=CARTESIAN_POINT('Ctrl Pts',(1.74310502001903,-2.91872443539639,4.84303774328616));
#6073=CARTESIAN_POINT('Ctrl Pts',(0.0316937536528075,-3.77962173088506,
3.94165377700148));
#6074=CARTESIAN_POINT('Ctrl Pts',(0.502534889442143,-3.35774591516755,4.1725650389343));
#6075=CARTESIAN_POINT('Ctrl Pts',(0.973376025231478,-2.93587009945005,4.40347630086712));
#6076=CARTESIAN_POINT('Ctrl Pts',(1.44421716102081,-2.51399428373254,4.63438756279994));
#6077=CARTESIAN_POINT('Ctrl Pts',(0.0327752605472992,-3.78200894221919,
3.94422789021421));
#6078=CARTESIAN_POINT('Ctrl Pts',(0.503516610719084,-3.35986864897439,4.17481883776441));
#6079=CARTESIAN_POINT('Ctrl Pts',(0.974195169119289,-2.93772241726279,4.40550877227582));
#6080=CARTESIAN_POINT('Ctrl Pts',(1.44493651929107,-2.51558212401799,4.63609971982603));
#6081=CARTESIAN_POINT('Ctrl Pts',(0.0509574212769711,-3.81941117764703,
3.98238866134085));
#6082=CARTESIAN_POINT('Ctrl Pts',(0.519653359382793,-3.39309376480885,4.20874374507451));
#6083=CARTESIAN_POINT('Ctrl Pts',(0.988334343840595,-2.96677742484588,4.43512705986543));
#6084=CARTESIAN_POINT('Ctrl Pts',(1.45703028194642,-2.5404600120077,4.66148214359909));
#6085=CARTESIAN_POINT('Ctrl Pts',(0.164273560026995,-3.9932660387235,4.10926568951942));
#6086=CARTESIAN_POINT('Ctrl Pts',(0.62030930441499,-3.54754433790595,4.32148213848494));
#6087=CARTESIAN_POINT('Ctrl Pts',(1.07636613433604,-3.10182030262745,4.53365724127207));
#6088=CARTESIAN_POINT('Ctrl Pts',(1.53240187872404,-2.65609860180991,4.74587369023759));
#6089=CARTESIAN_POINT('Ctrl Pts',(0.331416719846242,-4.2043408330213,4.21145730153628));
#6090=CARTESIAN_POINT('Ctrl Pts',(0.768838564577389,-3.73505746356869,4.41218957779264));
#6091=CARTESIAN_POINT('Ctrl Pts',(1.20615437319116,-3.26577719176001,4.61311359393683));
#6092=CARTESIAN_POINT('Ctrl Pts',(1.64357621792231,-2.79649382230739,4.81384587019319));
#6093=CARTESIAN_POINT('Ctrl Pts',(0.489657530028544,-4.37808665309459,4.25935279488641));
#6094=CARTESIAN_POINT('Ctrl Pts',(0.909381423013177,-3.88941106342818,4.45480295995135));
#6095=CARTESIAN_POINT('Ctrl Pts',(1.32910531599781,-3.40073547376178,4.65025312501629));
#6096=CARTESIAN_POINT('Ctrl Pts',(1.74882920898244,-2.91205988409538,4.84570329008123));
#6097=CARTESIAN_POINT('Origin',(1.48496748750484,0.,3.2453751275905));
#6098=CARTESIAN_POINT('Origin',(2.03763879505251,0.,3.79804643513817));
#6099=CARTESIAN_POINT('Ctrl Pts',(-0.562569166347036,-3.57049375730262,
5.30958012411775));
#6100=CARTESIAN_POINT('Ctrl Pts',(-0.0274514322072014,-3.17348449611034,
5.38750632515607));
#6101=CARTESIAN_POINT('Ctrl Pts',(0.507666301932633,-2.77647523491805,5.4654325261944));
#6102=CARTESIAN_POINT('Ctrl Pts',(1.04278403607247,-2.37946597372577,5.54335872723272));
#6103=CARTESIAN_POINT('Ctrl Pts',(-0.498422079545919,-3.64040366723409,
5.24941800892068));
#6104=CARTESIAN_POINT('Ctrl Pts',(0.0295630233329649,-3.23562098211821,
5.33403370556772));
#6105=CARTESIAN_POINT('Ctrl Pts',(0.5575481496135,-2.83083836413603,5.41864949850037));
#6106=CARTESIAN_POINT('Ctrl Pts',(1.08553325249238,-2.42605567902015,5.50326519514741));
#6107=CARTESIAN_POINT('Ctrl Pts',(-0.434986953565335,-3.70815013037489,
5.1859828829401));
#6108=CARTESIAN_POINT('Ctrl Pts',(0.0859446897331298,-3.29583460076484,
5.27765203916756));
#6109=CARTESIAN_POINT('Ctrl Pts',(0.606876357189513,-2.88351913909615,5.36932129092436));
#6110=CARTESIAN_POINT('Ctrl Pts',(1.12780800048798,-2.4712036094861,5.46099044715182));
#6111=CARTESIAN_POINT('Ctrl Pts',(-0.372423356454679,-3.77356273371156,
5.11943431422539));
#6112=CARTESIAN_POINT('Ctrl Pts',(0.141551742342417,-3.35397388835664,5.21850315060645));
#6113=CARTESIAN_POINT('Ctrl Pts',(0.655526841139513,-2.93438504300172,5.31757198698752));
#6114=CARTESIAN_POINT('Ctrl Pts',(1.16950193993661,-2.5147961976468,5.41664082336858));
#6115=CARTESIAN_POINT('Ctrl Pts',(-0.560823945891299,-3.56919896058865,
5.30983427080625));
#6116=CARTESIAN_POINT('Ctrl Pts',(-0.0262879519033774,-3.17262129830102,
5.38767575628174));
#6117=CARTESIAN_POINT('Ctrl Pts',(0.508248042084545,-2.7760436360134,5.46551724175723));
#6118=CARTESIAN_POINT('Ctrl Pts',(1.04278403607247,-2.37946597372577,5.54335872723272));
#6119=CARTESIAN_POINT('Ctrl Pts',(-0.861182094758534,-2.97531831093832,
4.83452962541282));
#6120=CARTESIAN_POINT('Ctrl Pts',(-0.290679470676616,-2.6432176593865,4.96577939905306));
#6121=CARTESIAN_POINT('Ctrl Pts',(0.279823153405303,-2.31111700783468,5.0970291726933));
#6122=CARTESIAN_POINT('Ctrl Pts',(0.850325777487221,-1.97901635628287,5.22827894633353));
#6123=CARTESIAN_POINT('Ctrl Pts',(-0.86065997242068,-2.97716305318109,4.83766312318219));
#6124=CARTESIAN_POINT('Ctrl Pts',(-0.290197022668374,-2.64487211476063,
4.96853247115187));
#6125=CARTESIAN_POINT('Ctrl Pts',(0.280210114491696,-2.31253431470254,5.09949382690341));
#6126=CARTESIAN_POINT('Ctrl Pts',(0.850673064244001,-1.98024337628209,5.2303631748731));
#6127=CARTESIAN_POINT('Ctrl Pts',(-0.851357353684015,-3.00693616479063,
4.88470357408238));
#6128=CARTESIAN_POINT('Ctrl Pts',(-0.281946785635163,-2.67130969952966,
5.010344027873));
#6129=CARTESIAN_POINT('Ctrl Pts',(0.287450081089324,-2.33567326043646,5.13601141426067));
#6130=CARTESIAN_POINT('Ctrl Pts',(0.856860649138176,-2.00004679517549,5.26165186805129));
#6131=CARTESIAN_POINT('Ctrl Pts',(-0.78199229812661,-3.16558699335829,5.05553178733232));
#6132=CARTESIAN_POINT('Ctrl Pts',(-0.2203352796264,-2.81224421613172,5.16212696218563));
#6133=CARTESIAN_POINT('Ctrl Pts',(0.341341409912844,-2.4589152849011,5.26868212510331));
#6134=CARTESIAN_POINT('Ctrl Pts',(0.902998428413054,-2.10557250767453,5.37527729995662));
#6135=CARTESIAN_POINT('Ctrl Pts',(-0.670958057131841,-3.37899959439688,
5.21383207851436));
#6136=CARTESIAN_POINT('Ctrl Pts',(-0.121655702442028,-3.00186502347841,
5.30268384481205));
#6137=CARTESIAN_POINT('Ctrl Pts',(0.427549878954186,-2.62465727818663,5.39171808817381));
#6138=CARTESIAN_POINT('Ctrl Pts',(0.976852233643999,-2.24752270726815,5.4805698544715));
#6139=CARTESIAN_POINT('Ctrl Pts',(-0.560823945891299,-3.56919896058865,
5.30983427080625));
#6140=CARTESIAN_POINT('Ctrl Pts',(-0.0238468563953755,-3.17081022484503,
5.3880312393599));
#6141=CARTESIAN_POINT('Ctrl Pts',(0.513130233100548,-2.77242148910141,5.46622820791355));
#6142=CARTESIAN_POINT('Ctrl Pts',(1.05010732259647,-2.37403275335779,5.5444251764672));
#6143=CARTESIAN_POINT('Origin',(1.48496748750484,0.,3.2453751275905));
#6144=CARTESIAN_POINT('Origin',(2.03763879505251,0.,3.79804643513817));
#6145=CARTESIAN_POINT('Ctrl Pts',(-1.3357749780477,-2.27909765825687,6.08278593581842));
#6146=CARTESIAN_POINT('Ctrl Pts',(-0.71468317731693,-2.02568092124703,6.0747380702658));
#6147=CARTESIAN_POINT('Ctrl Pts',(-0.0935913765861582,-1.77226418423719,
6.06669020471319));
#6148=CARTESIAN_POINT('Ctrl Pts',(0.527500424144614,-1.51884744722736,6.05864233916057));
#6149=CARTESIAN_POINT('Ctrl Pts',(-1.29368259082523,-2.37603980682745,6.0446785202));
#6150=CARTESIAN_POINT('Ctrl Pts',(-0.677271116979238,-2.11184389311388,
6.04086784587993));
#6151=CARTESIAN_POINT('Ctrl Pts',(-0.0608596344191375,-1.84764802338341,
6.03705728253301));
#6152=CARTESIAN_POINT('Ctrl Pts',(0.555551839426857,-1.58345210966985,6.03324660821294));
#6153=CARTESIAN_POINT('Ctrl Pts',(-1.25183601229187,-2.47161878681016,6.00283194166664));
#6154=CARTESIAN_POINT('Ctrl Pts',(-0.640077530706889,-2.19679528370311,
6.00367425960758));
#6155=CARTESIAN_POINT('Ctrl Pts',(-0.02831903990891,-1.92197182571863,6.00451668802278));
#6156=CARTESIAN_POINT('Ctrl Pts',(0.583439441676076,-1.64714832261158,6.00535900596372));
#6157=CARTESIAN_POINT('Ctrl Pts',(-1.2103405055303,-2.56559417381609,5.95735146330101));
#6158=CARTESIAN_POINT('Ctrl Pts',(-0.603195976702836,-2.28032140296116,
5.96325086965171));
#6159=CARTESIAN_POINT('Ctrl Pts',(0.00394855212462311,-1.99504863210623,
5.96915027600241));
#6160=CARTESIAN_POINT('Ctrl Pts',(0.611093080952083,-1.7097758612513,5.9750496823531));
#6161=CARTESIAN_POINT('Ctrl Pts',(-1.33374936378308,-2.27827117084103,6.08275968869803));
#6162=CARTESIAN_POINT('Ctrl Pts',(-0.713332767807183,-2.02512992963648,
6.07472057218555));
#6163=CARTESIAN_POINT('Ctrl Pts',(-0.0929161718312847,-1.77198868843192,
6.06668145567306));
#6164=CARTESIAN_POINT('Ctrl Pts',(0.527500424144614,-1.51884744722736,6.05864233916057));
#6165=CARTESIAN_POINT('Ctrl Pts',(-1.48831563202575,-1.76918166629146,5.46166316268003));
#6166=CARTESIAN_POINT('Ctrl Pts',(-0.847813285369361,-1.57170821213064,
5.5229132137458));
#6167=CARTESIAN_POINT('Ctrl Pts',(-0.207310938712975,-1.37423475796982,
5.58416326481155));
#6168=CARTESIAN_POINT('Ctrl Pts',(0.433191407943412,-1.17676130380901,5.64541331587732));
#6169=CARTESIAN_POINT('Ctrl Pts',(-1.48817655388345,-1.77023479678091,5.46517970464496));
#6170=CARTESIAN_POINT('Ctrl Pts',(-0.847676780447127,-1.57267094570613,
5.52601222893061));
#6171=CARTESIAN_POINT('Ctrl Pts',(-0.207215858443369,-1.37502563874673,
5.58691979983846));
#6172=CARTESIAN_POINT('Ctrl Pts',(0.433283914992957,-1.17746178767195,5.64775232412412));
#6173=CARTESIAN_POINT('Ctrl Pts',(-1.48520435666069,-1.78835890750688,5.51855005358745));
#6174=CARTESIAN_POINT('Ctrl Pts',(-0.845045965141644,-1.58875160372706,
5.57344268390787));
#6175=CARTESIAN_POINT('Ctrl Pts',(-0.204897536144173,-1.38912424247138,
5.62835868330993));
#6176=CARTESIAN_POINT('Ctrl Pts',(0.435260855374872,-1.18951693869156,5.68325131363035));
#6177=CARTESIAN_POINT('Ctrl Pts',(-1.45293847548631,-1.91037947565719,5.72647705626846));
#6178=CARTESIAN_POINT('Ctrl Pts',(-0.816389494658508,-1.69713652202597,
5.75818026879417));
#6179=CARTESIAN_POINT('Ctrl Pts',(-0.179826654806497,-1.48392119169859,
5.78984958558978));
#6180=CARTESIAN_POINT('Ctrl Pts',(0.456722326021302,-1.27067823806737,5.82155279811549));
#6181=CARTESIAN_POINT('Ctrl Pts',(-1.39482247910102,-2.09730573686606,5.93769650048354));
#6182=CARTESIAN_POINT('Ctrl Pts',(-0.764732816156122,-1.86325407805906,
5.94576095852614));
#6183=CARTESIAN_POINT('Ctrl Pts',(-0.13471180652696,-1.62906285546611,5.95397977365494));
#6184=CARTESIAN_POINT('Ctrl Pts',(0.495377856417941,-1.39501119665911,5.96204423169754));
#6185=CARTESIAN_POINT('Ctrl Pts',(-1.33374936378308,-2.27827117084103,6.08275968869803));
#6186=CARTESIAN_POINT('Ctrl Pts',(-0.710499476536704,-2.02397389533057,
6.07468385950122));
#6187=CARTESIAN_POINT('Ctrl Pts',(-0.0872495892903274,-1.7696766198201,
6.06660803030441));
#6188=CARTESIAN_POINT('Ctrl Pts',(0.53600029795605,-1.51537934430963,6.0585322011076));
#6189=CARTESIAN_POINT('Origin',(1.48496748750484,0.,3.2453751275905));
#6190=CARTESIAN_POINT('Origin',(2.03763879505251,0.,3.79804643513817));
#6191=CARTESIAN_POINT('Ctrl Pts',(0.316375337285196,-0.717996537419478,
5.51930989290548));
#6192=CARTESIAN_POINT('Ctrl Pts',(0.136078753304201,-0.750942360316098,
5.49694946644701));
#6193=CARTESIAN_POINT('Ctrl Pts',(-0.044217830675982,-0.783888183209916,
5.47458903997787));
#6194=CARTESIAN_POINT('Ctrl Pts',(-0.699806624665812,-0.903684752948563,
5.39328275727056));
#6195=CARTESIAN_POINT('Ctrl Pts',(-1.17509883467186,-0.990535499781007,
5.33433690098518));
#6196=CARTESIAN_POINT('Ctrl Pts',(-1.65039104467612,-1.07738624660724,5.27539104467612));
#6197=CARTESIAN_POINT('Ctrl Pts',(-1.64227912601105,-1.16236921445128,5.6276599550363));
#6198=CARTESIAN_POINT('Ctrl Pts',(-0.987173192436657,-1.03313654350911,
5.670213994683));
#6199=CARTESIAN_POINT('Ctrl Pts',(-0.332067258862266,-0.903903872566929,
5.7127680343297));
#6200=CARTESIAN_POINT('Ctrl Pts',(0.323038674712126,-0.774671201624753,
5.7553220739764));
#6201=CARTESIAN_POINT('Ctrl Pts',(-1.64499560268768,-1.13391056495165,5.50969399428103));
#6202=CARTESIAN_POINT('Ctrl Pts',(-0.989587650157425,-1.00784193796429,
5.5653635362992));
#6203=CARTESIAN_POINT('Ctrl Pts',(-0.334179697627171,-0.881773310976924,
5.62103307831738));
#6204=CARTESIAN_POINT('Ctrl Pts',(0.321228254903079,-0.75570468398956,5.67670262033555));
#6205=CARTESIAN_POINT('Ctrl Pts',(-1.6477120793643,-1.10545191545202,5.39172803352576));
#6206=CARTESIAN_POINT('Ctrl Pts',(-0.99200210787819,-0.98254733241947,5.4605130779154));
#6207=CARTESIAN_POINT('Ctrl Pts',(-0.33629213639208,-0.859642749386919,
5.52929812230505));
#6208=CARTESIAN_POINT('Ctrl Pts',(0.319417835094033,-0.736738166354367,
5.5980831666947));
#6209=CARTESIAN_POINT('Ctrl Pts',(-1.65042855604093,-1.07699326595239,5.27376207277048));
#6210=CARTESIAN_POINT('Ctrl Pts',(-0.994416565598957,-0.957252726874652,
5.3556626195316));
#6211=CARTESIAN_POINT('Ctrl Pts',(-0.338404575156986,-0.837512187796913,
5.43756316629272));
#6212=CARTESIAN_POINT('Ctrl Pts',(0.317607415284986,-0.717771648719173,
5.51946371305385));
#6213=CARTESIAN_POINT('Ctrl Pts',(-1.64043490095517,-1.16208457325973,5.62811420825953));
#6214=CARTESIAN_POINT('Ctrl Pts',(-0.98594213418237,-1.03296406511976,5.67059125624021));
#6215=CARTESIAN_POINT('Ctrl Pts',(-0.331449367409573,-0.903843556979787,
5.71306830422089));
#6216=CARTESIAN_POINT('Ctrl Pts',(0.323043399363223,-0.774723048839817,
5.75554535220157));
#6217=CARTESIAN_POINT('Ctrl Pts',(-1.68096422566386,-1.01076123089803,6.42997455057881));
#6218=CARTESIAN_POINT('Ctrl Pts',(-1.018959772011,-0.897941727867017,6.38314318340415));
#6219=CARTESIAN_POINT('Ctrl Pts',(-0.356955318358147,-0.785122224835999,
6.33631181622949));
#6220=CARTESIAN_POINT('Ctrl Pts',(0.305049135294708,-0.672302721804982,
6.28948044905483));
#6221=CARTESIAN_POINT('Ctrl Pts',(-1.66679030618542,-1.10448554965718,6.20966432756794));
#6222=CARTESIAN_POINT('Ctrl Pts',(-1.00637636430705,-0.981139030816704,
6.1874047008177));
#6223=CARTESIAN_POINT('Ctrl Pts',(-0.345937095713184,-0.857989497349901,
6.16520184497079));
#6224=CARTESIAN_POINT('Ctrl Pts',(0.314476846165187,-0.73464297850943,6.14294221822056));
#6225=CARTESIAN_POINT('Ctrl Pts',(-1.65472517564196,-1.17635300725286,5.90137124477154));
#6226=CARTESIAN_POINT('Ctrl Pts',(-0.995645629704249,-1.0450803654879,5.91355009698919));
#6227=CARTESIAN_POINT('Ctrl Pts',(-0.336577639199019,-0.913717896295463,
5.92570378086873));
#6228=CARTESIAN_POINT('Ctrl Pts',(0.322501906738688,-0.782445254530502,
5.93788263308638));
#6229=CARTESIAN_POINT('Ctrl Pts',(-1.6530599522466,-1.17410503093376,5.67312919041426));
#6230=CARTESIAN_POINT('Ctrl Pts',(-0.994172282099171,-1.04303663121719,
5.71077122605158));
#6231=CARTESIAN_POINT('Ctrl Pts',(-0.335278148487549,-0.912018424165345,
5.74842654910212));
#6232=CARTESIAN_POINT('Ctrl Pts',(0.323609521659885,-0.780950024448773,
5.78606858473944));
#6233=CARTESIAN_POINT('Ctrl Pts',(-1.6538346199019,-1.16536267500622,5.6299238656366));
#6234=CARTESIAN_POINT('Ctrl Pts',(-0.994858716497301,-1.03528379480892,
5.67239199494696));
#6235=CARTESIAN_POINT('Ctrl Pts',(-0.33588164801852,-0.905213970806705,
5.71486265212148));
#6236=CARTESIAN_POINT('Ctrl Pts',(0.323094255386081,-0.775135090609401,
5.75733078143185));
#6237=CARTESIAN_POINT('Ctrl Pts',(-1.65389322289956,-1.16473967573968,5.62724075355385));
#6238=CARTESIAN_POINT('Ctrl Pts',(-0.99491038996687,-1.03473335242561,5.67000921003496));
#6239=CARTESIAN_POINT('Ctrl Pts',(-0.335927557034178,-0.904727029111537,
5.71277766651608));
#6240=CARTESIAN_POINT('Ctrl Pts',(0.323055275898513,-0.774720705797465,
5.75554612299719));
#6241=CARTESIAN_POINT('Ctrl Pts',(-1.68096422566385,-1.01076123089805,6.42997455057881));
#6242=CARTESIAN_POINT('Ctrl Pts',(-1.02196820059009,-0.898454427464932,
6.38335600496846));
#6243=CARTESIAN_POINT('Ctrl Pts',(-0.36297217551633,-0.786147624031815,
6.33673745935811));
#6244=CARTESIAN_POINT('Ctrl Pts',(0.296023849557431,-0.673840820598699,
6.29011891374776));
#6245=CARTESIAN_POINT('Ctrl Pts',(-1.72689831348153,-0.679896791547434,
6.47390927125224));
#6246=CARTESIAN_POINT('Ctrl Pts',(-1.06231684521722,-0.604297913283838,
6.4223717381661));
#6247=CARTESIAN_POINT('Ctrl Pts',(-0.397735376952919,-0.528699035020242,
6.37083420507995));
#6248=CARTESIAN_POINT('Ctrl Pts',(0.266846091311386,-0.453100156756646,
6.3192966719938));
#6249=CARTESIAN_POINT('Ctrl Pts',(-1.71227633972576,-0.790778604417677,
6.46327226910053));
#6250=CARTESIAN_POINT('Ctrl Pts',(-1.04932071385235,-0.702850584213541,
6.41291744275304));
#6251=CARTESIAN_POINT('Ctrl Pts',(-0.386365087047058,-0.614922578901731,
6.36256273516093));
#6252=CARTESIAN_POINT('Ctrl Pts',(0.276590538826353,-0.526994558697595,
6.31220790881344));
#6253=CARTESIAN_POINT('Ctrl Pts',(-1.69766992095045,-0.901281630374225,
6.44866585032522));
#6254=CARTESIAN_POINT('Ctrl Pts',(-1.03633840763068,-0.801066590714384,
6.39993513653137));
#6255=CARTESIAN_POINT('Ctrl Pts',(-0.375006893204878,-0.700851567264274,
6.35120454131875));
#6256=CARTESIAN_POINT('Ctrl Pts',(0.286324620114901,-0.600636527604433,
6.3024738275249));
#6257=CARTESIAN_POINT('Ctrl Pts',(-1.68311579890895,-1.01112790429867,6.43012675667967));
#6258=CARTESIAN_POINT('Ctrl Pts',(-1.02340258275349,-0.89869887639868,6.38345747570236));
#6259=CARTESIAN_POINT('Ctrl Pts',(-0.363689366598031,-0.786269848498689,
6.33678819472506));
#6260=CARTESIAN_POINT('Ctrl Pts',(0.296023849557431,-0.673840820598699,
6.29011891374776));
#6261=CARTESIAN_POINT('Origin',(1.48496748750484,0.,3.2453751275905));
#6262=CARTESIAN_POINT('Origin',(2.03763879505251,0.,3.79804643513817));
#6263=CARTESIAN_POINT('Origin',(1.48496748750484,0.,3.2453751275905));
#6264=CARTESIAN_POINT('Origin',(2.03763879505251,0.,3.79804643513817));
#6265=CARTESIAN_POINT('Origin',(1.48496748750484,0.,3.2453751275905));
#6266=CARTESIAN_POINT('Origin',(2.03763879505251,0.,3.79804643513817));
#6267=CARTESIAN_POINT('Origin',(1.48496748750484,0.,3.2453751275905));
#6268=CARTESIAN_POINT('Origin',(2.03763879505251,0.,3.79804643513817));
#6269=CARTESIAN_POINT('Origin',(1.48496748750484,0.,3.2453751275905));
#6270=CARTESIAN_POINT('Origin',(2.03763879505251,0.,3.79804643513817));
#6271=CARTESIAN_POINT('Origin',(1.48496748750484,0.,3.2453751275905));
#6272=CARTESIAN_POINT('Origin',(2.03763879505251,0.,3.79804643513817));
#6273=CARTESIAN_POINT('Origin',(1.48496748750484,0.,3.2453751275905));
#6274=CARTESIAN_POINT('Origin',(2.03763879505251,0.,3.79804643513817));
#6275=CARTESIAN_POINT('Origin',(1.48496748750484,0.,3.2453751275905));
#6276=CARTESIAN_POINT('Origin',(2.03763879505251,0.,3.79804643513817));
#6277=CARTESIAN_POINT('Origin',(1.48496748750484,0.,3.2453751275905));
#6278=CARTESIAN_POINT('Origin',(2.03763879505251,0.,3.79804643513817));
#6279=CARTESIAN_POINT('Origin',(3.83221601682879,0.,2.00346921336188));
#6280=CARTESIAN_POINT('Origin',(2.03763879505251,0.,3.79804643513817));
#6281=CARTESIAN_POINT('Origin',(1.48496748750484,0.,3.2453751275905));
#6282=UNCERTAINTY_MEASURE_WITH_UNIT(LENGTH_MEASURE(0.01),#6286,
'DISTANCE_ACCURACY_VALUE',
'Maximum model space distance between geometric entities at asserted c
onnectivities');
#6283=UNCERTAINTY_MEASURE_WITH_UNIT(LENGTH_MEASURE(0.01),#6286,
'DISTANCE_ACCURACY_VALUE',
'Maximum model space distance between geometric entities at asserted c
onnectivities');
#6284=(
GEOMETRIC_REPRESENTATION_CONTEXT(3)
GLOBAL_UNCERTAINTY_ASSIGNED_CONTEXT((#6282))
GLOBAL_UNIT_ASSIGNED_CONTEXT((#6286,#6288,#6289))
REPRESENTATION_CONTEXT('','3D')
);
#6285=(
GEOMETRIC_REPRESENTATION_CONTEXT(3)
GLOBAL_UNCERTAINTY_ASSIGNED_CONTEXT((#6283))
GLOBAL_UNIT_ASSIGNED_CONTEXT((#6286,#6288,#6289))
REPRESENTATION_CONTEXT('','3D')
);
#6286=(
LENGTH_UNIT()
NAMED_UNIT(*)
SI_UNIT(.MILLI.,.METRE.)
);
#6287=(
LENGTH_UNIT()
NAMED_UNIT(*)
SI_UNIT($,.METRE.)
);
#6288=(
NAMED_UNIT(*)
PLANE_ANGLE_UNIT()
SI_UNIT($,.RADIAN.)
);
#6289=(
NAMED_UNIT(*)
SI_UNIT($,.STERADIAN.)
SOLID_ANGLE_UNIT()
);
#6290=SHAPE_DEFINITION_REPRESENTATION(#6291,#6292);
#6291=PRODUCT_DEFINITION_SHAPE('',$,#6294);
#6292=SHAPE_REPRESENTATION('',(#2252),#6284);
#6293=PRODUCT_DEFINITION_CONTEXT('part definition',#6298,'design');
#6294=PRODUCT_DEFINITION('2026-09-19-16-07-46-216','car_Component34',#6295,
#6293);
#6295=PRODUCT_DEFINITION_FORMATION('',$,#6300);
#6296=PRODUCT_RELATED_PRODUCT_CATEGORY('car_Component34',
'car_Component34',(#6300));
#6297=APPLICATION_PROTOCOL_DEFINITION('international standard',
'automotive_design',2009,#6298);
#6298=APPLICATION_CONTEXT(
'Core Data for Automotive Mechanical Design Process');
#6299=PRODUCT_CONTEXT('part definition',#6298,'mechanical');
#6300=PRODUCT('2026-09-19-16-07-46-216','car_Component34',$,(#6299));
#6301=PRESENTATION_STYLE_ASSIGNMENT((#6302));
#6302=SURFACE_STYLE_USAGE(.BOTH.,#6303);
#6303=SURFACE_SIDE_STYLE('',(#6304));
#6304=SURFACE_STYLE_FILL_AREA(#6305);
#6305=FILL_AREA_STYLE('Steel - Satin',(#6306));
#6306=FILL_AREA_STYLE_COLOUR('Steel - Satin',#6307);
#6307=COLOUR_RGB('Steel - Satin',0.627450980392157,0.627450980392157,0.627450980392157);
ENDSEC;
END-ISO-10303-21;
